Rock_Type,Porosity,Permeability,Trap_Type,Seismic_Score,Proximity_to_Oil_Field,Estimated_Reservoir_Depth,Oil_Presence
Limestone,17.667992248366925,834.2774716830587,None,0.7059325391660635,2.431354554240388,2228.0,1
Limestone,27.66575784153853,578.1580343906811,None,0.5458064856189166,2.6061575229330955,1610.0,0
Sandstone,28.85594623043996,404.79068472927247,None,0.1675304883042765,1.1431362932448643,2344.0,0
Sandstone,0.4109565122674363,887.8366734954275,Dome,0.026851954,2.6735317963985428,2278.5,0
Shale,16.490538409697347,562.2888023922533,None,0.4735519079754193,2.0644401493267903,2099.0,0
Shale,16.654791893704644,979.1547836002072,Anticline,0.044456614,4.927771473864251,3556.0000000000005,1
Limestone,8.342985451990693,928.3754712170636,Fault,0.8548883812458589,0.4393391793391438,2138.0,0
Shale,13.11154565526563,263.80664411970764,Fault,0.3750412944949018,4.602918595445432,3424.0,0
Shale,18.167926117366633,692.010774527086,Fault,0.411636664453557,0.6728042533643176,867.0,0
Sandstone,28.418999982602006,728.1063284167923,Anticline,0.1943209733839072,4.097615610479682,927.2159674543553,0
Limestone,15.42467353921598,33.59159718497384,Fault,0.7515463074381062,2.568435092192728,2909.0000000000005,1
Limestone,8.582697660937818,734.7339174894475,Fault,0.24809599725555254,2.2506135536012826,989.0,1
Shale,12.221468373574211,512.6988057934744,Anticline,0.002468503,3.7594271430948205,3371.0000000000005,0
Sandstone,14.973259743228196,634.1815908237148,Fault,0.8700732869876692,4.130235932686231,4155.0,1
Limestone,21.51361705416581,481.2427330125042,Fault,0.4435376587527064,2.456810699632477,2487.4,1
Sandstone,27.100080195681155,415.34959468715306,Fault,0.262535695495924,3.0476147681108103,1723.5000000000002,0
Limestone,10.69705422905264,989.5304395413664,Fault,0.1510131174271062,1.1960002058466537,2433.4999999999995,0
Sandstone,18.199804212916657,286.0760246118568,None,0.972293584,0.565441445,915.9999999999999,0
Sandstone,24.68108765151619,926.2819662,Fault,0.5663996947604685,3.502660577959986,2410.5,0
Sandstone,16.793871665392928,280.28618001446654,Anticline,0.3683973702210215,3.849460654093752,889.0,0
Sandstone,24.16577740728171,930.5987384063446,Dome,0.6566489242366188,4.622035604,2735.8,1
Shale,12.704460277479985,268.5770756383549,Anticline,0.3998664630365941,0.9394875997220088,618.0,0
Limestone,24.56240431152575,944.7225119992198,Fault,0.5703565075052258,1.4188697847764546,2681.399999999999,1
Limestone,27.45501413923665,85.54256832457025,Anticline,0.0424307372486445,4.491105152302406,1853.0,0
Shale,22.04277866548136,467.3440950980539,Anticline,0.057552712902737724,0.9246253835458446,3171.0,0
Shale,15.881718640426001,818.0587612502019,Fault,0.40116516,2.7263179709078265,2422.2000000000003,1
Limestone,19.19325604711268,377.14768351190975,Fault,0.43696596508391694,0.6082851335375653,2923.7999999999997,1
Limestone,8.677317084590046,700.541891825313,None,0.4283518101139932,4.474661893329106,3630.0000000000005,0
Shale,23.646027896001183,873.5996978849483,Anticline,0.05055571,0.7842682618428609,2996.747467010437,1
Limestone,7.665344425761485,805.2062877826419,None,0.32447624530452623,1.5914257655823412,3286.2000000000007,0
Sandstone,6.939425467868805,775.5227203791055,Dome,0.9464028250221004,0.6530452377138107,2278.5,1
Limestone,25.654960349144183,367.62936996876505,Anticline,0.49654832411185074,3.5295905529913747,4751.0,0
Shale,11.50791923192176,231.15316313769847,Fault,0.8837599988343822,3.1724216425110296,1979.0,0
Limestone,8.629328739685269,648.0276048073877,None,0.6993958171621968,2.080402385844163,3187.7999999999993,0
Sandstone,1.3574756705666358,490.9560134610545,None,0.5668191233856312,2.7424322304795763,1744.183650113835,0
Sandstone,10.523328690309365,477.26636941708296,Anticline,0.8597078169483907,4.590473966002695,3606.5000000000005,1
Limestone,16.751541501488095,486.95964594105936,None,0.37906250481745224,2.677574508,3415.4,0
Sandstone,27.562419144127546,449.1646395768422,Fault,0.8214021435154072,3.4817060187165785,1924.0,1
Sandstone,13.607184288455244,403.8571608012647,Fault,0.093827307,3.1855441048078865,2818.0000000000005,0
Sandstone,1.7844048932516865,680.0608172985144,Anticline,0.1274218279575865,1.978923909869468,4066.0000000000005,0
Limestone,4.7534411156971785,514.9651624888995,Dome,0.8303256805947012,4.261122900390785,3297.5,0
Shale,21.796614345569548,375.976608779316,Dome,0.6986102220544285,2.392323062416887,1883.0,0
Shale,13.10273453541225,843.4136662284454,Fault,0.36343287705122623,1.1534806172432643,2371.0000000000005,0
Shale,10.49410063534738,945.4210062567576,Anticline,0.785467266,3.545866082218716,2307.0,0
Sandstone,17.314726369647794,492.4213650163544,Fault,0.6908950138809199,4.955003200466857,1072.0,0
Shale,13.472959050358273,860.8659355444238,Dome,0.6703759104353387,0.1702469077678126,2811.0,0
Limestone,19.49856294497668,720.3602401063491,Fault,0.6904383687849167,4.120968983332601,2404.2,0
Sandstone,8.231538156077624,384.7227078611164,Anticline,0.3645701572242519,2.0169475581130247,3676.0000000000005,0
Sandstone,16.723229014907997,301.5053549243487,Fault,0.4003445182163753,2.054822582002169,2929.0,0
Limestone,13.902907557257578,543.6677761516655,None,0.8539461723304547,2.7302220090031075,3166.0000000000005,1
Sandstone,24.51321297500284,757.6177836364245,Dome,0.4658122673719193,1.4925169527352444,2646.6,1
Shale,22.89450173236684,920.6326118556076,Dome,0.8182675681595905,2.634577229,3786.0,0
Shale,3.403865751197221,734.6491733321297,None,0.2329575268227728,0.2641072144222833,915.9999999999999,0
Sandstone,2.3694179809869507,464.8083399532655,None,0.036851821,4.842628157556095,4928.0,0
Limestone,12.023585209430179,65.94048392,Anticline,0.3549232709728912,2.24360686735593,3069.8,0
Sandstone,27.349160692059105,329.9445653009475,Anticline,0.9533860725310008,1.6503539641449603,3211.0000000000005,1
Sandstone,23.780777185481337,491.11581882275385,Fault,0.7531525089812836,0.9466847258948884,4196.0,1
Sandstone,10.783938655618307,963.8790087422656,None,0.1436027256547114,1.9811137006628776,3924.0,0
Sandstone,23.449063363296315,492.220860916582,Fault,0.7496685021052901,2.7327713561193843,1723.5,1
Limestone,19.00376392489093,395.034538510887,Fault,0.49658415826825736,1.9449504334705534,2403.0,1
Limestone,3.216671826254624,769.7815540435085,None,0.093585341,2.0662414314884043,4844.0,0
Limestone,1.4117513838005669,357.8609667314634,Anticline,0.1276023083151414,4.130551646787951,2731.9999999999995,0
Limestone,17.182269148150148,981.8954190562532,Dome,0.5626189692835876,1.3635980492912108,784.0,1
Shale,10.230605167681016,510.9937024097908,Fault,0.6990409031045587,4.172744499574079,2304.6,0
Limestone,1.3920865804537697,209.87575731657128,Fault,0.3717660508266061,4.854603534973963,2546.9852517050053,0
Shale,12.649356247310802,91.0235193,Anticline,0.6228761490206036,3.4793671884872603,739.0,0
Shale,2.68698072948932,761.0027462034302,Fault,0.9651525524330384,0.9849652791947028,2819.5,0
Limestone,18.34939258169977,182.51130848395377,Anticline,0.631498836751241,1.3960376948213418,581.0,1
Limestone,1.442769312361063,469.3667032368525,None,0.3238960277710513,2.3309790261852106,4353.000000000001,1
Sandstone,1.1309317474455838,217.79476120431355,Anticline,0.3824577834543116,3.3997246112390385,3603.000000000001,0
Limestone,9.592295862230849,661.5721498786039,None,0.924428752,0.8397710218370713,4839.0,0
Limestone,1.712842815296518,799.1659376312119,Dome,0.5195956326039297,2.987010477696605,3501.0,1
Shale,12.731747652940246,542.4816514773169,Anticline,0.8438589879562556,3.038809915092034,3598.0000000000005,0
Sandstone,14.339986351629342,823.2724847,Dome,0.9088747762369326,4.785082165674167,1920.339223275653,1
Sandstone,28.26473751,975.8762272642452,None,0.528607823,1.3218214234291292,2191.0,0
Shale,15.861630227870963,86.54360149780703,Fault,0.933811275,0.35404500026310726,2330.75,0
Limestone,8.188499841944635,425.2543334060401,None,0.789180652,1.5606939583163577,1815.0372206201685,0
Shale,25.749912953427742,161.88516874571937,Anticline,0.9116078569574888,1.09191065128162,4376.0,0
Limestone,20.55463573394394,846.5887411309996,Fault,0.6150113313691719,3.5084786013352405,3247.6,0
Sandstone,3.5103517457383857,471.1857756447231,Fault,0.5867114391456515,2.7049363873023307,1117.0,1
Sandstone,16.75334116014204,478.7382488781492,Fault,0.5685194387874326,4.379370293002227,2477.3999999999996,0
Limestone,2.482149104612147,658.9638864541313,Anticline,0.5673608506813306,4.403783073716316,2408.0,1
Sandstone,0.5511496361431323,53.40803241908207,Dome,0.6566489242366188,3.00072019216257,2735.8,0
Limestone,13.420516470168767,444.2715538511193,Fault,0.0309809532778618,3.275584650696701,1147.4095746645387,0
Shale,23.595776613107738,576.1738895646441,None,0.635897117,4.027688190407572,1949.5,0
Sandstone,3.427114157741875,767.1619974228103,None,0.42961607800876594,2.692485799980492,3565.0,0
Sandstone,17.153956824969637,360.65592713995517,None,0.4558507683613963,1.9448582065412667,2743.0,1
Shale,6.771831715173823,277.7208206362613,None,0.6183533789785556,4.529201460711521,3078.0,1
Shale,1.3930096644843692,95.67612070042756,Dome,0.43115100910911447,0.3200392626465576,3836.0,0
Limestone,28.226288024841267,299.0821330479075,Anticline,0.1530848188414082,4.485118235163952,1041.0,0
Sandstone,3.183762556947073,327.0861332482633,Anticline,0.6435375145433193,1.9247043117865263,3139.0,0
Limestone,11.144578309783029,72.74276918015178,None,0.7422218355242104,4.798270978604871,1810.1318717739177,0
Shale,16.931861410169688,262.3631814855381,Fault,0.6395403505502881,1.820055276742264,1724.0,0
Limestone,10.69705422905264,800.6104516311846,Fault,0.3393125961930803,2.2949225346733444,2433.4999999999995,0
Limestone,11.658928368213084,708.541665775306,None,0.500258100097893,2.8235325963060642,3869.0000000000005,0
Shale,0.3148092341983333,598.4739920980433,None,0.5386691289674194,2.3176134552620886,3161.2000000000003,0
Limestone,22.55028516068758,799.9629800524445,None,0.48152982810727346,1.380931449627795,3013.0095501238384,0
Limestone,11.630854645170205,439.4698314660326,Anticline,0.653530486310051,3.5742338760508523,4531.999999999999,0
Sandstone,6.981793821125681,413.45967898826615,Anticline,0.6233328588044345,3.1997246759999998,3927.0000000000005,1
Sandstone,20.22592868594789,30.76996396585368,None,0.2464342807936556,3.9011378203328735,1307.0,0
Shale,4.937978210987241,63.908437324966734,Fault,0.4867079448557909,3.079180529258252,3192.0000000000005,0
Shale,18.897042378033788,420.8122052020683,Fault,0.7299256078573148,1.698923054401658,3521.0000000000005,0
Sandstone,8.896127689,564.1146823883178,Anticline,0.494980792352447,2.861539357278404,2954.0000000000005,1
Sandstone,10.976952941051325,475.5608026309232,Anticline,0.9482686497881704,1.7252217756636372,2274.0,1
Limestone,13.626432592957425,492.0146531708977,Anticline,0.6448478776969538,2.8440109840844388,3321.4,1
Shale,0.11742317206171908,400.8437522552335,Anticline,0.068410485,3.226329795332583,2584.25,0
Sandstone,7.597584508971486,439.71133004746054,Fault,0.3812351856571038,3.489806946082765,3730.0,0
Sandstone,5.076091550317554,212.8819820621462,Fault,0.9116035178596232,4.583906123905556,1029.0,1
Shale,5.833429332950658,265.0428399115645,Anticline,0.7580406561570396,0.22545985955689013,3489.0,0
Limestone,19.281991204985744,620.4090735428134,Dome,0.6728679604557496,0.1689407771725964,4510.0,1
Limestone,20.68749196599689,483.0285575569968,Fault,0.5020576469023181,1.266669603204824,634.0114347461637,0
Sandstone,19.84343449839304,118.15449778435668,Anticline,0.6014901356630435,3.207329355529948,2127.0000000000005,1
Shale,18.471781603355183,354.0160900822093,Dome,0.41943987648995046,1.546047661591784,3891.0,0
Shale,12.763455688526959,568.1794946359258,Fault,0.3778275579901625,0.0340997250127639,4218.000000000001,0
Shale,16.422445211391775,852.2956000522116,Fault,0.2728170787634203,0.5631636020574088,3885.0000000000005,0
Sandstone,7.698891581796506,658.5043140498072,Anticline,0.7897302916754999,3.2979211090637808,4997.0,1
Shale,13.519176601809926,509.2136247062724,Fault,0.5770290374440112,2.8387870236899917,3424.0,0
Sandstone,2.0940196384388674,743.1559152843336,Anticline,0.41672031641083657,1.4104653840781969,1843.2000000000003,1
Sandstone,9.098488182135814,21.471554831096483,Dome,0.5020003971362369,1.4733356084573574,3596.0000000000005,0
Limestone,11.47453381747783,970.2175365819662,Dome,0.4618422923253076,2.5180392690000004,3610.0,1
Shale,17.27145272566833,556.6563125358617,Anticline,0.6225540550295415,4.789580434201964,3861.0,1
Sandstone,28.541905859373184,35.845425514207626,Anticline,0.960862816,3.112249015168726,4539.0,1
Shale,24.99102792,772.2839753635286,None,0.6588872657669321,0.5210321876892565,1974.9224039992314,0
Shale,15.527355086624267,452.7787344314549,Dome,0.9211471375918332,1.5817931807210879,2760.0000000000005,0
Sandstone,1.680069268170005,511.2025736580863,Fault,0.1127305321295289,1.9323037207439706,2410.5,0
Sandstone,8.402761298929642,989.1900540345654,Anticline,0.5562377257002904,2.4336402408483155,2947.0,0
Sandstone,24.129141388665506,239.6898882607808,Dome,0.9973573486647108,4.294228598346688,2250.0,1
Sandstone,24.745613024613107,114.36016398981168,Dome,0.4151217574978261,1.3737954837918944,2211.6,0
Limestone,14.31144675538064,478.7024430128539,Fault,0.8915732810387438,4.403415235255876,1089.0,1
Sandstone,9.738275055304848,601.5341819190802,Dome,0.6094464071756721,1.874549190044989,2434.0,1
Shale,2.151952134447251,531.3811900523541,None,0.85030881,3.951191468294947,1218.0,1
Shale,9.449371012729523,504.4841274820762,Fault,0.1640217446287633,2.535959440090656,3809.0000000000005,0
Sandstone,28.82488251240565,572.3107056778439,Dome,0.4382092811112116,4.292051269,1487.0,1
Limestone,28.16630925426819,357.8609667314634,Anticline,0.2701470804941095,4.130551646787951,3929.0000000000005,0
Shale,26.33541933049693,103.2979494462052,Fault,0.7727564386560676,3.803879566692749,3424.0,0
Limestone,17.972954265460107,429.2481446033329,Fault,0.061113576,1.0677837074784102,3088.0000000000005,0
Sandstone,8.232351630011255,712.4795365249507,Dome,0.5717191004250424,2.2527738065388543,550.0,1
Limestone,18.53599963,635.2013198232381,Anticline,0.7712572199178752,2.879768994014751,2874.0,1
Sandstone,29.843248637217183,191.3691873228467,Anticline,0.6212617559255493,3.3444611360984178,1899.0,1
Sandstone,2.402685290134837,680.6687413108,Dome,0.6607410387338439,1.918835094969682,2625.3999999999996,1
Limestone,23.56500876934754,54.29564555531089,Fault,0.6623298603310639,1.001343030892115,3364.0,0
Sandstone,13.072030705299229,907.3584471020029,None,0.6838251043580197,4.690083632946352,2692.0,0
Shale,9.335842134120275,318.8545188,Anticline,0.5205739373148293,0.7160357775996863,4243.0,0
Limestone,23.585322100780186,305.3311964612831,Dome,0.6445788958808689,3.353859668080712,4430.000000000001,0
Shale,6.911852145436932,470.33875432001815,Anticline,0.049478191,3.6707369854904655,1514.0,0
Shale,22.722753101199743,920.6330983935661,Dome,0.1699424910749837,4.667940262081066,2292.0,1
Limestone,13.01334823221461,565.7373888,None,0.981816702354268,1.4984032320831184,4058.0,0
Limestone,12.119288499092509,18.30864578394136,Dome,0.9518083880692424,2.9816685423130975,4047.0000000000005,1
Limestone,13.507088600178518,469.3667227111651,None,0.5637751984296409,1.7668078577046198,816.0,1
Limestone,11.095955299856064,535.5853871657315,Anticline,0.2283104256251781,2.9538402978824143,3078.0,0
Limestone,12.988516482899346,742.0849391427196,Dome,0.4359093242363593,1.7166546957621271,809.0,0
Shale,8.183816780995373,726.8814131600938,Fault,0.6514787668852333,2.1808998470901213,3424.0,0
Shale,21.057146134297284,263.558877592587,Anticline,0.680910262306926,2.873584684742015,2916.4,0
Sandstone,1.610912357979205,868.5941164,None,0.6695972165770953,3.011991590972783,1682.0,0
Limestone,14.82848957836772,856.8645914216247,Dome,0.5942535671999187,2.1956516856364976,1814.2,0
Shale,29.896969688669472,256.8323378121853,Anticline,0.5055411497732909,4.236888217278537,2856.2554337310876,0
Shale,8.014957877639697,594.8149744252639,Anticline,0.15996476311049182,4.771288728729319,740.0,0
Shale,14.239720861977823,39.85691643457932,Dome,0.5808163505183862,0.3975179160306902,3281.399999999999,0
Sandstone,11.704666132226889,413.22557426534206,None,0.7470540820893272,0.307437505,3212.9999999999995,0
Sandstone,10.849412845231337,219.52158278098892,Fault,0.6294785139623463,3.449729553067786,2039.0749236670215,0
Shale,17.91137709866614,8.776186298698189,Dome,0.2131785292232831,1.646064153389806,3986.0,0
Sandstone,16.625629530143733,632.1300823214216,Dome,0.28724319035010853,1.8801264162162636,2196.0,1
Limestone,19.7501826368245,653.1588749016024,Dome,0.6694708988116058,1.0675739066455936,1525.0,1
Limestone,14.86039600388661,419.6556084423155,Anticline,0.5693469444930521,2.851024565710947,4459.000000000001,0
Shale,3.425513407113965,920.6336172,Dome,0.7189729393064442,0.8743759230466708,4223.0,0
Shale,8.878928397013766,536.6135872835517,Anticline,0.41604651954255173,1.8099882469440647,3048.0,0
Shale,21.92784108,920.6326770942684,Dome,0.70656634,4.027082253138323,2876.0000000000005,0
Shale,0.7233058022600047,138.62516646912113,Anticline,0.5694582351929555,2.844929239822302,3164.5,0
Shale,12.073100222601166,791.7956858575739,Fault,0.8190320208363729,2.6694130199331165,1635.0,0
Limestone,18.23588472242941,123.71713887824708,None,0.49116702453862154,1.3753357385225478,2753.0,0
Limestone,0.7489866636017151,56.69384887185768,Dome,0.3871308932722845,0.1556007285162419,3906.0,0
Sandstone,17.760505283671886,692.5650668768297,Dome,0.4712369928003699,1.6851631327588057,2731.1620988873537,0
Sandstone,9.040711765753144,945.0202437771518,Anticline,0.9050139458677754,0.8758687055945187,1450.765987043609,1
Shale,15.3044514136897,369.1030434134148,Dome,0.4594211712251466,0.7250708416122431,3955.666666666667,0
Sandstone,15.249612252178759,632.175715150175,Dome,0.6408723774527126,1.7227133339929628,4865.0,1
Sandstone,27.84042710188143,530.399154387467,Fault,0.4309755247668423,3.091556547295417,554.0,0
Shale,15.997541978373079,11.335250876227247,Anticline,0.7970628832022295,3.5458654581894518,1824.0,0
Sandstone,14.400555295338629,657.5541115039567,None,0.528147881,3.3721673620773545,2499.0000000000005,1
Limestone,21.76434102046461,384.19767129071465,Anticline,0.3715247117510478,2.403519923349815,2580.75,1
Shale,18.897042378033788,420.8122052020684,Fault,0.8760044134647508,2.5637739203995604,4618.0,0
Shale,3.8920989283944323,887.6748959542704,Fault,0.7846041253444681,0.3032103872583763,4792.0,0
Sandstone,23.570074496334577,990.2476462032308,Dome,0.4261464082805019,1.5403799799483204,2278.5,0
Limestone,13.291780869912632,260.80268529414843,None,0.2817164753332108,2.5869009172672524,1810.1309091803328,0
Sandstone,6.381808983908193,916.7096556960012,Fault,0.006393752,2.160777275543176,2727.0,0
Limestone,20.432852837625457,641.8681702774422,Dome,0.4639471897642874,2.7759029982182177,2156.0,0
Shale,13.25146020015383,253.02668061725961,Anticline,0.9537693962128272,2.6377897000372714,3122.9999999999995,0
Limestone,16.099380877795305,360.7715560861005,None,0.30059519636538745,3.2812183253614866,3197.000000000001,0
Sandstone,11.878847662428146,857.3357606332189,Anticline,0.5331320505993339,3.5521790412043464,1932.0,1
Sandstone,29.44342786287388,534.7208592055895,Fault,0.5204375318121689,1.7229216714691387,1829.0,0
Shale,20.14980692993696,933.2027325378124,None,0.5936131072488539,2.681764052952201,2050.0,0
Sandstone,10.676662557928408,552.4004863648162,Dome,0.2040688704787411,3.299050574006981,3152.600000000001,0
Limestone,22.433830492781173,759.1299612903061,Dome,0.4259730322199133,4.852893275988395,1040.0,0
Shale,11.513173739322276,259.25991183231685,Dome,0.4707481621908956,2.748711584469551,2760.0000000000005,0
Sandstone,12.626770435738687,66.82812419370772,Fault,0.9005919006282612,2.286683400079041,3052.0,1
Shale,15.70624781571245,531.3811900523541,None,0.5820959322825418,3.951191468294947,3595.0,0
Limestone,17.290320463658524,857.5271072612771,Dome,0.5459323768236721,2.9385330142453387,2605.0,1
Shale,28.71590890557704,408.79499509658274,Dome,0.5473490522447974,1.9294313261968956,1949.0,0
Sandstone,21.545038426815413,287.5089334593512,Fault,0.9344306600118266,4.779264372336457,1595.0,0
Shale,12.45641270052992,611.8798430479609,Fault,0.3309784252380526,4.529130910934001,3424.0,0
Sandstone,21.260425155357154,539.6601359919742,Anticline,0.4000396444040072,3.36175363150179,2754.3333333333335,1
Limestone,12.80371116581758,356.8967898559025,Dome,0.4103350662149784,2.4045883795432643,3297.5,0
Shale,3.740923413708096,843.4136662284454,Fault,0.4312773456598117,1.122193616229083,2906.0000000000005,0
Limestone,17.294173126732616,655.7602811060522,None,0.5579923148934525,0.9420723927273666,3771.0,0
Limestone,21.232596228161945,860.7411481104303,Fault,0.9686995467436516,1.927194585906229,2709.379229164377,1
Shale,19.775222844141208,837.6817960494088,Fault,0.2900974467614731,4.212137210222777,2330.75,0
Sandstone,28.834782471304955,997.1347622642076,Anticline,0.029426067,2.537720492,2342.0,0
Sandstone,19.877037532163552,569.3826297706826,Fault,0.4346945143083677,3.182156535919819,3821.0,0
Limestone,21.17971209,365.1326858718675,Fault,0.5877677851627399,2.410664374214116,2985.5,0
Shale,17.602943754109994,835.4711543975917,Fault,0.5897376125562032,1.4116687242622594,2679.4141828116694,0
Shale,24.990186456032585,327.3825057654024,Anticline,0.1325860964049587,0.7761071389959168,3534.0,0
Shale,17.534993865923706,490.5142465135792,None,0.510353543053064,2.8017258973297334,879.0,1
Sandstone,15.329122291351862,176.96118087668444,Fault,0.3112606621495632,3.347815738270718,1749.8889554507566,1
Sandstone,11.553183689697612,69.91832095042191,Fault,0.2816818336481683,3.974441649,1029.0,1
Sandstone,7.837353973607471,706.1297524021352,Dome,0.4631958779654482,1.9120734691724408,1820.0,0
Sandstone,13.537998422193432,384.7227078611164,Anticline,0.1628722281643478,0.102165830357625,1604.9121043986381,0
Limestone,18.15468890871745,955.9058186943632,Dome,0.2340926361660719,3.058646785765896,2836.9999999999995,0
Sandstone,10.703061348698178,212.8820266388096,Fault,0.5982018957938589,4.420014425699485,1029.0,1
Sandstone,10.656370016491842,447.7618209163561,Anticline,0.077745444,4.823739074712133,3398.0,0
Shale,18.835550692263457,643.8694292737923,None,0.2647294959989589,2.274798321831044,3869.0000000000005,0
Sandstone,11.547573183140077,889.5573115933255,Fault,0.8197385409262475,2.97912578818131,2748.0,1
Shale,11.275573955459375,604.1229908175957,None,0.580322246,4.670972209542769,3647.0000000000005,0
Shale,12.236478305909491,371.05633997743945,Dome,0.2878022115532944,3.247192112892567,652.0,0
Sandstone,12.880790611018647,481.7521094773215,Fault,0.4520765706791205,1.4487544438947682,3349.3999999999996,0
Limestone,1.2428426645816326,426.6397720300028,Anticline,0.7946795684312156,4.780223436890206,3014.666666666666,1
Sandstone,23.639104007727948,468.076305844072,Fault,0.9344306600118266,3.044266251111012,1595.0,0
Limestone,4.906370604724178,458.6982093641956,Fault,0.5277052921529723,0.1415573369261508,634.0112011508072,0
Shale,10.190778554387611,244.9858868925746,Dome,0.5292383365771101,0.2833393993354858,975.0,0
Limestone,24.314046516463986,151.76506673081627,None,0.962836633242806,4.622512149239309,3227.000000000001,1
Shale,10.54136900274326,622.0954680186387,Dome,0.3817794385098544,4.579265499708763,3053.0,0
Shale,24.165473543196608,504.1096832381356,Dome,0.5013719345705198,1.578033149274056,2557.0,0
Sandstone,0.4314370795245892,23.13447278682728,Dome,0.5848200366533628,2.184089103153771,2810.0,0
Limestone,1.8403162345160409,835.8406906829041,Fault,0.6174300547940901,3.526408019855132,2118.2000000000003,0
Shale,6.370019228606738,854.1623173351177,Fault,0.4362072964823696,3.0145274895482226,2846.5,0
Limestone,12.701602472023856,311.89415396897965,Fault,0.7599670316957243,1.1637007369541386,1162.0039292515185,0
Limestone,25.530113003917474,828.4072511450194,Dome,0.490928414608381,0.9187934057057925,2344.0,1
Shale,9.703436535301227,550.3584787400343,Fault,0.6593141943788129,0.1261744279340104,2078.3999999999996,0
Sandstone,13.139562139506507,951.195085174008,Dome,0.34747827627888633,2.747359947252116,1824.0,0
Shale,3.9415893628501575,743.1658112337687,Fault,0.8073371707198082,3.0848914043362936,3743.0,0
Limestone,23.247854169178648,610.8473362417297,None,0.3156575292915304,2.5254571411035127,2123.0,0
Limestone,1.4091897329441938,297.79912295390795,Dome,0.701387282414744,0.8952061922538118,3544.2,1
Sandstone,16.136421295537378,546.3566567075408,None,0.2176140244488256,1.7383833665725001,2318.0,0
Sandstone,5.669569799135253,376.21408966706656,Anticline,0.7034631642899991,0.4000730391349394,1522.4397133555726,1
Sandstone,7.4269352442535395,352.78634507668335,None,0.38681271852622895,0.10448106102787061,2135.0,0
Limestone,0.9996959831852535,478.10782617398144,Anticline,0.1457052524892038,0.819119931,1410.0,0
Sandstone,27.71229393799945,343.5767389712495,Anticline,0.4380151762580812,3.1196466484475183,4701.0,0
Limestone,19.51275746471593,625.4017610225186,Dome,0.4663122159459896,3.5584805553923737,2656.9999999999995,0
Limestone,19.41679608637974,668.6968613638427,Fault,0.7408763850136038,4.11536258254174,3998.4999999999995,0
Limestone,9.669744734082746,463.94014389969686,Fault,0.676246812,4.643862127919405,3495.0000000000005,1
Limestone,9.774703823114542,679.5677543229503,Anticline,0.0219705708025074,1.9636078131903192,3039.4999999999995,0
Limestone,5.607942883243408,891.1641386,None,0.8850841193734466,3.769191295926883,1670.0,0
Shale,12.649356247310802,461.80926261911935,Anticline,0.8309413964613068,2.5276154844424545,1703.0,1
Limestone,12.568420198508418,72.87441288020094,None,0.3312983404606731,2.717447806377368,3660.0000000000005,0
Limestone,0.2142624530473513,585.4067569532167,Dome,0.5297684675304802,3.5584805553923737,3949.000000000001,0
Limestone,10.193107268965312,215.42332494152416,None,0.3991807649888911,4.3709988530051085,1737.9999999999998,0
Shale,22.48278017942426,524.2347381,None,0.3478278037861146,4.670972209542769,4832.999999999999,0
Sandstone,19.92605139215357,202.88108184291573,Fault,0.8866131428716211,2.286683400079041,4212.0,1
Limestone,6.609821803127477,303.0812225063144,Fault,0.5926158115981464,0.409462641000024,2561.4241547225706,0
Sandstone,9.357357166101156,232.84518314613186,Anticline,0.2409520426369428,4.701886554183299,1422.0,0
Shale,8.741324759961454,575.2946256629127,None,0.4802418466945197,1.88462981962554,3437.0000000000005,0
Limestone,9.959948827132957,680.1310807,Dome,0.951967622,3.5584805553923737,729.9999999999999,1
Shale,18.36025589878366,920.6329023077396,Dome,0.4006109237973435,2.4809296719441805,1707.0,0
Sandstone,14.224928888159592,796.3897624854363,Anticline,0.8014530278240474,0.16467648914922864,971.5,1
Shale,12.32754053835188,929.4963192814876,None,0.3719549577376997,4.607857365882831,3294.4999999999995,0
Shale,8.956437779464919,820.7408503872987,Dome,0.1665187105338613,1.4285564291602486,2733.999999555585,0
Sandstone,1.6037613781445448,440.5663122807533,None,0.6621234406352879,3.1356130968635596,2616.0,0
Limestone,21.971653397926644,797.7198892891901,None,0.2294006266965225,1.3319745831048486,1378.0,1
Limestone,17.552334491196483,190.59699065714184,Dome,0.9630430223942144,2.5833744097176528,3606.0,1
Sandstone,21.55483630406997,627.6897612796066,None,0.3880044310337532,1.7176647229074582,2234.2000000000003,1
Shale,3.3051636076089927,924.2925454813025,None,0.3685294733464573,4.670972209542769,4672.0,0
Sandstone,13.820094895004674,657.5541115039567,None,0.6201095320161573,4.812327669,2499.0000000000005,0
Shale,5.872668192168739,832.1580631,Fault,0.7449417326811453,1.207797536082007,2638.9999999999995,0
Limestone,13.450394115739009,512.3316624854184,Fault,0.5716032246094102,4.419231498686232,1824.0,1
Sandstone,22.80984664212413,425.4937370896542,None,0.650169182,1.2372180949080602,4685.0,0
Sandstone,23.23258484,466.3044253024296,Dome,0.3821084703053269,1.5800627278041814,2943.7500000000005,0
Limestone,2.4066673936714222,357.8609667314634,Anticline,0.2913074462744878,3.556802999175881,824.0,0
Sandstone,28.33997196513285,505.3699402802118,Fault,0.6524860671620776,1.9735265865752611,1038.0,1
Limestone,10.158336873378977,253.30851019825593,Dome,0.95705629648031,1.0079054312001767,3986.0,1
Sandstone,12.066712045413372,412.5819955026804,Anticline,0.5698284802728454,2.340980224655106,971.5,0
Limestone,1.4568816988698507,169.4350577211598,Anticline,0.4920825742208919,1.4868086832170313,1444.9999999999998,0
Limestone,10.427120127107072,16.546983712457287,Anticline,0.7098826887763147,1.1446314562208857,3548.0,1
Limestone,4.900099442671717,759.9616073522444,None,0.3539717479788637,4.970062680466093,3686.0,0
Limestone,16.325494469304054,58.37775900074886,Fault,0.070109793,1.7708436983319635,3293.4068875904763,0
Limestone,13.362285633173604,452.95270211424173,Anticline,0.9392070170650174,1.5243399630372312,809.0,1
Sandstone,9.347152187466868,734.1614755286936,Dome,0.872432358,0.2672677390243377,1896.0,1
Limestone,13.761154446143031,851.1859015964875,Fault,0.1908005996302896,2.8890453171184016,804.0,0
Shale,14.049017743691554,180.83802700575595,Fault,0.8569881878017734,3.2883612493775036,3423.9958856023472,0
Sandstone,3.9007876695039774,631.1085906022258,Dome,0.041886030455102,4.787137969220235,2703.25,0
Sandstone,15.029546698359999,377.76336333039546,Anticline,0.9463169456136572,3.048213962920869,3125.0,1
Shale,27.25095781239245,20.71236357273688,Fault,0.5695883495583133,2.556332647045965,2647.8,0
Shale,6.708378593779943,724.8845843947289,Dome,0.8282830451682474,0.2833365443885993,4463.0,0
Sandstone,0.3323565778292903,721.8549495589418,Fault,0.2241906988393989,3.1655377069941992,2039.0733940409382,0
Limestone,10.301333687237175,287.82200181664217,None,0.6870238380712053,0.9120694507598298,4442.000000000001,0
Sandstone,12.334467970204162,523.4353193,Fault,0.9344306600118266,1.2980403535909675,1595.0,0
Shale,27.963872993419585,587.0466796600433,Fault,0.1285515978604493,2.8508985099361417,4809.0,0
Shale,2.3143312225818304,778.550847237524,None,0.4302856262487571,4.962635901310019,2270.3333333333335,0
Limestone,14.177275591315668,367.62936996876505,Anticline,0.49654832411185074,0.064808836,2460.0,0
Shale,5.461893866455662,20.22971488504507,Fault,0.25028050929873774,4.709237470442238,2614.0,0
Shale,4.187966020794002,618.544533129612,None,0.2943898859392372,3.293280566753314,1463.0,0
Shale,8.732642946375732,194.28237356495376,Anticline,0.4358282342202101,2.784634685650611,2371.0000000000005,0
Sandstone,21.633682683442988,104.19017408509048,Dome,0.5064831761043883,1.8786011731985977,2933.0,1
Sandstone,18.91677703037215,706.1297524021352,Dome,0.1091697017542888,2.5344998152962788,3335.0,0
Shale,12.34123714237768,798.6511639159837,Fault,0.2214981453429862,4.394360941783076,2215.0,1
Sandstone,1.7193093003146045,616.6542187199824,None,0.6339032270481123,2.6619235653722386,1447.0,0
Limestone,25.36926274873264,329.99354711989525,Anticline,0.4647403095122474,3.674302675671095,1786.0,0
Limestone,14.361145738965677,478.7024430128539,Fault,0.8412262245742964,1.8365474280434,2378.0,1
Sandstone,12.805749863852686,442.4269592910551,Dome,0.4045986661677845,3.2183168363218675,4274.0,0
Limestone,15.94983071293449,299.0821330479075,Anticline,0.8720534313794935,4.991771756616132,1459.0,1
Sandstone,2.986395384263254,425.4937370896542,None,0.9174606572597456,4.855997839580445,3382.0,0
Shale,2.372280629299444,552.2756250747744,Fault,0.6577239053611328,3.6528822065496636,2523.0,0
Shale,13.779943224016284,512.698845570592,Anticline,0.2022807675393759,2.640321828042872,3735.0000000000005,0
Shale,5.201881986183581,566.5611045231549,Anticline,0.3853988294424772,2.5020107224988095,2920.6000000000004,0
Limestone,15.320489533415474,350.6888625,Dome,0.9028401284526588,3.608775016129956,3297.499787460994,1
Sandstone,27.43578461406168,906.2056397,Dome,0.9816874344919868,1.2383176825831508,2943.7499999999995,1
Sandstone,21.967508693657262,156.15770712655964,None,0.542374939882934,0.6121295559162965,2714.9999999999995,0
Sandstone,27.232062995325386,448.91856849614487,Dome,0.7928087754730776,1.1731994415653058,2132.6666666666665,1
Sandstone,18.85699201941849,949.6371807970204,Anticline,0.5489015787492173,2.6645125379563774,2489.7999999999997,1
Shale,13.668574693117549,638.0651481908869,None,0.5931917575579458,0.4877414706454985,3966.0,0
Shale,19.979048698943906,643.8694292737924,None,0.3939612753404252,1.7247627350153405,2809.0,0
Limestone,29.65619961,764.6579673703475,Dome,0.6204679732142538,4.223032413086879,4597.0,0
Sandstone,18.257494639197247,232.06535153432057,Anticline,0.32898640301689125,1.6720396439878398,4861.0,0
Shale,11.889005752474112,334.06373064186386,Anticline,0.769165282,4.796988662126242,4030.0,0
Sandstone,26.646275796424472,546.4731888199561,None,0.6032607945840157,3.15772385697772,2990.0,0
Sandstone,8.81446451289295,762.8085416787613,Fault,0.7585013990970072,1.144057881782694,1818.0,0
Sandstone,21.70184066564785,828.6712124321249,None,0.4990567948601377,0.1131941171437367,1752.9999999999998,0
Limestone,19.99851254638117,227.6590288881419,Dome,0.5813092636411272,3.197887799242591,3570.7500000000005,1
Limestone,25.767970479741827,701.6224311979952,Fault,0.5244381751647937,0.4976120408703832,4221.0,1
Limestone,26.76713746614319,286.90006043744984,None,0.6054648602222887,1.6399917418551986,2673.0,0
Sandstone,26.655998655734543,429.55078789706454,None,0.8370692425570705,2.132433052593586,2397.8,0
Limestone,26.059189194702768,345.0023259286775,Dome,0.4174503771125031,2.075558290912272,3646.0000000000005,0
Sandstone,15.369727485559379,921.8674438754176,Fault,0.3665172035546203,1.3410756138025466,4520.0,0
Limestone,26.736023922054283,957.5697005830358,Fault,0.4081006484742057,4.412255775200427,682.0,0
Limestone,22.086866475856503,371.978762562319,Anticline,0.7387758812075146,3.6743026756710964,2711.0,1
Sandstone,25.980323962334182,536.0409850134495,Fault,0.6882280421776911,1.6470972725864834,2685.0,1
Limestone,12.591925160838986,988.0049994541702,Anticline,0.916075049,2.851024565710947,2962.0,1
Sandstone,24.82496225,83.26679482032121,None,0.49398682055372145,3.740598034676161,2521.0,0
Sandstone,9.571317896184222,158.66915431849876,None,0.36801660256554497,4.502553218187384,2111.25,0
Limestone,21.743609248751586,434.11157803420224,Anticline,0.5673608506813306,4.630871288033117,1910.0,1
Shale,16.39605087963658,865.1211267978564,None,0.3609448553883393,1.515512109186224,3372.0000000000005,0
Shale,10.600903724150374,17.790472541321353,None,0.0496308606786312,0.4506949256130466,4583.0,0
Sandstone,15.638306364043771,511.2812385,None,0.100395919052861,1.0198115865438333,3286.0000000000005,0
Shale,10.516556901881433,19.301023260940187,Anticline,0.2977386789983404,2.4251857324325887,2041.0,0
Sandstone,11.422666969102249,206.84251165267708,Dome,0.3772496374805852,3.0531287337272865,3483.000000000001,0
Limestone,14.149895483554808,452.73050267633255,Fault,0.1035339871850548,1.7708436983319635,2578.132882954643,0
Sandstone,18.85220872922969,861.4250464,Fault,0.8793186356487398,3.869960352835728,4060.0,0
Shale,13.59802382265064,461.6806361028192,Fault,0.6137385208810799,3.0089333442581783,2639.0,0
Shale,17.467123464077588,107.3411412442748,Dome,0.41943987648995046,0.5332635871396502,3410.0,0
Limestone,8.634938965548177,299.0821330479075,Anticline,0.919934732,1.6965851267193222,4438.0,1
Sandstone,11.52122715025435,263.7960294033695,Fault,0.8866131428716211,3.9902404220949332,2765.2,1
Sandstone,16.862985120467687,326.10370933122334,Dome,0.5794318227199275,2.3711764890930254,2088.0,0
Sandstone,18.48548895637792,489.8008673462587,Dome,0.041266784,0.8171007356747726,3850.0,0
Shale,9.519164322614596,75.03464055108786,None,0.5125506468615169,2.194649717914821,3672.0000000000005,0
Shale,11.871238907213776,419.9684436881663,None,0.376086713,0.42384827399304,1949.5,0
Shale,9.193270097,400.84375225523354,Anticline,0.6160881191298282,0.24376438643051157,2584.25,0
Limestone,6.40701901,433.1416907383473,Anticline,0.9080744025295908,3.408975944613144,3459.0,0
Sandstone,25.21897934457376,386.2349767887058,Dome,0.6782500604631375,0.8171007356747726,1630.0,1
Limestone,26.09813498693067,476.37873955194425,Fault,0.076766737,2.938591417002092,4682.000000000001,0
Sandstone,23.20716305192161,145.02364800223145,Dome,0.890466258,1.218130934678938,2667.0848030822945,0
Shale,7.067646847340326,743.8850499221459,Dome,0.6102122591047313,2.8707797455418906,3769.2,0
Sandstone,6.621377578,304.9420651750981,None,0.5233487127302546,0.377249677398318,2066.0,0
Sandstone,11.704666132226889,413.22557426534206,None,0.8864163878063751,4.590057805,1335.0,1
Limestone,2.5279309846755327,317.7561455449273,Fault,0.5821631960983702,4.704823071731836,1553.1078503560827,0
Limestone,7.751779436111102,661.6638678246261,Anticline,0.5160729568195715,2.82525567177017,4896.0,1
Shale,10.844614494654362,254.2494811074426,Dome,0.5033199592829146,2.1875410830546533,3668.0,0
Sandstone,15.232564555879929,200.24089667620672,None,0.3765196406964849,2.7892241251955623,1216.0,0
Sandstone,17.078441488515733,62.06175245044111,Anticline,0.9732765453533918,0.084847173,834.0,1
Sandstone,15.574891187236211,849.6284717635227,Dome,0.4513622752009461,1.238317682583151,2943.7499999999995,0
Sandstone,27.85007316016865,465.73021316943345,Fault,0.7557051817139968,1.634243092517722,4905.0,0
Limestone,20.11339995847528,469.36673866141456,None,0.1337712673567892,0.293203504132245,3227.000000000001,0
Shale,9.101970420580567,670.5314277112857,Anticline,0.18304289249960773,2.4586101051093983,2296.0000000000005,1
Limestone,7.781992164055617,31.13121013533211,None,0.4824499011928702,1.9126653471978057,3447.4486489355795,0
Shale,19.840504196309865,242.3434156701626,Dome,0.6525349649409644,1.6966437508428955,2299.5,0
Sandstone,6.910284963070535,975.6477471,Anticline,0.7709156460354234,3.574615632105622,4338.000000000001,1
Limestone,11.274150475382587,329.57896465184604,Anticline,0.3625957159113892,3.1535316604550423,2759.025440604,0
Limestone,12.153241637635702,847.0756769513561,None,0.061211507,4.135654258102712,4401.0,0
Sandstone,23.146896351896345,510.2238253256134,Dome,0.1039377625889258,0.9491955523743822,1744.0,0
Shale,22.94328726375268,992.134344880924,Anticline,0.2476173990609443,3.5458662657979474,2368.0,0
Limestone,16.838731355136172,697.6727292439173,Dome,0.9968149760709496,1.500843993,3256.3999999999996,1
Sandstone,1.8752082453123238,354.23755481136124,None,0.4174928523515995,4.307774523351156,1733.1163059044497,0
Shale,1.20843920201941,724.1987485218724,Dome,0.43115100910911447,3.402748251850536,3836.0,0
Limestone,0.8175003585244534,666.9467732076906,Dome,0.7965909363976443,0.2223729920540174,2736.0,1
Shale,17.19609664717296,513.037034801453,Dome,0.5769109078983793,0.9117957981231412,2709.4,1
Sandstone,10.433472091466616,491.11581882275385,Fault,0.7531525089812836,4.4306000573158215,2977.0,0
Limestone,19.73848457344878,469.3667705223164,None,0.3949749995445172,0.48008720141781636,3871.0000000000005,0
Limestone,4.786198700652707,294.06272391399364,Fault,0.2790423871302602,1.1645227860775802,634.0064495909932,0
Limestone,19.810074915423822,847.7264557604723,Anticline,0.5591248655392398,2.460710704709793,1775.0,0
Limestone,18.92152333475788,972.1944571169496,None,0.3281085611065191,1.2483131463435833,2101.0,0
Sandstone,8.141645647102944,425.4937370896542,None,0.036439486,4.371943396317276,3394.0,1
Limestone,7.812093263637251,846.5741713861297,Fault,0.724695458395045,1.5980891129237806,2706.0,0
Sandstone,8.516345447721395,885.2342015867383,Dome,0.646260945,4.038651397912642,1920.3415418256832,1
Shale,14.66716550810548,613.5521031135706,Dome,0.0174955474861691,2.4291524633018513,2545.0,0
Sandstone,27.40334095426769,755.4320869740122,Anticline,0.6846383318631067,0.1409274767967189,3734.0000000000005,1
Shale,17.392993723028194,524.724276391362,Anticline,0.7268334380227363,3.4237215267946177,2647.2,0
Shale,14.6904162751838,415.8150497174457,Fault,0.4946113129235441,2.601045369781574,2367.0,0
Limestone,20.115349208160307,620.4090735428133,Dome,0.7306773700294364,4.813408492945614,4059.0,1
Shale,20.845466986380064,479.7583101105907,Dome,0.7030635376375156,4.461805403898476,2303.2000000000003,0
Limestone,18.63318974730609,330.7816860573859,Dome,0.2536201691339893,4.84088202,2536.0,0
Shale,13.252394749131213,257.73474357563657,Fault,0.4915199875712585,2.50679325659422,908.0,0
Sandstone,10.723824951143714,689.9461061732059,Anticline,0.8706008425757117,1.3543702766050032,2199.5,1
Limestone,26.19932619773185,748.3971238,None,0.48349394776564825,4.181275046857013,2586.0,0
Limestone,2.0008164421634653,4.763926855982518,Anticline,0.6487931155871676,1.3686792942491932,2874.0,1
Sandstone,13.730302888873986,277.3456548166074,Fault,0.8785807126255765,3.976535165055571,2740.0,1
Sandstone,29.51205101027273,561.4383531693237,None,0.1999041457248392,1.725233428304811,2585.0,0
Limestone,24.43695636340508,764.6579673703475,Dome,0.8768916778163262,3.966491379272438,1572.0,1
Shale,13.607369997685025,907.9080419,Dome,0.4027012862319639,2.5520077941191186,2323.2000000000003,0
Sandstone,12.92951705762466,357.5429872875801,None,0.8458996459615251,0.573990956,2280.9999999999995,0
Sandstone,17.789481029022962,278.43792360133205,Dome,0.9269101886533836,1.3974902661570416,3868.0000000000005,1
Limestone,6.883746546071272,736.94919,None,0.4885356199718922,2.1714538360646674,2424.6000000000004,1
Limestone,5.710109252851426,386.7502621300428,Fault,0.254349101,3.4731250219104712,3033.0,0
Shale,13.817402742934956,653.1605534474288,Dome,0.9192962153289052,2.768586975913215,2000.6000000000004,0
Sandstone,12.457843127184615,286.3793238578763,Anticline,0.43814432215373544,1.4162673588597303,2754.3333333333335,1
Limestone,7.305850166986088,275.77939323281987,Anticline,0.3632569373481609,2.3815418045652623,3251.6000000000004,0
Limestone,24.904529489937545,399.1673956384539,Dome,0.3840473827575243,3.6595960622375765,2579.9999999999995,0
Sandstone,15.268253430278588,46.41916257772091,Dome,0.7257690156723606,0.24934421153320452,2278.5,1
Limestone,13.090730004264502,385.0085150820636,Anticline,0.2954703428875134,4.608713751757667,2933.6000000000004,1
Sandstone,2.513729176447849,545.2418673761748,Anticline,0.2147187275428921,3.809616909,957.0476476908681,0
Limestone,19.759378235441805,691.6585144118862,None,0.7498235843610578,1.8764097258402752,3150.0000000000005,0
Sandstone,23.35150370230936,466.0190945833486,None,0.7140128012482679,2.8467845424981095,1015.0,0
Shale,17.91137709866614,400.9552386756885,Dome,0.426954445,1.3053822511395041,4195.0,0
Shale,5.147891012,319.7558973484055,Anticline,0.4188653224373109,1.9477375694946897,2885.3854686708846,0
Limestone,14.80630978768359,294.06272391399364,Fault,0.7329696677216548,1.5851331422356059,1440.0,1
Shale,25.11485892585077,35.71533165231199,Fault,0.485969647,3.2723964343660277,4470.0,1
Shale,9.335842134120275,536.5267249982388,Anticline,0.6425217051311659,2.2053706271807507,4243.0,1
Shale,5.293193114110509,297.4145972201561,Dome,0.1956477465527071,0.5807610004233571,2734.0,0
Limestone,6.021385287413766,483.0285575569968,Fault,0.8486087568391968,3.13359961474756,2183.0,1
Sandstone,10.207190186900464,176.63407352717965,Fault,0.1744660176143897,0.1599826104634821,4771.0,0
Sandstone,25.694802082877207,384.98879542131135,Fault,0.7094995493704025,2.143844589227802,2792.3999999999996,1
Sandstone,22.15517635531556,170.82258113572115,Anticline,0.5172754026732665,0.8398119819793859,2594.0,0
Limestone,10.168343260453462,380.2512366181487,Anticline,0.1587027123583364,2.4381144074816956,3039.4999999999995,0
Sandstone,26.43012254444124,646.0646344008916,None,0.2020824627402039,3.211108379052231,4012.0,0
Sandstone,5.8502694131584745,581.4654447926312,Fault,0.1932044848818513,1.1004969383777548,3815.0,0
Sandstone,14.514737267486401,724.8161333869203,None,0.08080906,2.130220517,2373.0,0
Shale,13.723668409325475,677.3226057604201,Anticline,0.3005638851119715,1.985615128025596,3068.0,0
Sandstone,27.75193669341165,657.5541115039567,None,0.1834274156124563,3.869173637577262,2499.0000000000005,0
Shale,12.14175191488976,770.8718844877473,Fault,0.7852158751252233,3.55992323,3424.0,0
Shale,7.575911689093334,519.2895037722692,Fault,0.1778032381100812,3.114643991589444,3725.0,0
Sandstone,11.126593621021502,626.8406610596307,Dome,0.8467996008147614,2.859784520770595,3157.8,1
Shale,5.156211076177405,761.0027462034302,Fault,0.7409559150623704,2.549861325168539,2819.5,1
Limestone,23.69285321203904,831.6623323550916,Fault,0.6426606518091664,2.8303173186469817,2286.6,1
Limestone,1.7322323840110798,454.1927828506727,None,0.4524818054829584,0.4512065883370858,1305.9999999999998,0
Shale,23.303714502216813,538.5989306,Anticline,0.8302846063624797,0.6256460776036282,2313.0,0
Limestone,18.76434181273984,700.541891825313,None,0.4283518101139932,4.9308844361142325,3732.0000000000005,1
Sandstone,26.137548821959577,791.9034041025449,Fault,0.5333990721877534,2.7205392576305445,3947.0000000000005,1
Limestone,17.90329259885069,683.0250087161389,None,0.1066823974817351,0.6169718187661838,2834.0000000000005,0
Sandstone,16.893619106425835,807.7479954483017,Dome,0.4638776398389008,2.351544078662089,2179.6000000000004,0
Shale,8.48908753756181,851.3561780592992,Fault,0.4855675740987222,3.520120266088278,1960.9999999999998,0
Shale,15.863711645521944,512.6988057934744,Anticline,0.3053348941937824,1.9474073820677376,4163.0,0
Limestone,29.92747778837917,446.39957741743046,Anticline,0.6146456795311703,3.414275879896533,3087.5999999999995,1
Limestone,1.2178795590712022,603.1121965908967,Fault,0.327405388649906,2.7013349472859733,3359.1999999999994,0
Sandstone,13.070161983668712,67.34400995236008,Fault,0.8700732869876692,1.4819076174735952,4869.0,0
Shale,20.27677868490632,320.59179359119776,Anticline,0.3145024755542828,4.110213284888979,3068.6000000000004,0
Limestone,16.397311981218863,102.16391580642224,Fault,0.7368107983780495,2.518263150410104,2782.2000000000003,0
Shale,1.9105430250755016,688.6855055065366,Fault,0.061179881,2.5258393832902275,2846.5,1
Limestone,10.692066087856224,335.9936784514765,None,0.5470864121437329,1.6979537069791315,3700.8,0
Sandstone,10.344528232385091,706.1297524021352,Dome,0.2596140986739204,2.219944140155801,4993.0,0
Sandstone,2.511748135360452,952.957403249946,Anticline,0.4372767691143904,4.781908724169429,3887.0000000000005,0
Limestone,12.929511865446091,394.550320425894,Anticline,0.994543892090604,3.3871268187164274,2271.0,1
Sandstone,15.933133566966474,511.9010693553744,None,0.5203167221940654,2.811989988,3174.6000000000004,0
Shale,18.313642239452406,212.0524685764592,Dome,0.8045332948444376,4.117763635882828,857.0,0
Shale,18.018198875615475,648.4677284404107,None,0.4716125180543483,2.2297925316569063,1970.4093507267903,0
Sandstone,24.996290638734045,213.41212461414372,Anticline,0.5541551844723496,3.4405277536390386,3771.0,0
Sandstone,1.2493206701994095,390.5426480302919,Fault,0.6400236642367393,2.681325857446298,806.0,0
Shale,15.42245762298556,745.9925767261483,Anticline,0.7748557974307065,0.4151617475628405,2999.9999999999995,0
Limestone,14.772545200117666,564.7748839589913,Fault,0.9200515068834888,2.5898612980956837,3153.6,1
Limestone,2.798143403345097,930.436291243628,Dome,0.041938014,3.1209805039474063,3297.498599590333,0
Shale,20.055147034529483,772.3361498242721,Fault,0.676458234,2.8953744416617737,2317.0,0
Sandstone,18.85506510708612,384.7227078611164,Anticline,0.1232210120704645,2.704657903413192,1006.0,0
Shale,27.291805138025907,289.52790899190387,Dome,0.5962079625658703,1.6315474091168147,1508.0,0
Shale,5.002928066180761,821.3209494,Anticline,0.4342959821172019,4.897416841,3802.0,0
Limestone,25.51512684985791,478.6189217994033,Anticline,0.4540584697855849,1.0922796371766297,3512.9999999999995,1
Shale,5.488059638526376,565.2404286345959,Anticline,0.8435487928283237,3.784223980649921,1214.0,0
Limestone,4.1191012542481324,764.6579673703475,Dome,0.5745334005547921,1.200311384937081,1595.0,0
Limestone,9.172683825,478.7024430128539,Fault,0.1296365021474264,0.1948506789966081,831.0,0
Sandstone,10.512397500305925,863.6829851397573,Anticline,0.263521442,2.0702779561940683,927.1965204823543,0
Sandstone,27.38362156159576,538.0681010196867,Fault,0.782976365229444,1.7212006935947544,2728.2,0
Sandstone,17.058726910831904,828.7775275151349,Dome,0.1263099266220549,2.873865548168944,2354.5999999999995,0
Limestone,16.83453440015868,642.0511372594722,Fault,0.57160322460941,2.921632172316932,3769.000000000001,0
Limestone,12.043460225829902,658.5113713609966,None,0.5124386744880165,4.509310892350559,3059.8000000000006,0
Limestone,22.50992327459868,365.5922304805569,Fault,0.6293625638701175,4.987291644197992,896.0,1
Limestone,0.409020717174644,399.94821495057283,Fault,0.5696301042699973,2.7629947100446164,3769.333333333333,0
Limestone,12.238878066171791,339.1965419457066,Fault,0.7599670316957243,3.989951406173735,1162.0037797301893,0
Sandstone,8.965714057770924,514.2568481976232,Fault,0.8519877731222028,1.610045562082348,4973.0,1
Limestone,14.599205484098752,651.6410877519166,None,0.8640531247038472,2.8418208277162242,3868.8,1
Limestone,22.39259490029547,433.0149122456085,Fault,0.6086723455998135,4.239927299641231,659.8902759764734,1
Limestone,2.7629626259876936,299.0821330479075,Anticline,0.9080744025295908,3.3383026156367803,2444.0,1
Limestone,13.120427172977845,207.1325397035068,Fault,0.48149834846441913,4.261413496313732,1162.0,1
Sandstone,17.811621858671895,398.4397432349365,Fault,0.4104969331228897,0.36056215343731485,2321.6,0
Sandstone,8.954792942248899,384.7227078611164,Anticline,0.6562334322936318,3.027238029836063,575.0,1
Sandstone,9.629139942053623,28.821927805173,Anticline,0.5839173713631369,2.585175478118224,3244.2,0
Shale,10.556545030410192,734.6489642914652,None,0.7251352229107911,3.368289270911791,1865.0,1
Limestone,13.878309097709352,588.9371557119704,None,0.2158579007652123,1.4809681510767103,1810.1302875900324,0
Shale,16.062400065344033,895.9584027515218,Anticline,0.4223787707804895,2.397222972776885,3790.2000000000003,0
Shale,27.37798036774172,624.295098638225,None,0.991142774,3.1169751790773805,2524.0,0
Limestone,18.809053035861496,683.0250087161389,None,0.3325960843959674,3.503992307790192,2834.0000000000005,0
Shale,19.775222844141204,253.1787629079379,Fault,0.6686075922668305,3.492957092932616,2330.75,0
Limestone,23.27616869,653.9818871950113,Anticline,0.5956877349680622,0.9223660513326203,980.0,0
Sandstone,14.602531450569463,185.31217197010386,Fault,0.3145444945389227,2.133290204230888,1526.2437852096064,0
Shale,19.6076031013326,421.1901312644292,Anticline,0.5013040574691482,2.7835711889236108,812.0,0
Limestone,0.7385395152371577,640.5267154264495,None,0.2541790742435966,1.6158293787250935,2184.8,0
Limestone,18.99789604828232,869.4834950748731,Fault,0.8814719638223172,0.3429674520394787,1109.0,1
Sandstone,3.4062192697886005,812.9440964438623,Fault,0.6543493461623232,4.7782209031389815,1029.0,1
Sandstone,13.895983089267611,132.8510150143948,None,0.42961607800876594,2.282237364293223,2179.0,0
Limestone,21.63861807,261.25692799053303,None,0.2352049930977313,0.4061431411065424,1476.0,0
Shale,18.960576252673093,685.1377917460455,None,0.9561656838882706,3.0663581481408135,2385.2000000000003,0
Limestone,22.81272935047415,489.22131684630057,Dome,0.5669174393696609,2.234144054018342,2804.1999999999994,1
Limestone,19.240301166135982,391.4849731867927,None,0.9478520730718336,1.3721456138646908,2649.2,0
Sandstone,9.61460692966642,711.7076023524926,Fault,0.9854203500012166,3.5900620740600457,2290.6,0
Limestone,24.98081239,764.6579673703475,Dome,0.9736483661436228,3.5584805553923737,3685.0,1
Shale,10.662980140444848,626.3071038118583,None,0.7768623528361118,2.089902038,4114.000000000001,1
Shale,0.9716741332798517,132.08426744875482,Dome,0.0078084,1.1083209413649668,2734.0011377178553,0
Sandstone,28.73736227146945,299.7301052420174,Anticline,0.9629054230495308,3.0857734442739906,4294.000000000001,1
Shale,12.842574189479821,497.4050385997917,Anticline,0.0322936500674911,1.8933834573316024,2291.0,1
Shale,14.794379562302813,536.8389998850372,Dome,0.45499193864593984,2.4658412032803945,3569.0000000000005,0
Sandstone,19.568253326971508,305.57447803381586,None,0.6207082263350591,0.860864844,2068.0,0
Shale,18.607240628067363,591.6151167523801,Anticline,0.1809795776059951,4.346414615119444,2765.3333333333335,0
Limestone,14.98815863005794,695.8611921042835,Anticline,0.9080744025295908,2.7553669665193694,4049.6000000000004,1
Sandstone,12.966395627550703,402.8705410765712,None,0.5233487127302545,4.011321790053547,2066.0,0
Sandstone,15.674511689014784,451.5574189196603,Anticline,0.6325793642202862,1.2890482136490578,3084.0,0
Limestone,10.802988923463396,483.0285575569968,Fault,0.0539046163984775,1.7708436983319635,1387.0,0
Shale,0.1633112757507171,979.3706742995688,None,0.1048258495224927,4.670972209542769,2378.9999999999995,0
Limestone,3.4651759846939854,120.28124143423732,Fault,0.4502139309565771,1.7708435489010577,4405.0,0
Shale,12.995480919484487,658.5936447728743,Fault,0.8130659492556687,1.3374069292439994,2342.7999999999997,0
Sandstone,15.322724277408069,476.417077272707,Anticline,0.069636316,3.058984141112179,3784.000000000001,0
Sandstone,1.7465253622601895,304.5600015231663,Anticline,0.5102747165282264,3.5804575237035885,2647.4,1
Limestone,0.3003123167740928,452.9526725075431,Anticline,0.1205250022263235,3.643945950520772,3196.0000000000005,0
Shale,13.33882973741714,591.6151167523801,Anticline,0.5100983336748071,3.106775774962772,2765.3333333333335,0
Sandstone,19.013909279781867,190.4058946865161,Fault,0.4794218341127497,4.447302068086984,3074.0000000000005,0
Limestone,19.307286682194604,942.0185270753104,Dome,0.4238455245005766,4.3324895166580175,2196.0,0
Limestone,18.32779162450434,512.9207993367459,Anticline,0.4915484775655723,2.8714877659778013,3061.2,1
Shale,27.14885640509742,105.24226671223504,Dome,0.41943987648995057,2.785516829389385,3971.0,0
Limestone,2.626459920833418,790.9122008423676,Fault,0.15462449679336274,2.409938983879927,1860.0,0
Sandstone,10.607253708968251,465.73021316943345,Fault,0.7418550338142295,3.2337129304227386,1089.0,0
Limestone,24.946223590129968,602.9233642351281,Fault,0.7176173700192593,1.770844422514374,2282.0,1
Shale,13.403095034047563,376.50697081133154,Dome,0.3619779493522852,1.4609918553009678,2577.0,0
Shale,7.496628192927004,526.0241204800793,None,0.4442289230681954,2.2870020727921907,2086.0,0
Sandstone,26.802141872639613,801.8040709,Dome,0.7045786277731994,0.40459706087839653,988.0,1
Shale,21.079206175746865,19.01987159513981,None,0.7157440390004672,3.120218652084375,515.0,1
Sandstone,10.084807732335596,212.9491016680982,Dome,0.3066972703869982,0.051063748,2278.5,0
Limestone,21.6053132027195,822.6286398790962,Dome,0.9419828855732616,4.646752622,3134.1999999999994,1
Sandstone,9.667811815,559.0148482865578,Anticline,0.6315766374191427,3.16631205559247,2410.0,0
Sandstone,24.738790584026788,534.2361724895921,Fault,0.2897153981248582,0.9315358710000001,2039.0741430351384,0
Limestone,26.73941806819367,965.1755600369484,Dome,0.46293149847096793,2.4114290340527305,2814.6000000000004,1
Sandstone,12.624441637398487,575.8594642517546,Anticline,0.4695606297983346,4.748181018109829,936.0,0
Sandstone,13.35155792089489,842.6355601633633,Dome,0.9006793870200173,2.921762013124432,2083.75,1
Shale,15.19051659842437,311.69932815077084,None,0.8819596764854412,0.9053200505954669,4593.0,0
Limestone,14.991179972569878,65.25937354,Fault,0.8087402925663275,2.8426415884401712,4717.0,1
Shale,8.055147517585059,675.9242683059509,None,0.6600301106300229,4.670972209542769,3483.000000000001,0
Sandstone,4.49331395,169.3520715516156,Anticline,0.5331320505993339,2.465243231435284,2823.0,1
Sandstone,25.21810868319576,217.7947612043136,Anticline,0.7314482607086997,2.709466924786119,1676.0,1
Sandstone,13.021565282428702,631.1085906022258,Dome,0.9704174793868636,0.1979186476294897,2964.0,1
Limestone,27.470166967849494,799.4388561092547,None,0.073709819,1.762585320234782,2835.9999999999995,0
Shale,11.889005752474112,642.9373358887362,Anticline,0.4463337404408279,3.65056719,1878.0,0
Limestone,23.90544530316369,802.3422337243821,None,0.5547824658839238,0.509500124,2457.0,1
Sandstone,7.255145862460593,554.4977749200277,Fault,0.3687404269320091,2.771148178633034,2720.2,0
Sandstone,29.822449639367264,715.8472645049002,None,0.7006243581623011,4.448045136578235,1752.9999999999998,1
Shale,10.582591796202813,264.6968932777391,Anticline,0.28982273261594926,3.3292530474649733,1073.0,0
Limestone,10.427120127107074,600.6527799005715,Anticline,0.6272929675748398,1.850613102387717,3548.0,1
Shale,21.243655047018763,960.7673601400148,Dome,0.42254309725054773,0.8689981141671027,2000.0,0
Sandstone,23.147091781674785,340.27990088071573,Anticline,0.444656662844841,1.5541308276243964,2653.3999999999996,1
Shale,3.3362624201465616,843.4136662284454,Fault,0.4312773456598117,1.7059095570418312,1289.0,0
Limestone,6.736784078066891,847.3689515922549,Anticline,0.035844152,3.38712703883714,2719.0,0
Shale,11.69295504176326,357.4783050729978,Anticline,0.2999432568137914,4.658430012543477,3983.0,0
Limestone,12.660782416060213,522.6908912841261,None,0.4653128259078086,1.5443742104467288,2781.4,1
Limestone,15.68589676759576,546.9695289722129,Fault,0.3772064496621794,4.047316334529973,4631.0,1
Shale,29.837825616658204,745.7069610935134,Anticline,0.738976596,3.563561641032563,1608.0,0
Sandstone,21.179481424365505,475.82590805276857,Dome,0.4553391270601564,0.0112649130646186,2894.4000000000005,1
Limestone,18.756483750943147,955.9058186943632,Dome,0.41417310168299537,1.028558797085363,3876.0,0
Limestone,22.39088652939725,445.27796879062504,Anticline,0.7241710858884189,4.631814847090057,3622.2,0
Shale,16.094111735654195,300.92522879341067,Fault,0.2610438172192606,4.855036956390059,4159.000000000001,0
Limestone,10.797421086460904,436.8325922544472,None,0.5099204690745792,0.5638751423504601,1935.0,0
Shale,7.62093053396958,667.8579290567977,None,0.6244156914839147,1.3225220218542966,4018.0000000000005,0
Shale,4.464261436,404.6764489638161,Dome,0.2430574406047079,0.2833365443885993,2064.0,1
Shale,12.070048657119983,871.6357062771441,Dome,0.989045414091152,2.5520077941191186,2323.2000000000003,1
Sandstone,10.909360767583488,384.7227078611164,Anticline,0.6015346226306262,4.555128685783078,1649.6406568126763,1
Shale,14.18971781094458,821.2511508339618,Dome,0.738260681,4.571310030880189,2734.0,0
Sandstone,18.91347711744072,553.8615637012064,Fault,0.45925022400994486,1.847410659650822,3792.0000000000005,0
Sandstone,22.48137050172468,465.73021316943345,Fault,0.7418550338142295,3.835856650859044,3814.000000000001,0
Sandstone,16.73782335452102,833.5442468072322,None,0.1387599653855135,2.3854893983672714,2083.0,0
Limestone,22.44482479163057,764.6579673703475,Dome,0.3133245663008248,1.6161419638895875,1686.0,0
Sandstone,7.097037756333001,433.53457945205446,Dome,0.7100355846022014,1.2434797033350238,4649.0,1
Shale,3.909680198070813,69.43905977421083,Fault,0.003961834,4.8273103752210265,2096.0,0
Sandstone,27.09903382166278,573.648760112537,None,0.5055201186300413,2.0650375049060155,3271.0000000000005,1
Shale,23.95452728791276,382.73274964500905,Dome,0.4707481621908956,4.793287072581674,2760.0000000000005,0
Limestone,15.412678424520191,45.16653319176487,Dome,0.6262734350955061,2.8768420348852257,3959.0000000000005,0
Sandstone,8.380733887364817,166.37525402826418,Anticline,0.6801773513401055,3.1158299199995856,2853.0,1
Shale,15.395252468461077,591.6151167523801,Anticline,0.8456431203863204,4.1926859489879895,2765.3333333333335,0
Limestone,9.014662758979169,763.7876828253259,Fault,0.8581163831992467,4.607813021471752,2461.4178006045845,1
Sandstone,18.84358593730716,572.3107056778439,Dome,0.4382092811112116,0.1307807226620655,2636.0,1
Shale,14.535710355204325,464.8061345589964,Dome,0.3499117082199676,3.936591952768265,3301.5999999999995,1
Limestone,11.55307808469089,511.098634641773,Anticline,0.2189061625913165,0.9763656058961062,1743.0,0
Shale,21.057146134297284,263.558877592587,Anticline,0.680910262306926,2.873584684742015,2916.4,0
Limestone,20.668054396,432.7149670684367,Dome,0.5343635983775159,3.5584805553923737,3301.0000000000005,1
Sandstone,1.6604936765428555,511.693029012769,None,0.7782843661784579,1.6822708133376976,1598.9999999999998,0
Limestone,21.089751784404584,652.1483032776861,None,0.91475222460295,3.503111323597236,4049.0000000000005,0
Limestone,14.724309038041284,131.48014927609634,Anticline,0.3956714921368296,4.2754895531157615,3432.9999999999995,0
Shale,4.553262295533061,266.96726102328364,Dome,0.7326719700006685,3.5436490930322755,3581.0000000000005,0
Shale,27.35183545024898,531.3811900523541,None,0.09947215,3.951191468294947,1583.9999999999998,0
Limestone,12.800126468800972,832.6662022849803,None,0.1428282792167661,3.945122209771184,2247.7999999999997,1
Sandstone,1.3212113816539317,920.3520964336052,Fault,0.4339793511871648,3.185544104807887,2120.0,0
Limestone,8.142925928281597,470.84864159991264,None,0.4524818054829584,2.9795739752495325,1770.0,0
Shale,0.3702313818112202,246.0594123420221,None,0.045371422,1.8248927023437338,1484.0,0
Shale,7.9524385301571785,592.0077235938229,None,0.4716117134452966,3.990767575885155,1970.411221383069,0
Shale,14.047599323089695,213.202317790692,Anticline,0.6159310722250926,0.7093329308090279,3888.0000000000005,0
Limestone,13.53579574352171,95.14611012677018,Anticline,0.3353053585215534,2.97134153015044,2974.7999999999997,1
Shale,29.574159625506173,435.22266073303314,None,0.8819596764854412,3.907244448595072,795.0,0
Sandstone,29.533258607501047,531.736737,None,0.2464342807936556,4.001561203775018,1557.0,0
Sandstone,15.635211747406128,719.4157788336705,Dome,0.5107579661444074,3.424926168829564,3162.0000000000005,0
Sandstone,24.66684337731032,131.74545712422932,None,0.9031525112022932,1.1524875878320655,1752.9999999999998,1
Limestone,24.06609026507569,685.1188919502104,Anticline,0.4327929242068604,4.755186960365119,1958.0,0
Limestone,5.190716092534931,865.1289791,Dome,0.1191076797887807,2.183348051374489,2600.4,0
Sandstone,17.22810382474343,425.1475297385167,None,0.31288199725873955,0.017322045,3065.8,1
Sandstone,22.435157232362155,341.3447381512268,Dome,0.6082256913079294,1.4617772230225297,2813.4,1
Sandstone,12.108776858096912,15.213995505436824,Fault,0.7822853394622158,0.8097874921970387,2728.2,0
Sandstone,11.642412004791769,520.0044601195198,None,0.5643671729184754,3.2090737921927204,1885.0,0
Shale,25.59527436773401,311.8557978066644,None,0.9384129454447588,2.251557356615681,1949.5,0
Shale,28.271503620068305,661.6990332676444,Fault,0.5712569016303779,2.868740075789046,2196.0,0
Limestone,28.132249648044663,544.7071258982983,Anticline,0.1847881150741402,2.4093032619314707,2874.0,0
Shale,10.857769504700466,334.4108945978314,Fault,0.05819777,1.9036348499999998,1415.0,0
Limestone,24.47308213905321,402.4378460042309,Anticline,0.2483184830248425,4.959283976238542,3394.0,0
Sandstone,7.171382953450119,424.9394248926656,Anticline,0.5393353948293033,4.222696214296898,2950.4,0
Shale,28.23644082362057,739.6049886223495,Dome,0.806546608,0.2833365443885993,2772.0000000000005,1
Sandstone,15.260758221881282,170.82258113572115,Anticline,0.6413803109801697,3.950045080142228,4365.0,1
Sandstone,6.595858691069306,495.095188231804,Fault,0.9451376351025174,4.278436839604267,3347.0000000000005,0
Limestone,19.78072161836532,600.1044323742339,Fault,0.759966713959725,0.1011573085255612,4880.0,1
Limestone,10.22899690387454,764.6578055090756,Dome,0.556667686,1.0655421208881444,4432.0,0
Sandstone,2.765038754172969,114.4737300612962,None,0.2464342807936556,0.064178007,2756.0000000000005,0
Shale,9.9421824706568,173.8531814545678,Fault,0.561253821,1.4810521990001855,2114.0,0
Shale,7.601381964880034,920.6330936581172,Dome,0.127443055570123,1.7094505853101882,588.0,0
Sandstone,11.656812917187231,502.7725897,Fault,0.078018699,1.0634603038506492,627.0,0
Shale,6.283673085285332,312.0640667211578,Anticline,0.2790176837653664,4.395997456851111,2019.0,0
Sandstone,8.206260870058108,612.0216583573189,None,0.4681809797648449,4.330840558960319,2600.0,0
Limestone,2.1121608720754246,11.353358624829909,Dome,0.7506502585026682,0.9826836870187456,3297.5,1
Sandstone,18.64612903928808,42.779802162678905,None,0.2572136787516285,1.4725612771888348,2998.5,1
Sandstone,12.804256335054855,486.6673126495173,Fault,0.7635397350913864,3.8527094156952266,3281.2000000000003,1
Limestone,29.107060332446306,543.0823694286527,Dome,0.2877542405623245,4.217448777970051,641.0,0
Sandstone,15.999250873762222,969.2862082559612,Dome,0.4380687194801387,1.6348836077094182,3964.000000000001,0
Sandstone,13.845687827658203,294.4681111543589,Dome,0.7928087754730776,3.6967880253602776,2132.6666666666665,0
Limestone,18.33070234625773,612.4375718,Anticline,0.9080744025295908,0.7945271743774823,4960.0,1
Sandstone,0.6227409637189263,550.9641239178757,Dome,0.4324800004219273,1.646434869200211,4473.000000000001,0
Sandstone,10.772007417765236,418.1299793865009,None,0.4263349054403459,3.789920192525407,1369.0,0
Shale,19.775222844141208,601.7155075118151,Fault,0.6176380505435449,0.3987852086051423,2330.75,0
Limestone,13.338469765618346,554.0915727812356,Anticline,0.5564772336217051,2.6619769760065912,4383.000000000001,1
Sandstone,10.334220253995527,543.3740933013318,Fault,0.5714888506474474,3.594483976605132,1029.0,1
Limestone,15.962420417093472,438.0519514222699,None,0.769543546,4.814327848907237,2921.6000000000004,1
Limestone,29.97148494310935,398.75678964019016,Fault,0.7599666767469665,3.695063718047572,3832.0,0
Sandstone,10.383255004932227,128.22142759950938,None,0.4723586201987673,2.456750202796877,1733.0,0
Sandstone,2.1853589263559927,306.10512044054343,None,0.36801660256554497,0.29555555,2111.25,0
Limestone,13.841497597802713,307.6931826654856,None,0.7458947388831518,4.579372836604746,1511.0,1
Shale,15.764697275937145,920.6336172,Dome,0.7893885694268044,3.856181291912366,2350.7999999999997,0
Limestone,26.926865803594804,299.0821330479075,Anticline,0.2419529095075971,1.040541894985167,4864.0,0
Shale,28.787826150832217,560.0553907593111,Dome,0.6404514738590196,1.9453431527890364,711.0,0
Limestone,3.9610553066998655,2.366616379173264,None,0.4214656481504195,3.753286812358553,3367.6666666666665,0
Shale,13.646173284086046,778.550847237524,None,0.9195252795191448,2.0980651070030443,2270.3333333333335,0
Shale,15.113952693370235,377.3620065856237,Dome,0.7612658360984534,3.4998618493676275,3286.2,0
Shale,11.23947657044486,853.2587124124877,Anticline,0.2790176837653664,4.395997456851111,4937.999999999999,1
Limestone,4.020746829569753,831.2052769594129,Fault,0.3290977589741021,1.770842731384734,2893.0000000000005,0
Sandstone,27.79643342252926,499.61140314499295,Dome,0.5993953819671215,4.600244282,3158.2000000000003,1
Limestone,8.710856561000428,587.9087052504726,Fault,0.5716032246094102,4.425827661279681,3738.0000000000005,1
Limestone,26.670365703328784,522.3973904501657,None,0.9560079245162014,2.328824616502581,3562.0,0
Sandstone,15.249612252178759,632.175715150175,Dome,0.2696478616396116,1.4089388796201212,1072.0,0
Shale,22.82657933014529,466.92722374302014,Fault,0.8164256365525382,2.0530206253375405,3252.0000000000005,0
Shale,14.263908185073612,920.499349815563,Dome,0.9922396637046084,4.742795002328802,2506.0,0
Shale,0.4746951599046246,203.37318873650474,Dome,0.47453267916664543,2.957543579205834,3975.0000000000005,1
Shale,7.1125412555202026,851.3561780592992,Fault,0.6858151661720446,1.8928927870479,3248.0,0
Shale,3.460884039171116,920.6332907020961,Dome,0.4562885985520006,1.4342721694690532,2866.0000000000005,0
Shale,13.761153470026148,161.21386093150537,None,0.6490952736374213,4.670972209542769,4996.0,0
Sandstone,9.040711765753144,687.1991923033747,Anticline,0.7071602939808602,4.720642995076898,1450.7653874978746,1
Shale,8.440518655615248,633.3958765023348,Fault,0.09759754,2.690271014689256,2846.5,0
Sandstone,20.65072874740973,587.7870257256831,Dome,0.6566489242366188,4.4223232680958375,2735.8,1
Sandstone,15.696391649126246,451.97158060136536,Dome,0.2658784853850978,1.2383176825831508,2943.7499999999995,0
Sandstone,20.81629605964848,707.9949269,Fault,0.9344306600118266,0.9064572359429496,1595.0,1
Limestone,15.626573481020376,449.12181634148664,None,0.1669540057044455,1.1414253105970174,2178.0,0
Shale,9.832416776883845,580.0783057126397,Anticline,0.6125417734210956,1.0951751659200175,2999.9999999999995,0
Limestone,20.83961318430526,672.2719419628015,Fault,0.084390747,1.7708436983319635,4277.000000000001,0
Limestone,16.97226078212704,427.9953796,Dome,0.3529533315547776,0.9792538845163186,3297.5,0
Limestone,9.857118981968828,297.9068583535684,Anticline,0.7414399520442692,3.378981164462443,1224.0,1
Shale,14.261575660664471,259.98089525487984,Dome,0.5663141444715104,2.683578051485102,3209.2000000000007,0
Sandstone,7.191272347,275.10806122707965,Dome,0.7420708576995805,2.0727744293061336,2278.5,1
Shale,11.541977295223347,920.6324025745147,Dome,0.8326515022526404,2.370157911844601,1123.0,0
Sandstone,14.113900357175353,397.1093435158171,Anticline,0.0490312463656811,0.23284734931218629,539.0,0
Limestone,9.472603524009346,696.5343629306196,None,0.4709453373670335,3.8943300237409626,2475.0,0
Sandstone,15.133607985404618,822.3889441523966,None,0.23560606560575736,1.6339696678104647,4159.000000000001,0
Sandstone,29.594622047151887,425.7292427195888,None,0.0582643135410523,2.8976871401589728,1477.0,0
Sandstone,7.554202981526444,384.7227078611164,Anticline,0.6742915055672372,1.2138989107103977,1649.6406568126763,1
Sandstone,10.778212906273895,960.9432499748305,Dome,0.3498087486871943,1.4856540647757217,2127.7999999999997,0
Limestone,19.178864179963725,294.06272391399364,Fault,0.025925894,1.3071768817675127,664.0,0
Limestone,11.848355580643863,693.9901311562338,Fault,0.5333608058541323,0.3702398280695695,1162.0013780488307,0
Sandstone,11.51061849367647,130.11844629523685,Anticline,0.7711469841086112,3.168730578452276,3195.0000000000005,1
Limestone,23.89525559171125,413.790177216262,None,0.2903206039335662,0.6781047975229787,1818.8778493958644,0
Limestone,29.925543935180247,641.3629535117722,Dome,0.8090863158033444,2.790695493960096,2733.0,1
Shale,6.141583618499968,226.23192935092104,Dome,0.47086324193516726,4.549672239708936,3072.2499999999995,0
Limestone,1.8270579929848,142.7912775486392,None,0.3747513671863737,1.529884490205151,2090.0,0
Limestone,2.137749979446837,521.9671330841836,None,0.4574580416335462,2.080402385844163,1709.0,0
Sandstone,12.925748261468122,824.1564087679084,Fault,0.9572356114840272,3.1855441048078865,3507.0000000000005,1
Limestone,4.938852847760062,705.6573282057852,Dome,0.4213570877456067,4.501697417202687,3297.499685568253,0
Limestone,2.0391989945821107,369.7164667563425,Anticline,0.5242366565631603,2.9679806747411046,2955.9999999999995,0
Shale,20.21072126149192,697.780540432539,None,0.5695659175775012,3.818748347416757,2246.0,0
Shale,24.99613069790023,761.0027462034302,Fault,0.2006641166884424,2.3483642648838616,2215.0,1
Shale,19.573148130707015,740.311822519746,Fault,0.3393726242089383,4.1645913906431495,2795.8,0
Limestone,19.25215418722756,831.2084876,Anticline,0.7372375500202536,1.5180648291351644,2928.0,0
Limestone,20.25137821023692,475.2335663960688,Fault,0.2702047633041317,0.09580019799999999,1206.0,0
Sandstone,18.44997185120245,509.00600473766053,Anticline,0.1948040797930209,2.929551984281469,2683.0,0
Shale,23.968456862151186,734.2703462,Anticline,0.5240899675544575,4.296063243215837,2188.0,0
Limestone,8.025810907450271,319.35647857913284,Anticline,0.498147157,2.266557682136451,3432.9999999999995,0
Shale,4.876139624061235,996.6759359442393,None,0.963683272260502,1.2645970665698405,1949.5,0
Limestone,8.527177952549778,929.2070974880464,Fault,0.7365579823309495,0.4290148111301205,2500.333333333333,1
Shale,24.2260876619398,920.6330186371939,Dome,0.7834223015721056,4.081070772655067,4310.000000000001,0
Sandstone,13.358729060569335,685.1106067,Dome,0.990356758,4.24887743181112,3342.0000000000005,1
Limestone,11.901828014051576,683.0250087161389,None,0.5920248165277222,4.944902335081877,2833.9999999999995,0
Sandstone,0.767093973,450.78284718798267,Anticline,0.40484045657895545,2.4798459471016,3139.0,0
Sandstone,7.387324829118002,339.6549761914117,Dome,0.6225723701614396,1.6482662522728413,3074.6000000000004,0
Sandstone,21.012953974695115,121.22009980280896,Fault,0.3773277743022193,4.876904369837059,517.0,0
Shale,12.192556230064136,589.5415566439649,Fault,0.7798835857345133,1.5085893592761783,2096.3999999999996,0
Limestone,29.327698810351297,962.3877833048396,Dome,0.5759720042296392,4.521404183310031,1459.9999999999998,1
Shale,16.74295879349952,470.8769114544206,None,0.65136867331493,4.032037271461214,581.0,1
Limestone,15.05785682182023,479.3504413314562,Anticline,0.3510654894471893,0.5260346449650821,3731.0,1
Sandstone,9.72587532806999,551.5227000663054,Anticline,0.2069531519486293,1.5777968230298574,3082.2000000000003,0
Shale,23.405678054489847,721.7676839585408,None,0.8819596764854412,0.7488406367061828,1451.0,0
Shale,5.736315532402254,431.8145453890967,None,0.5782333344978777,2.65306438270658,2739.8,1
Shale,12.097341790443638,623.8146955604179,Anticline,0.1817475826890936,1.5823123716382128,2777.7999999999997,0
Limestone,10.250237214553623,801.5708776255838,None,0.2138352556671305,0.0606899840837943,1781.0,0
Shale,3.3603513920461703,851.3545006690761,Fault,0.5177881704805695,4.148722188266711,1674.0000000000002,0
Sandstone,22.01716131005608,559.6266940998685,Fault,0.905541661,2.472316632505947,2794.0,0
Limestone,3.710725518412822,637.0109936544175,None,0.32874635799956775,1.121241809519536,1078.0,0
Shale,1.385894496048865,361.3869973,Fault,0.25028050929873774,1.155515123,1548.0,0
Limestone,11.787280068146798,917.1611206666132,Dome,0.5765403407558173,0.5206238121869694,4419.0,0
Limestone,14.777970156654424,476.0753395517942,None,0.380599119888637,1.9262914005313025,4930.0,0
Shale,5.872380886,565.240428634596,Anticline,0.8435487928283237,0.5867135320184463,2741.0,0
Shale,3.6633454777286376,770.8548411603584,Fault,0.553998334551255,3.0719249237764434,3397.8,0
Shale,6.972121386432394,734.6489260165214,None,0.1488872026237667,2.926478202,1546.0,0
Sandstone,11.91814418521379,414.8940040218389,Fault,0.8366531276266775,1.4310019853249196,2388.0,1
Limestone,11.530880364003616,625.3944347,None,0.47224366078939345,2.238116254598229,727.0,0
Sandstone,3.607529597122039,397.5293543431901,Anticline,0.9870087503089592,4.879456590995995,962.8492898185932,1
Sandstone,8.636390342090426,608.9261086339611,None,0.9426461464796644,4.842628157556095,1016.0,0
Limestone,3.812887206553177,722.3753488216129,None,0.5956934958135682,1.3783836624059949,1468.0,0
Sandstone,0.8353172273224019,451.6381981793647,None,0.5175934161264422,2.1308804763170968,3293.3333333333335,0
Limestone,5.770390894617452,857.4704957100193,None,0.0592727867679772,0.7730625733174845,1815.0381604219976,0
Shale,29.99254690287133,512.6987094381557,Anticline,0.3263612882246169,0.9946420683263997,1118.0,0
Limestone,0.7077590334238759,489.2174622232104,Fault,0.2135630084578761,1.7708436983319635,1899.9765683864812,0
Sandstone,25.87489522204756,583.9159765478146,None,0.3729315685666111,1.297688575820243,2806.0000000000005,0
Shale,3.660222407306671,802.6573555220331,Anticline,0.8525230068217636,3.958279176939152,659.0,0
Shale,5.280742651234014,327.41432141489383,Fault,0.2728170787634203,4.203395555772905,2458.0,0
Sandstone,9.37991510363131,804.4768124686111,Anticline,0.5795184612220051,4.713035699076631,2230.0,0
Limestone,14.261856923074426,975.0938536761182,Fault,0.007670799000000001,2.5363758882750287,3463.3999999999996,0
Limestone,7.105484117896388,764.65802926205,Dome,0.2243783339301854,2.577158648304804,2754.0,0
Sandstone,4.817810851299257,72.08410062669851,None,0.1436764363547702,1.8055273972453607,3513.000000000001,0
Sandstone,22.95811572350871,357.35642437551473,Anticline,0.4787199,2.930333463305628,4018.0000000000005,0
Limestone,12.475840182238429,115.39169027251243,Fault,0.0260555527950701,2.0505694160257866,2728.660233127143,1
Sandstone,22.96630109067608,526.693229519686,None,0.5279504951786752,4.9946125423166645,3924.0,0
Limestone,24.25711602442171,228.2633999781933,Fault,0.15462449679336274,2.409938983879927,3749.0000000000005,0
Shale,9.448561857562783,400.8437522552335,Anticline,0.0149289672360176,1.7352291462394231,2584.25,0
Sandstone,18.23335315820661,852.0168434991762,Dome,0.8597038882047439,4.050026016949691,1703.0,1
Limestone,29.03228474501147,580.2000627268465,Anticline,0.1146574965245906,3.3871268478186396,1608.0,0
Shale,13.30677263912329,708.4617519137353,Dome,0.5870043605916931,3.530619739579116,1537.0,0
Shale,9.526637396085052,456.1607575928738,None,0.3009865092617835,2.796738062714333,1098.0,1
Limestone,4.865121814115642,547.5141535838276,Fault,0.7599665679142321,3.6916876790388247,4575.0,1
Sandstone,13.662986266727271,453.4357651379684,Dome,0.004001676,3.9681105264978864,3514.0,0
Sandstone,4.910269911891836,943.291049063622,Anticline,0.1246116764636666,2.8113437311071694,1715.6592484227365,0
Sandstone,3.7632535335156003,692.5647279716908,Dome,0.3570353426088887,3.715542566412162,2731.1620988873537,0
Sandstone,16.245201199300517,424.330002187819,Fault,0.291178168,1.5280362908271097,3071.6000000000004,0
Sandstone,11.490072191640918,695.9795891549417,Dome,0.4391044474069674,0.5438411577688829,2633.6000000000004,0
Sandstone,1.5064329507136576,356.85510593661536,Anticline,0.7346220404322331,3.5890920604908856,1598.9999999999998,1
Shale,21.882463461796217,297.6772034028156,Anticline,0.1021150889490368,3.3459247050139584,3563.0,0
Sandstone,0.2417731002635936,942.2914857716752,Anticline,0.908593587916376,1.534772509633101,927.196706386292,1
Limestone,10.58073360509204,573.2858928669209,Fault,0.9980205148205228,4.977234987974923,2596.254362309303,1
Limestone,7.090097708062536,452.9526379178926,Anticline,0.1878053168359833,2.308016084,4544.0,0
Sandstone,20.066587640678684,857.6277684824839,None,0.46882019940687025,3.23455703770104,3580.0,0
Sandstone,2.9252307739162573,387.6802460779018,Fault,0.8866131428716211,0.1199470373976041,2309.0,0
Shale,2.2659980747072286,512.6988057934744,Anticline,0.2964465112899875,0.3901433214278399,584.0,0
Sandstone,20.416744853373043,841.6742083,Anticline,0.36103750775176907,2.307028169192584,2754.3333333333335,0
Shale,13.530795565485361,973.9038893,Anticline,0.7962824382950623,2.471025864118857,2764.2,0
Sandstone,10.824189341340077,655.5169710347413,Dome,0.48675041959791826,0.8443434607486638,3112.0,1
Limestone,16.878333440352765,906.989495242194,Anticline,0.5713466113154709,4.650243318207643,3809.0000000000005,0
Limestone,6.197430486653425,568.4185785306207,None,0.8012141878430362,1.6889307264535043,4763.0,0
Sandstone,13.01613122858168,376.1324697844995,Fault,0.7575868187664275,3.369442560595666,2718.0,0
Limestone,24.757459999565427,823.4922297524147,Dome,0.6682971221958884,3.3140901444201125,2635.2499999999995,0
Sandstone,11.98974006257261,759.0147886916845,Anticline,0.47060040846298645,1.519540681909108,2251.2140278577995,0
Sandstone,6.282530124655628,800.1916808829793,None,0.4795439274571891,2.3854893983672714,2083.0,0
Sandstone,7.892400897725724,170.82258113572115,Anticline,0.4929845578183954,4.980235610632328,4807.0,0
Shale,19.07818730224301,591.6151167523801,Anticline,0.5775349249438466,2.3297759890286818,2765.3333333333335,0
Sandstone,9.181414986863144,843.6356899563885,Dome,0.3861869441194644,0.6596110421173423,2278.5,0
Sandstone,8.784386002115063,357.35642437551473,Anticline,0.8661153782252905,2.0036708939718406,4018.0000000000005,1
Sandstone,8.227024896499504,413.45967898826603,Anticline,0.6820853462478015,3.579231221759584,3927.0000000000005,0
Limestone,11.382263459738207,460.0238177491152,None,0.3949604276103488,2.551795405973236,1585.0,0
Sandstone,10.61090059742202,955.9141732,Anticline,0.3872618122731889,3.207329355529948,1549.25,0
Sandstone,29.86532904047599,828.2314831901434,Dome,0.096460104,1.218130934678938,2667.083132277132,0
Shale,12.676181406715646,615.9092954997778,Fault,0.5195021247618623,3.0948670419119257,1069.0,0
Limestone,5.315775030335733,288.265903,Dome,0.9619247578160508,4.115005874456724,3698.0,1
Shale,3.573196076301488,490.4038506397898,None,0.2623172144980064,0.9686925573252436,4679.0,0
Shale,11.16360645725096,283.7339489178858,Fault,0.2610438660776544,2.08997128940008,4996.0,0
Sandstone,13.933778147135374,417.92573998543503,None,0.2132203490700008,0.34456089963940667,1801.0,0
Sandstone,9.963293499243736,425.7286912336883,None,0.7498392836454242,0.3087485208388885,2232.0,0
Shale,19.156311822057404,843.4136662284454,Fault,0.36343287705122623,0.5672684313535492,3790.0,0
Sandstone,15.249612252178759,632.175715150175,Dome,0.9274036757291032,0.19680970871064352,3725.0,1
Shale,19.462054166272026,358.7207958099623,Anticline,0.064157862,3.764509540782173,2760.7999999999997,0
Limestone,0.2954047503603285,773.3754522306584,Dome,0.4414043998764747,4.359904612713076,3297.5,0
Sandstone,16.48285836865548,168.53800885214187,Fault,0.8557290841417408,0.6615850792855027,1862.0000000000002,1
Sandstone,17.058605919419954,341.4759521011471,Dome,0.8789551112920235,2.195089662145544,2252.0,0
Limestone,17.602443569020288,695.0942096,None,0.5738858673758923,1.7647220736875897,2758.333333333333,0
Shale,5.843204930616776,135.58101513885603,Fault,0.6006779229552052,1.8618959419555539,3423.9984470691215,0
Shale,13.463364119838444,806.5964164273278,Anticline,0.608330255,0.2957804776863965,2999.9999999999995,0
Limestone,20.092633536547435,495.1031728987954,None,0.1462257492179137,2.080402385844163,1575.0,0
Limestone,26.05232363824146,483.0285575569968,Fault,0.5659948382691918,0.1271617068097008,630.0,1
Limestone,21.166881349490733,429.13604798919033,Dome,0.016080086,0.8309114216170965,3297.5,0
Sandstone,15.936984281463502,491.7475371750526,Fault,0.8866131428716211,1.9708497526411153,2579.3517728944894,0
Sandstone,25.25950584174679,463.6177385154533,None,0.320172291,3.718094397581651,3602.25,0
Shale,8.353726391,585.193809208963,Fault,0.6760560009786126,3.3785494290197056,3054.6000000000004,0
Shale,26.01532063354057,285.38971755487086,Fault,0.4685162277036508,3.2217221793720325,2301.0,0
Limestone,15.7843191120378,326.5041899174571,Anticline,0.5307872649659102,2.9996184562482067,2780.0,1
Limestone,18.79975917274023,478.7024430128539,Fault,0.1591590318499031,0.4300194886736447,3782.0000000000005,1
Shale,4.169069756598738,554.2864519365074,None,0.6935264272259882,1.362241095887077,4916.0,0
Limestone,12.600122222442147,463.9437675726926,Fault,0.1497255641461903,4.617033031591974,2095.0,0
Limestone,8.772452516527439,518.4738129931476,Anticline,0.060816312,1.2821905299922904,3023.0,0
Shale,29.756785719589256,695.8089315795129,Dome,0.2391430225014869,4.919388097085462,2790.0000000000005,0
Shale,0.8241168753895456,160.80295455018657,Fault,0.368030053,4.7672547816859705,3424.0,0
Limestone,2.244636155849191,433.86187197284835,Anticline,0.0076512460000000004,3.4410140522259267,3666.0,0
Shale,2.759535320123998,407.31737987012434,Fault,0.2728170787634203,3.628112389923479,3381.0,0
Sandstone,23.186417323905545,300.429755236204,None,0.3464782460404394,2.103286406347355,1596.0,0
Sandstone,15.878023444307704,228.8456401045079,Fault,0.088935245,0.2295325757869287,2736.0,0
Shale,4.875469343,6.629125102,Fault,0.5708694983075259,3.990762036552242,2713.9058395247903,0
Limestone,18.824036962982184,520.4995267432342,Dome,0.50373286336756,2.9500407323634197,2538.0,0
Shale,15.10859813920804,626.9984697815358,Dome,0.33963884666028454,0.4301307694343509,1964.0,0
Shale,4.410448646993357,99.28710701,Dome,0.8026712203158792,3.9658760334210834,4534.0,0
Shale,23.74390622668557,920.6333285566305,Dome,0.001433399,1.3157561836710596,4596.0,0
Limestone,27.508261446027475,797.1508078196497,Anticline,0.5673608506813306,2.927241457423115,3225.0000000000005,0
Shale,2.2986720597660817,619.9745153450411,Fault,0.48127455947938413,4.998872388027642,2744.0,0
Shale,9.493637296,143.41370087780507,None,0.882092979,4.670972209542769,1389.0,0
Limestone,15.266557655227372,367.62936996876505,Anticline,0.49654832411185074,1.8121458528915622,2025.0,0
Shale,13.83500704,728.6863223945768,Fault,0.46045505731123304,2.5790105083273964,3583.0000000000005,0
Shale,13.497469981817982,598.3130812710691,Dome,0.40539815063513457,1.6025497757980682,2785.5,1
Limestone,7.488741132317501,26.31231529501889,Dome,0.5765403407558173,2.9892763803340743,1320.9999999999998,1
Shale,12.645264330763755,530.9034546727479,Anticline,0.6797015203711821,4.234178898755027,4670.0,0
Limestone,14.991179972569878,675.7290326981587,Fault,0.8091272253580883,1.341439254444163,4706.0,1
Shale,18.933510836767045,643.3699672045814,Dome,0.2109165561406798,0.2833365443885993,513.0,1
Sandstone,8.047510767669323,475.1117331142735,Fault,0.8309019891677106,2.9515826824949105,2202.6,0
Sandstone,29.57304748757224,79.82292766170985,None,0.4814312028120059,3.9885328674368834,1697.0,0
Limestone,14.676817642497577,976.5135440102048,Anticline,0.434989239,3.981068845089503,4888.0,0
Shale,1.2285459644843932,322.7101737695116,None,0.510353543053064,2.8017258973297334,3058.0000000000005,0
Limestone,18.350123932142775,862.2419693780287,Dome,0.9496941809192124,3.635286627864313,2129.0,1
Shale,27.92472224970342,147.6548301222424,Anticline,0.5050166538990986,2.150117936725049,523.0,0
Limestone,22.443170036624675,513.5988153415013,None,0.6566486050322533,0.037006697,3184.2,0
Sandstone,15.638306364043771,757.6447961326963,None,0.2427982645276724,0.9962618659999999,2390.0,0
Shale,4.120852379060227,133.51123057951156,Fault,0.2405378933050502,1.2576569520748793,4166.0,0
Limestone,8.441789465164891,641.3629535117722,Dome,0.6033139044459218,2.0651355581576407,2733.0,1
Sandstone,3.468168318345366,229.69088864601292,Anticline,0.1038149131224915,0.4007167766677211,769.0,0
Shale,27.89806782222257,300.6739342,Fault,0.5639461282688776,0.009686546,4365.0,0
Shale,2.4729981605697224,456.430514843239,Fault,0.6030082724225491,2.529808370031002,1380.0,0
Limestone,15.944377388454626,483.0285575569968,Fault,0.089797266,0.3925886310591142,634.0028503758427,0
Shale,7.699089722048742,209.1185908103134,Anticline,0.8908151473615851,1.4084920055972534,3133.4985274933792,0
Shale,25.65235157909064,935.3348924193516,None,0.4442289230681954,2.2870020727921907,1097.0,0
Shale,21.47207779232386,434.59905634918925,Anticline,0.5058046230176674,0.4802635979477715,2708.098421625551,0
Sandstone,7.307133775938958,956.6142865947074,Dome,0.8523740974825584,1.3719354510285264,1447.0,0
Limestone,16.039751343278656,329.8963766100643,Fault,0.2030296652331139,1.9992109276310064,1162.0,1
Limestone,14.402704267201392,299.81701548034573,Dome,0.4395675616485584,2.604744279963495,1417.0,0
Shale,5.218826630886766,318.2281119976828,None,0.056841951,4.732529976987288,4413.000000000001,0
Sandstone,9.771066347331068,402.1147379304173,Anticline,0.1387379112267776,3.1249023665487976,4448.0,0
Shale,11.486494418525504,487.3202699062602,Fault,0.4976382118376917,2.868740075789046,4036.0000000000005,0
Limestone,17.99657364158324,478.7024430128539,Fault,0.5267651710909123,3.908786950875622,2397.0,0
Limestone,9.24577515119874,714.0321990565566,None,0.4515118390746734,1.9265574825720089,1477.0,0
Sandstone,24.369785407411847,411.8411460803902,Anticline,0.6871736926095025,4.578819320905588,971.5,1
Sandstone,27.51230338,537.0922753975021,Anticline,0.2750499351961013,4.006098457,2754.3333333333335,0
Sandstone,10.207190186900464,729.6966678887322,Fault,0.5463684910261374,4.1961807405688125,2354.0,0
Sandstone,22.72645179400114,384.7227078611164,Anticline,0.5184958989705009,2.984998565503328,4966.0,1
Sandstone,6.233713941142614,447.4688720690864,Anticline,0.4505540480989268,4.069624381,2367.0,0
Sandstone,1.517905610297452,657.5541115039567,None,0.062267642,1.073957991113355,2499.0000000000005,0
Sandstone,19.237108905993782,726.3337872817062,Dome,0.080941134,4.199955978,2679.8,0
Limestone,24.65257250956171,194.34982986633304,Dome,0.42204088191456973,1.0124911233232765,1980.4,0
Sandstone,0.9533545307197331,753.0642090627209,Dome,0.47319927564163383,0.7529024705171139,1043.0,1
Limestone,25.74416775079963,981.7028214311116,None,0.8965082351115314,0.5072823607201726,3563.0,0
Shale,12.936314545929866,766.9694179156538,None,0.3675319479281169,0.1531784610307163,1967.52427928014,0
Shale,1.056455205765705,39.85691643457932,Dome,0.1489827584099924,0.3975179160306902,1537.0,0
Limestone,10.11800688162679,129.87517084823563,None,0.078468612,2.1013430976840453,2758.333333333333,0
Limestone,13.69240319137273,856.5866016007845,Dome,0.5225156268160511,3.5584805553923737,4442.000000000001,0
Shale,14.761634681472016,506.0802453532131,Anticline,0.2889434179648537,0.092007773,2996.5533293200747,0
Sandstone,24.00457945175252,212.88239500736037,Fault,0.566250868,3.7496430959627065,1029.0,0
Limestone,14.991179972569878,659.2078003,Fault,0.4609797866933571,4.066274755609495,915.9999999999999,0
Shale,9.67764721883633,643.8694292737923,None,0.5533981952867529,0.558765019,4982.0,0
Shale,9.398280334145362,603.5856345811142,Anticline,0.555469621,2.3441026222411594,1887.0,0
Limestone,11.035520838223754,182.51130848395377,Anticline,0.631498836751241,4.884082045922801,4435.0,0
Limestone,2.798935664302306,369.7164667563425,Anticline,0.5892560729026746,4.326227853538011,2736.4,1
Shale,14.11237044252702,759.2929580570411,None,0.083270881,3.1770169195230435,2756.0000000000005,0
Shale,11.895494065309869,610.2189478803846,Dome,0.5710584652491011,1.6315474091168147,1508.0,0
Sandstone,8.977452577804813,845.4918852839074,Dome,0.2467054072750285,0.8647242093543662,4587.0,0
Limestone,7.704274069007191,594.0196033528147,Anticline,0.4660657843187356,0.4984501828701898,1982.0,0
Limestone,12.866531681841304,46.99911488485366,Fault,0.5531015621304658,3.290694718234205,2487.4000000000005,0
Limestone,6.2331188831918505,313.8479817193168,None,0.6732054099635502,3.5333694445955057,3628.0000000000005,0
Limestone,21.672341533906337,327.9230575979112,None,0.33927226824668155,2.2015338984108177,4726.0,0
Shale,21.63673402496749,231.32009842129645,None,0.5172518254386435,3.129399164993225,4749.0,0
Limestone,14.991179972569878,225.72509383315685,Fault,0.7680814070435371,4.615160853983362,747.0,1
Limestone,20.503613322225267,140.15739271769374,Anticline,0.8903124909481418,2.9598629643802914,4305.0,1
Limestone,13.261372270733416,991.7077616,None,0.3244534216181676,3.8979554799999994,4279.000000000001,0
Sandstone,24.09111482302416,170.82258113572115,Anticline,0.5616633369429792,0.5937779213322109,1076.0,0
Sandstone,13.970476252868384,512.9273289751403,Fault,0.2671845171706855,0.7631789566542219,2039.076189203394,1
Shale,7.589689047948036,786.5065997036816,Fault,0.40385039842587966,0.7863172362366866,1665.0,0
Limestone,29.429589083960494,469.4922802381263,Fault,0.5776955876901549,2.221772450630923,634.0,0
Shale,3.083047279493454,145.96562474612352,Dome,0.8810096692124272,2.860168830802709,2734.0,0
Shale,1.1265696018013682,565.240428634596,Anticline,0.8435487928283237,1.4305001871020018,3706.0000000000005,0
Sandstone,15.25607811112816,964.4190353652536,None,0.36757072083455633,0.8335655580846374,3490.1999999999994,0
Shale,12.645264330763755,530.9034546727479,Anticline,0.5780949074597088,3.5524303414478204,4906.0,0
Limestone,7.934154500015723,251.90724295692746,Dome,0.081089628,2.553132673867771,2289.6000000000004,0
Shale,16.223412400807515,731.4826061762848,None,0.7567814621140921,3.33661078555218,1012.0,0
Limestone,10.216442169689408,484.37748894032967,Anticline,0.5293367877699884,3.225174171721755,3669.0,0
Sandstone,22.88680006663092,441.3250356351048,Fault,0.5333990721877534,1.751348446657585,2034.0,0
Limestone,0.3165336735056956,678.9707877456838,Fault,0.0490887499489905,1.7708485028749807,2237.0,0
Sandstone,15.967927552321317,148.59857811352313,None,0.31113069664092013,0.6429587061272302,2250.6,0
Limestone,25.42920988527765,530.8024233135646,Fault,0.8844574755605131,1.7708436983319635,1903.0,1
Shale,14.986461038591257,470.7601566117164,None,0.8819596764854412,1.927419453653603,2722.0,0
Limestone,29.520945428373903,526.9929282855028,Dome,0.5173819588480452,0.006172623,2936.0000000000005,1
Limestone,10.232829497622053,641.3629535117722,Dome,0.1151624013887124,2.6477906367534265,2733.0,0
Shale,15.872610161393984,119.03739439450986,Anticline,0.40032355087206234,4.197335482920837,2812.8,0
Limestone,7.704274069007191,416.1048027295004,Anticline,0.5782538453367186,4.307640651490192,510.0,0
Shale,21.666482960209382,747.4269963691107,Anticline,0.4524517723524871,1.778584487769679,3801.2,1
Sandstone,21.393054532979907,176.02716056111598,None,0.921526856,2.7917251934123404,4100.0,1
Sandstone,27.97608257406672,212.88204669979373,Fault,0.2035534561774709,1.6004654902277786,1029.0,0
Shale,12.9591101774882,446.0132297,Fault,0.8349950222048218,4.7122572236703295,2571.8,0
Limestone,21.74793592558857,715.5062545821427,Dome,0.626387796,2.8470787207253743,2853.0,1
Shale,28.31987720131834,550.577745896126,None,0.7881732639427106,4.072925667839047,2516.2,0
Shale,10.413861327357468,53.193338117127055,Dome,0.2597111040663301,2.958849249810966,2971.2,0
Shale,13.003910991993711,154.83400228717937,Dome,0.1491860340634647,0.2833365443885993,2811.0,0
Shale,29.04336709218349,40.111393732800906,Fault,0.2728170787634203,3.1888136002361884,3597.0000000000005,0
Limestone,6.944402877389647,420.6522229569121,Dome,0.4068022786343809,0.8798065933049282,3292.0,0
Sandstone,28.223198990685027,360.8019910605777,Fault,0.795545276,1.685848014171578,1029.0,1
Limestone,11.26323329003738,488.3138378976431,Anticline,0.7512440301848715,4.2813008438330415,3843.0000000000005,1
Shale,10.08021176970326,516.7345082488687,Dome,0.7816097991271752,2.660590733855114,2801.6000000000004,0
Sandstone,16.441697152969613,606.9717381457267,Fault,0.42888470131397977,4.0956255087137325,2384.4,0
Sandstone,18.249386107837303,155.20740812600442,Fault,0.917541081596636,2.236261732598061,3149.7500000000005,1
Sandstone,11.181709647549782,19.43876831440428,Anticline,0.5194483713761749,0.4042601651980915,3112.8,1
Limestone,8.950132307624962,399.94821495057283,Fault,0.1794072409021057,2.7629947100446164,3769.333333333333,1
Shale,9.788467989913643,585.0373869044403,Fault,0.5395151135743653,3.864725395090216,4378.0,0
Limestone,27.23252400723713,483.0285575569968,Fault,0.9862697472955654,1.7708436983319635,4602.0,1
Limestone,19.24705700054983,153.4216500780764,Anticline,0.090588002,2.381541804565262,3626.0000000000005,0
Limestone,4.362579907244781,802.6492937360122,None,0.6376292474279519,2.6229654397932145,3828.2,0
Sandstone,18.86619433239916,96.85979919164332,Fault,0.2428295441933406,1.7902745611619904,4649.0,0
Limestone,11.836533878441196,667.8759041478561,Fault,0.4937043298479217,3.883842042548223,2886.6,1
Sandstone,15.039479905656668,524.556009958694,Dome,0.6610235434248729,1.7165839744055233,3089.9999999999995,0
Sandstone,8.219663446290543,897.3460819,None,0.36801660256554497,2.8495454010638084,2111.25,0
Shale,0.548252092,675.5142260961123,Anticline,0.3722702581266772,0.082032144,4329.0,0
Shale,15.702215552024155,909.5513372507224,None,0.1380309151966365,1.1753050250502066,1949.5,0
Limestone,1.8028923113451043,626.4163247008279,None,0.1647728019118859,2.3301705975001847,2616.271077007646,0
Shale,18.24895960021953,832.0561756929728,None,0.4288236938939078,0.9828318835510368,3156.6,0
Limestone,8.469415026321606,648.0216868,None,0.755577195,3.947821565754819,1642.0,1
Limestone,23.089264916509634,764.6579673703475,Dome,0.2021426062433853,2.756813394059072,1627.0,0
Sandstone,11.488121468748512,634.9155907207653,Anticline,0.5324923241274829,2.919311406455176,1821.0000000000005,0
Sandstone,15.369727485559379,772.6385886276569,Fault,0.3398427151498068,0.524356105,2232.0,0
Shale,22.39809613932612,104.15555062664647,None,0.953322160466356,4.670972209542769,4778.0,0
Limestone,11.57348262297947,517.7694810001586,Fault,0.6842392266025806,2.4183124513638505,2463.516018491447,1
Limestone,29.574109783509147,462.37260012604776,Anticline,0.6806985960805767,0.0265125546642303,1856.0,0
Limestone,2.269833117123325,117.9280276336198,Dome,0.9792330832972445,1.8050317240883287,1354.0,1
Sandstone,26.65392329768762,639.6546674839295,Dome,0.4935169867247723,4.811697115085827,4910.0,0
Shale,17.502786454322734,958.0240715554904,Dome,0.08960706,2.729082107761562,3796.0000000000005,0
Shale,27.895755015016828,99.80554209051404,None,0.8669939837581565,4.670972209542769,900.0,0
Limestone,22.651812444485483,115.68117103116592,None,0.8968792951421874,3.2826521809409304,1508.0,1
Limestone,16.237146433014903,551.8228221577426,Dome,0.7332607259032996,2.9973842175720846,1475.4,1
Sandstone,2.957487811,610.0547424055992,Fault,0.6954531233884886,2.867809823663001,619.0,1
Shale,12.196703514243127,631.0055543391209,None,0.5111275430456123,2.256949494169987,2238.0,0
Shale,28.68398569027107,380.0659414940704,None,0.1099559617621799,4.5917778858228315,2213.0,0
Sandstone,4.012820852310065,384.7227078611164,Anticline,0.4043168136146872,2.0169475581130247,3944.0000000000005,0
Shale,24.08943903927312,502.2111038718034,Anticline,0.1468199856413458,4.045824879871985,4540.0,0
Sandstone,5.851641667,289.225271558369,Anticline,0.3438176904066171,1.3344537307478137,1619.0,0
Sandstone,15.484044140234936,393.00670313887326,Dome,0.2593662020774835,2.745407189126606,2571.0,0
Sandstone,22.6678181764248,382.4629541244923,None,0.8933565746596509,2.093155309302452,2467.0,1
Sandstone,17.53187764768372,133.0112347916907,Dome,0.3505946722761345,3.2981501225078325,4383.000000000001,0
Sandstone,7.17043604,703.506164514965,Dome,0.1527872736434671,2.9355556352901657,2278.7388701401064,0
Sandstone,11.61840104853026,366.7579401669902,None,0.6675252410902981,2.9370223529787176,1923.0,0
Sandstone,18.671277944195225,418.0570815,None,0.6397866287665797,2.6114375042780478,3413.0,0
Limestone,15.501310113558043,797.7126453071214,None,0.514235483,2.691145786909926,3119.0000000000005,0
Sandstone,23.889019902453967,546.9759353745852,Fault,0.8519877731222028,3.0683868833844774,2179.0,1
Limestone,21.95038796362445,764.6579673703475,Dome,0.7681738266838394,3.5584805553923737,1315.0,1
Limestone,27.671024540103087,683.0250087161389,None,0.7091571657014643,1.508103685426665,2833.9999999999995,1
Sandstone,20.823972163950625,19.18139255890166,None,0.252305531100591,0.488438367,829.0,0
Sandstone,19.851115364440403,791.9244514166871,Anticline,0.2979191943121063,0.6816209841697156,995.0,0
Limestone,15.651354041007549,761.6272764398425,Dome,0.8523088298882903,0.7156025723019666,3297.5,1
Limestone,18.221388561313763,54.91579166596435,None,0.089170477,2.990356378621191,2283.4,0
Shale,9.127255914815873,589.5415566439649,Fault,0.9629802480652716,0.0201230579844458,2096.4,0
Sandstone,17.49203053266431,723.7164804077474,None,0.684873945107205,2.373057643375282,3854.9999999999995,0
Limestone,25.200564957620955,870.5255123174762,None,0.039570962,0.8657428059314703,3560.0,0
Shale,23.79385613889169,375.6632459280577,Dome,0.6913598612340552,1.7706145586111626,3535.0,0
Shale,7.321920329017538,534.2082387968874,Dome,0.41943987648995046,3.56538447689474,726.0,0
Sandstone,9.5963873,465.73021316943345,Fault,0.8494641610524079,1.965598960925906,703.0,1
Shale,9.692132052172536,801.3977313532916,None,0.1005315507862191,3.137271920897747,2653.2,0
Shale,9.539476540210048,269.3305623395848,Anticline,0.874771363,3.705972138914321,2320.0,0
Limestone,24.31309756846876,275.89885287568063,Dome,0.6480810748157035,4.217448777970051,641.0,1
Sandstone,13.956162993650132,944.3127826060056,Dome,0.6498760292315197,1.2383176825831508,2943.7499999999995,1
Shale,2.7342191833403264,502.99483210917765,None,0.46259717021443286,2.7591709716863324,4135.0,1
Shale,0.2699597184976732,496.0037309934942,Dome,0.6080007570014332,1.6864530291954691,2801.6000000000004,0
Limestone,3.858721813175762,111.59498311770436,Fault,0.7599654523128266,1.805185034045204,2330.0,1
Sandstone,20.77542038283579,604.5115093559685,Dome,0.05613698,2.3991861180451663,1903.0,0
Limestone,9.856744496573954,369.7164667563425,Anticline,0.6677499845209807,1.643968799967101,2736.4,1
Sandstone,14.543097005018634,350.6569573463692,Fault,0.6055031459041493,0.6073113104902661,2743.2,1
Shale,29.884910795107896,113.7565482291753,None,0.6634986303769468,1.855877484340312,1949.5,0
Shale,10.52854939711233,511.5281550121037,Fault,0.2728170787634203,2.6193245965647236,3418.0000000000005,0
Limestone,14.991179972569878,594.0939317176836,Fault,0.3878220105752783,0.2331638136689612,1688.0,0
Limestone,13.570591154361487,724.4856209825465,None,0.6825719203067642,1.999756674377493,1547.0,0
Limestone,6.305759061565391,518.3274668747183,Anticline,0.6662349040057874,1.4990101686455528,3017.000000000001,1
Sandstone,13.47545907399572,646.113812,Anticline,0.7157876963462942,3.7193369428282503,2709.0,0
Sandstone,10.360319337789909,789.8787943177223,None,0.3900558751911838,2.0918751056537355,4061.0,0
Shale,19.68004063959328,851.3557318924504,Fault,0.2727242366264233,2.5830278151759973,4900.0,0
Shale,22.01649392407624,27.271428957983897,Anticline,0.42431609922670144,2.9068546007604517,3155.0,0
Sandstone,21.634778046416315,556.0799283357326,None,0.6078297244840066,1.3144726820051136,3112.6,0
Limestone,21.45559364340724,965.4452886692428,None,0.8400284507978156,4.876584085774721,1819.8243841244991,1
Shale,6.802235532208337,395.4059676944901,Anticline,0.4326715339176942,0.8923604710706118,2999.9999999999995,0
Sandstone,20.873849008222365,606.9256521481636,Dome,0.30003338662880147,1.117269060921266,826.0,0
Sandstone,25.505158356151423,426.19499201918927,None,0.070098299,4.943767085976304,633.0,0
Shale,4.356750597457472,112.52580787586416,Anticline,0.6472377209863922,4.379407586,4912.0,0
Limestone,14.5154991,522.3972781046134,None,0.5742809642273129,3.675884250803398,3133.0000000000005,0
Limestone,13.214083074095075,55.73245967798886,Fault,0.9260427679260474,2.774230988412586,3439.461798763207,1
Limestone,14.761468092515285,583.129890758418,Dome,0.32761120547238454,2.023485462668208,3316.2,0
Limestone,11.095955299856064,822.9411715319028,Anticline,0.7372464883638775,4.827331279907885,2045.0,0
Limestone,16.998632466665786,640.139966154712,Anticline,0.2913074462744878,1.2618084087275985,3475.0,0
Shale,10.343093006996224,549.4027896164692,Fault,0.25028050929873774,4.0847099933501045,4887.0,0
Limestone,11.583559334283654,464.71639044404503,Anticline,0.9290709148417106,2.9427633444050185,4809.0,1
Shale,5.686665256108214,678.6817296931191,Dome,0.5493452338350528,4.442467694321773,2713.0,0
Shale,1.5744513029918272,734.6492577135955,None,0.994482882,2.0391965333755504,4349.0,0
Limestone,5.320540849792286,233.0334600717277,Dome,0.8208317903747576,2.838112486267507,2379.399999999999,1
Sandstone,16.136421295537378,278.33489045837223,None,0.4470683094278179,2.661895687587528,4747.0,0
Shale,11.860714631296348,542.5953717968605,Anticline,0.589923178,3.828733800171546,2998.2000000000003,0
Shale,26.96003104657992,538.6561773127186,Anticline,0.14828683270956833,2.440166232426054,795.0,0
Limestone,22.933470790607757,519.9436251500621,Dome,0.9828385480194384,2.535142317683682,1866.0,1
Shale,6.531746963967066,531.8604013452994,Dome,0.040335988,3.270896795,2733.999954785965,0
Sandstone,16.219157644101333,685.7871124602957,Fault,0.1922626560199384,1.864067110709957,2743.1999999999994,0
Shale,29.17567486900986,639.7852155363944,Dome,0.6926328160990456,0.2833365443885993,4050.0000000000005,1
Sandstone,15.842042427962367,115.71420268964812,Anticline,0.5541551844723496,3.440527753639038,3726.0,0
Sandstone,0.3778920381536088,53.03581902022378,Dome,0.47124883876657636,1.139663286685772,4749.0,0
Sandstone,27.72762823809348,497.9872951456563,Fault,0.5048581562623101,2.816859100882489,4841.0,0
Limestone,6.062428082595623,469.3667011931945,None,0.693391231,4.396203337582552,4228.0,0
Limestone,19.10563210227494,636.8197320435804,None,0.2660793102997181,4.462277290737168,3105.5,0
Shale,17.73903446769734,165.13368596851984,Fault,0.4057538971764209,2.92389615531976,3423.9989057235684,0
Shale,19.04789190353232,60.81475209466427,Anticline,0.5491765392112188,3.5458662657979474,1425.0,0
Sandstone,8.648874137,628.1708490553347,None,0.4039564999930294,4.839766714,1752.9999999999998,0
Sandstone,19.06283762108916,719.2981373574229,Fault,0.5333990721877534,1.3328110680729475,1677.0,0
Sandstone,15.369727485559379,968.2598229107818,Fault,0.1621418788898954,2.155917992829797,3820.0,0
Sandstone,2.744625551623762,179.94016487279816,None,0.2618505314084142,1.2950103589724575,2466.0,0
Sandstone,29.285609249642512,427.1191529114659,Anticline,0.5541551844723496,3.440527753639038,1990.0,0
Sandstone,23.277345984219178,968.2397197756628,Anticline,0.43814432215373544,3.026176100840817,2754.3333333333335,0
Sandstone,1.513667118603712,216.7692904537738,None,0.4532318012500003,3.8516046701633924,1752.9999999999998,1
Limestone,15.548391620661333,700.5806609122479,None,0.9367135596314982,1.7625853202347828,2835.9999999999995,1
Shale,18.749392451281057,851.3561780592992,Fault,0.0300583122019985,2.781537353073395,2450.0,0
Sandstone,11.897717231589892,932.1702630917644,Dome,0.063068955,1.3974902661570416,4461.0,0
Shale,16.216553557764147,416.60871838288426,Anticline,0.8457959326969645,3.375354238790158,3297.5999999999995,0
Limestone,16.069035017627233,932.5592879979022,Dome,0.5813092636411272,3.4348047749342236,3570.7500000000005,1
Sandstone,19.79609600487117,884.8397788112502,Anticline,0.2416379480773777,4.221632321635607,4478.0,0
Shale,6.394263579,202.04911418661845,Dome,0.2277145385157423,0.5176426481508206,1415.0,0
Shale,21.057146134297284,263.558877592587,Anticline,0.680910262306926,2.873584684742015,2916.4,0
Limestone,3.7669673591175408,162.43635800206314,Anticline,0.33530535852155346,3.998813504956041,2974.7999999999997,0
Sandstone,22.42791384298328,61.50228056922088,Anticline,0.7257310893630712,1.7436117440014276,971.5,1
Shale,6.018962704397204,988.6868676026482,None,0.4149585022025196,0.1605356127113422,1438.0,0
Sandstone,16.847530829007244,641.1380828286708,Fault,0.8521325765878645,3.686343451265424,2256.6,1
Shale,6.127402767365025,309.4768726942334,Fault,0.5353009598811196,2.8190414795873937,2156.672201491707,0
Shale,17.678571835885535,738.1721436,Dome,0.41943987648995046,0.4760497657559787,4587.0,0
Sandstone,12.549534116218844,356.457907457988,Dome,0.2960634297081951,1.6617028000759029,3420.5999999999995,0
Sandstone,10.723824951143714,842.1330503808649,Anticline,0.1618104956605133,2.148556898311946,1585.5,0
Limestone,22.76987287472183,147.4841842,None,0.9526981391702748,0.8529147764940009,1817.4454514535394,1
Shale,3.8920989283944323,821.7188418144193,Fault,0.6269748784023066,3.37305472328882,1712.0,0
Shale,16.710204189393856,714.9770421808422,Fault,0.25028050929873774,4.458546633924694,4589.0,0
Sandstone,6.738073202246545,753.2286356788206,Fault,0.6250225476519636,1.2859996516993644,2039.0753125753222,1
Shale,8.97121366660614,614.5010393,Anticline,0.6542349967603346,1.1202833152298837,2594.7999999999997,0
Sandstone,26.70709865387313,367.7657024749548,Dome,0.9851262236761242,1.412492751,3865.0,0
Sandstone,26.05658492357513,482.27407389925247,Fault,0.5110290653086953,3.1668129022030915,3485.0,0
Sandstone,27.98313839718284,646.1009864717898,Dome,0.5875214692529308,3.9588037615019207,2370.3999999999996,0
Shale,20.51925389745424,137.11576204232549,Fault,0.799557377,3.670810510181906,3424.0,0
Limestone,15.734962981329174,433.5719251823677,Fault,0.7259372139997892,1.7424437145902316,4192.0,1
Sandstone,8.402761298929642,447.5393038512765,Anticline,0.747302254,0.5301924042440614,4151.0,1
Limestone,4.0572357373950405,655.4681433739046,Fault,0.46704949671028095,1.6976517498201231,631.0,0
Sandstone,18.58704674335979,526.693229519686,None,0.720124379940657,1.8362291912481004,1795.0,0
Shale,25.18615696786406,350.5448968837111,Fault,0.5395818932497267,2.7291500482712454,2815.6000000000004,0
Shale,28.45508829654584,947.0932378662148,Fault,0.3061592924661312,2.010612957748225,2976.0,0
Shale,18.327225664751897,261.0229139678584,None,0.2959446652383303,4.383970732724636,2739.0,1
Limestone,14.535745095266645,119.75223449259803,Fault,0.49111800440196146,1.3099396509653531,4479.0,1
Shale,10.364013843136481,581.8147627017916,Fault,0.3132086499423164,1.9830517102770016,1104.0,0
Shale,14.13965382315205,39.85691643457932,Dome,0.028589209939715,0.3975179160306902,1808.349030151906,0
Limestone,29.084726982185344,518.4738129931476,Anticline,0.8394715423230991,0.6811519391893006,2758.0000000000005,0
Sandstone,22.248078583553564,393.2978579168172,Anticline,0.5278742078895624,3.6948353289765437,1474.4,1
Sandstone,1.635356697325776,756.6890308911643,None,0.36801660256554497,3.0419378890501654,2111.25,0
Shale,11.339821158784591,618.4256354446136,Dome,0.163291681997559,0.2833365443885993,4176.0,0
Shale,21.82689106296602,116.04874799262105,None,0.2809478257997007,4.544769379,1949.5,0
Limestone,20.47852868088608,705.0908043253702,None,0.47576286955539954,2.4414896246528532,4258.8,1
Sandstone,14.643740338386761,316.9135620148185,None,0.086773282,2.937906102807428,2732.7999999999997,0
Limestone,16.09231579161414,279.0924037120148,Fault,0.3498032880468829,0.9519155786240358,3361.0000000000005,0
Sandstone,28.129193398737065,739.7639514511766,Dome,0.391042292189469,2.4639146725981016,2278.5,0
Shale,0.018825499,567.5481709233215,None,0.48980843676263186,3.2132973345437326,3311.0000000000005,0
Limestone,0.5301013438630164,783.4382355952463,Fault,0.0143513095852935,1.7708436983319635,3036.3251289767413,0
Shale,6.992184356725049,772.3361498242721,Fault,0.4794968364782597,3.941078407,2317.0,0
Shale,17.350981151722138,297.550519813019,Dome,0.2156913679728856,2.161560740776228,4912.0,0
Sandstone,11.008443862008157,627.4968422672366,Dome,0.3843292217637013,2.908225490427514,3274.0,0
Sandstone,21.169061891069447,393.3064142455824,None,0.7742667441877137,2.8402512720151485,1752.9999999999998,1
Sandstone,17.708429850014088,971.006214397558,Fault,0.7833411595427211,3.689161802529616,1934.8,1
Sandstone,2.0752257151625155,553.1039169527224,Dome,0.36904489509341487,1.7376393366781233,2304.0,0
Sandstone,15.834954531629771,588.7093866380957,Fault,0.6164339230065218,2.293243707708776,3974.0000000000005,1
Limestone,7.464570810597956,764.6578164408581,Dome,0.6204143747135337,2.5771597258660552,3431.0000000000005,1
Shale,19.555894090509522,597.6308522334888,Fault,0.2926499645385542,3.210820833011851,2446.8,0
Shale,16.65544861880996,723.2475539185318,Dome,0.30493054922366797,0.8958343741935743,553.0,0
Sandstone,15.811504694776911,56.52309427498734,Dome,0.6109185775172612,1.501427945827194,4300.0,1
Sandstone,20.53717209041989,360.5057541968242,Dome,0.9119841961076944,3.2216620239262537,1411.0000000000002,1
Sandstone,7.152815368604509,307.07465589935333,Dome,0.7539115721198172,1.7541014472839545,3633.000000000001,0
Limestone,2.2590430079540926,505.8449113070471,Fault,0.5716032246094102,3.506191389521138,4872.0,0
Limestone,20.40713261531349,786.5105882009683,Anticline,0.7241589492063322,3.413256006668308,3739.000000000001,1
Sandstone,15.26051852052237,816.6374017449576,Anticline,0.8469415898967402,3.609083295884041,3893.0,0
Shale,12.850200470813018,562.8160020040177,Anticline,0.348591150376583,2.1623226574035166,1177.0,0
Shale,14.27063454032876,500.0496131,Fault,0.9268163539283985,0.1746740445907968,3424.0,0
Limestone,17.928973196067012,444.75651672882344,Anticline,0.428293543468126,4.0272182463034545,3030.5999999999995,0
Limestone,10.176608951753517,135.6630305910576,Fault,0.6861957796855566,1.3665861150705032,3456.0,1
Limestone,8.644935687,393.8374672749047,None,0.1603539846877729,0.038625706,3552.0000000000005,0
Sandstone,17.630910548626378,924.738025603304,Dome,0.39426653757025215,1.4380228170204878,2354.5999999999995,0
Sandstone,26.665652951802585,203.98158927740138,None,0.5744334518975401,2.797482975762755,2639.3999999999996,0
Shale,2.7958835868808407,373.1549253499921,None,0.6342222541971898,2.8017258973297334,3439.0,0
Limestone,17.991132402243007,426.08022710684895,Fault,0.5195409868821846,2.4064046630765534,2800.8,0
Limestone,19.90506208215772,190.09358210327773,Anticline,0.6159273924853299,2.663274896720068,704.0,1
Shale,17.788776156654812,32.75736040558254,None,0.2612413308916234,3.8763517226956,1919.0,0
Shale,27.786156056530352,921.5121953954288,Fault,0.001763182,4.074789837464513,3424.0,0
Sandstone,0.2933814091728559,700.2898447176066,Fault,0.8366531276266775,2.151747489652137,2388.0,1
Limestone,12.380347451374478,230.85582251158183,Anticline,0.726559908,3.512388922301761,2874.0,1
Shale,5.954732238160473,353.1769457822779,Dome,0.46024659315595673,2.9713640529967615,4296.0,0
Shale,28.597115363436984,614.3811289107823,None,0.4161398150084874,0.7192940348164968,596.0,0
Sandstone,9.176844397845596,384.4928432509155,None,0.5120818838431297,1.8045861649307324,2191.0,1
Limestone,13.436133164163705,562.0754878958159,None,0.47392525300639726,0.3972972658618851,3072.0000000000005,1
Shale,3.041395274095906,203.07490390957827,Dome,0.9068121500964484,0.2833365443885993,2540.0,0
Sandstone,20.67176615880807,316.9354758897767,Anticline,0.3311657542220343,3.1707922405497717,806.0,0
Shale,21.90730003073604,714.5012214204565,Fault,0.5708694983075259,1.0902964238662332,2713.9058395247903,0
Limestone,14.991179972569878,70.96458900814947,Fault,0.8234763759882132,3.908389606507208,4769.0,0
Shale,1.162708066625474,941.3169378463602,Anticline,0.3047362005410787,0.649042306,2991.7642428857635,0
Sandstone,27.09744315285392,425.4937370896542,None,0.4939872654301404,4.918375031739068,2471.0,1
Limestone,7.9354741196651455,773.7005438049451,Dome,0.5195956326039297,0.6242124990439724,2221.0,1
Limestone,8.838099988213681,501.66530912343444,Dome,0.5517941777207018,2.568632627216476,3862.4,1
Sandstone,18.984078319845207,688.6947524118582,Dome,0.2234273167496692,2.041175537918874,4018.0000000000005,0
Shale,15.899110230642618,969.0685886762508,None,0.6834966170980852,4.670971279176859,2788.0000000000005,0
Sandstone,28.099839137540428,958.4919060960058,None,0.2464342807936556,1.5651190147791367,3674.0000000000005,1
Shale,26.331388820908185,570.7790785807523,Fault,0.7282222094075168,3.563189757157903,4338.000000000001,0
Shale,18.926946280701905,628.546270830625,None,0.6064016117989787,3.9683564265282447,4317.0,0
Limestone,24.657528212693272,325.00123775984395,Fault,0.0166394642019502,1.613311832486703,2792.333333333333,0
Shale,24.40303446972792,596.3520028418217,Anticline,0.1671971294681363,4.579770424859914,2309.0,0
Sandstone,15.249612252178759,632.1757151501749,Dome,0.8821077571882531,0.8690074447261514,4110.0,1
Shale,28.57550369053796,531.3811900523541,None,0.1169135721755914,3.951191468294947,4689.0,0
Shale,16.069801851843362,471.8330973547517,Anticline,0.00475904,2.252175566950276,2999.9999999999995,1
Shale,9.181543906,414.55373078557005,Fault,0.2356886639246012,2.4075254658881606,2987.000000000001,0
Limestone,13.261377872709536,726.1272312540566,None,0.1711916795905251,4.105757269531182,853.0,0
Shale,10.883013994124276,864.5485780758615,Fault,0.7106700939415648,3.3218101823804176,3423.999508454143,1
Shale,5.902763330149669,301.0894141560112,Fault,0.6095564606811864,4.856994937849809,2686.1301025073344,0
Sandstone,8.402761298929642,567.9682506698639,Anticline,0.1353094026876377,4.11610489,2799.0,0
Shale,18.79371059030781,224.66641486909933,Dome,0.5607221720141742,1.9058987007008497,4238.0,0
Shale,14.786888567538082,370.55816721035296,None,0.8169067100945848,4.152411625430972,2395.0,0
Shale,19.38770051695084,611.1678732853546,Fault,0.6682893861376992,0.040813557,1803.974259633724,0
Shale,10.375765739258078,288.6906293245679,Anticline,0.7173096251690463,3.462715691030185,3179.0000000000005,0
Shale,8.872426878,978.9507173699734,None,0.8009376958208562,2.730629761844672,593.0,0
Sandstone,7.583953320000001,675.7595649511763,Dome,0.655489624,0.066690224,550.0,1
Limestone,15.212472721808002,399.4236954530877,Anticline,0.5573932274841952,2.938560982279584,2799.7999999999993,0
Limestone,7.704274069007191,900.7654180245196,Anticline,0.9517732844096326,2.282436783301417,919.0,1
Sandstone,24.41130812271924,141.35681754594083,Dome,0.424500562881893,4.348145963744527,510.0,1
Sandstone,15.878134182356549,434.7479901683579,Dome,0.29950338272874377,2.435665683885597,550.0,1
Limestone,1.935022760596854,868.6379642147057,Anticline,0.523754344,4.511846214912199,2874.0,0
Sandstone,22.1727426597886,286.5134269381638,Anticline,0.4948259328276215,2.118858733897609,1769.0,0
Sandstone,22.96170595852266,314.7299590146265,Dome,0.4956643822969191,3.8748596564263775,1636.0,0
Shale,20.595418291297577,471.37508281131346,Anticline,0.7596442971242212,1.5912838881656033,3550.0,0
Limestone,21.903905633292748,764.6579673703475,Dome,0.5948083157798915,3.493884736808991,1492.0,0
Sandstone,2.111043237,283.85099698137157,Anticline,0.3679133130975384,3.926359694950061,946.0000000000001,0
Sandstone,24.17936702602752,433.3687596650912,Fault,0.1878765389411459,1.952074926827783,4590.0,0
Shale,16.76297833873193,667.8579290567977,None,0.6244156914839147,3.684610311414762,2898.0,0
Limestone,12.453748186041633,513.7025260377725,Anticline,0.9080744025295908,1.9426438636851,2392.0,1
Shale,15.646529517329014,851.3561780592992,Fault,0.2728170787634203,1.6211194427961009,1435.0,0
Shale,3.862416086271392,285.03536729131315,Anticline,0.5694582351929555,0.2298619360023973,3164.5,1
Sandstone,9.120908173,523.7691704,Anticline,0.9569761897103106,0.9044968601218306,1185.0,1
Limestone,22.10479367254512,518.4738129931476,Anticline,0.1375502574929482,0.2570530349326805,1880.0,0
Shale,28.78416548866236,39.85691643457932,Dome,0.3066483214286178,0.3975179160306902,837.0000000000001,0
Limestone,10.69705422905264,186.84802730990737,Fault,0.5599116862447463,0.7454621038515674,2433.4999999999995,0
Sandstone,7.248073861201196,924.6456495,Anticline,0.5654702383896439,3.7490887363750294,998.0,0
Sandstone,10.976978958534229,146.17113988028942,Anticline,0.025491389,3.778306259589719,4632.0,0
Shale,12.083803639942264,570.5331882557555,Anticline,0.2692521825348334,1.6384855212781964,1772.0,0
Limestone,11.501635908959956,646.6062651395333,None,0.5547821033571458,4.672002161742633,3319.0,0
Sandstone,15.51507484458808,392.54924859864894,Fault,0.6860768189501499,2.089611028144605,2277.0,1
Sandstone,16.582871041007493,563.2497983426764,Fault,0.4926096788528267,3.1008760211445963,2145.8,0
Shale,17.740551121596283,616.3160750795821,Fault,0.5169113485238089,3.0532406867020865,631.0,1
Shale,4.774772519814895,461.93978963475047,Anticline,0.6348315379451099,2.6662861710667247,3706.8000000000006,0
Shale,13.797698904408668,844.6770097823412,Anticline,0.810153735,3.992399172273717,699.0,0
Shale,12.372091814035985,170.16252554953462,Dome,0.032368534,2.2975008304330147,2208.407229859629,1
Sandstone,16.788505669341717,948.9869391265024,None,0.36801660256554497,1.665627302613058,2111.25,0
Limestone,3.245081627,59.44273164176119,Fault,0.5226880656466428,1.7708436983319635,4218.000000000001,0
Sandstone,9.471633893114658,588.3471433884588,None,0.7728813870417252,1.2252819462687148,2667.9999999999995,0
Limestone,3.442607982415064,764.6579673703475,Dome,0.5078500727175616,3.978736038947551,4805.0,0
Sandstone,26.47846372551737,622.8144590030804,Dome,0.2369151189667091,0.8687784811491167,1679.0,0
Sandstone,23.018375325468902,9.076591853,Fault,0.3359555407282923,2.286683400079041,4759.0,0
Shale,29.367586683597,262.6673156033808,Anticline,0.3129083330586367,1.572488846898944,821.0,0
Sandstone,23.036290909011345,856.2900041,Dome,0.9462329004445272,4.212393975284495,2278.5,1
Limestone,6.168644630980232,449.12181634148664,None,0.3650848775068701,0.9671497970403492,785.0,0
Sandstone,20.293415992966715,330.13146669081675,None,0.7414517680393581,4.206874830679981,3241.0000000000005,1
Shale,10.662980140444848,22.171053981624908,None,0.5429333873929625,3.68686816769793,1653.0,0
Sandstone,16.722148929425614,310.6701562990345,Anticline,0.5543616863422735,3.4495580968610042,2127.0000000000005,0
Shale,19.154663543974067,249.5674990228839,Anticline,0.5838018576011229,0.6334530445259623,2758.0000000000005,0
Sandstone,3.872585854273853,171.68933918707833,Dome,0.9565875534795444,3.118318238926628,632.0,1
Sandstone,6.513096884096711,523.2473495487812,Anticline,0.5008443408634705,2.428106229999332,3139.0,1
Limestone,1.7128301372383117,501.43163314560616,None,0.5006249326886857,4.189767772495329,3371.4,0
Sandstone,15.05917321069397,604.5115093559685,Dome,0.5912423080980711,4.757521060175799,1878.8,0
Limestone,13.017048528831582,515.7375723378414,Anticline,0.3955821119160967,1.2397257187704058,1970.9999999999998,0
Shale,12.996949356022315,669.0919013425008,None,0.3052665380122666,3.280055294098407,2250.9999999999995,0
Shale,28.462331854491328,297.6772034028156,Anticline,0.5999442914044706,3.2459539246219644,2879.0000000000005,0
Shale,1.5292463106732723,559.1482876015004,None,0.8819596764854412,0.8975735114179956,4060.0,0
Shale,25.98681092,581.9489438028335,Dome,0.1152925720557787,1.2491160654305844,2734.0,0
Sandstone,16.00186941644639,360.33841950739094,None,0.007660867,2.144182665666196,4706.0,1
Limestone,27.97633768057353,483.0285575569968,Fault,0.4553583879951243,4.405793334771727,634.0015025687246,0
Shale,17.502645570553053,443.4073472777355,Fault,0.4151921642311283,3.7705182580216814,641.0,0
Limestone,0.4998141373264797,416.318514075064,Fault,0.1760328010800007,0.19609250640007286,1289.2686565565202,0
Sandstone,16.85844329979718,664.6705096178156,Anticline,0.1611228967158336,1.5082092322501857,4660.0,1
Limestone,27.043404886151382,483.0285575569968,Fault,0.2808189702310101,2.912276662446972,634.0006505100645,0
Limestone,7.050790190664335,490.2156888037999,Fault,0.8028484229697286,3.2145205487390616,1707.0,1
Limestone,4.450810118685505,445.3606896,Dome,0.094893167,2.3525639512064007,3844.000000000001,1
Sandstone,3.182753388387275,634.3963622124286,None,0.3799101608895553,4.895270036333963,1198.0,1
Shale,5.697982986910775,451.42751042126105,Anticline,0.7190885626581974,1.3465908067964223,2814.0,0
Sandstone,17.426000799893586,266.6293467852348,None,0.6802129044188826,3.6987783049831098,3578.5000000000005,0
Sandstone,19.792909213592512,311.35783740603466,Anticline,0.8813978525224676,0.6167768572489779,4917.0,1
Limestone,4.650260022502637,904.264381,Anticline,0.3715247117510478,4.083386413,2580.75,0
Sandstone,26.097886871909807,530.6891874,Dome,0.1721369734915302,0.8171007356747726,2967.0000000000005,0
Shale,11.135085480585944,329.9760075517347,None,0.560488039,3.6331851413692378,1770.8406572217584,0
Limestone,1.4497322656619072,901.5631115685624,Fault,0.5055796518296253,0.003744046,1798.0000000000002,0
Limestone,19.416796086379737,689.2668343809986,Fault,0.7408763850136038,0.3986923367895606,3998.4999999999995,1
Limestone,19.85432185723274,754.3010618461308,Dome,0.5125004742326676,2.1224506978611726,1480.0,0
Shale,9.788464547068394,570.5635394001297,Anticline,0.4957082100606183,2.6882111049105806,3328.0000000000005,0
Limestone,20.07550956597429,316.7155936013403,Anticline,0.5462990407518624,0.6934544970865236,3259.0,1
Limestone,25.85640993354772,660.0852733882256,None,0.5547818780206659,3.812759047223534,3450.0000000000005,1
Shale,17.13407929329644,570.229568056699,Dome,0.6443790464178937,0.7801822460255403,2719.4,0
Shale,6.450396318148008,601.0728759864746,Fault,0.2277439398340551,2.761465228522206,3063.7999999999997,0
Limestone,16.820765940900863,202.7362238,Dome,0.5753773137706119,4.2935341163257625,758.0,1
Limestone,10.956837787706458,667.5513919828654,None,0.48152982810727346,0.5639628321339019,3013.0095501238384,0
Sandstone,23.4171817746282,286.6345211979923,Fault,0.7595928827379745,2.544478835331364,2410.5,1
Limestone,23.10686297,669.9358480282569,Dome,0.5243345595487815,2.974977210574861,3129.6000000000004,0
Shale,9.264438918575113,694.3078578833325,Fault,0.6711489129301869,3.908291096975309,2264.8,0
Limestone,28.84893769875921,874.2126258149096,Fault,0.948708715717112,1.7708433541794688,1310.0,1
Sandstone,19.754947263609544,685.2518115,Dome,0.8583358136488795,2.4651585455402274,4222.0,1
Sandstone,11.62873875607378,462.3447274856003,Dome,0.6767672716905974,4.742303221514664,2083.0,1
Sandstone,17.552353266186092,342.18454934594246,None,0.1355448836115148,1.5609436838615023,4409.0,0
Limestone,1.0927632990516043,206.13453945971744,None,0.6308427814040466,3.199159819025681,1479.0,0
Sandstone,24.543125049652453,179.71787522800787,Fault,0.8309030034615783,1.583525951735394,1697.76452172734,1
Limestone,11.108791993239532,626.8229188598832,Anticline,0.5673608506813306,2.2414424584982267,4150.0,0
Shale,22.927547942081866,768.8065972,Anticline,0.2206910328390553,2.610034960072495,2999.9999999999995,0
Sandstone,23.7093330228943,579.3494002484794,Dome,0.45588551279889583,1.687083121899817,3320.7999999999997,1
Sandstone,26.97781076774069,234.35973268106417,Fault,0.3586455984015247,2.587994124377192,4732.0,1
Shale,24.16806656310715,337.45581847102466,Anticline,0.2054232565952627,2.9302440420621347,1149.0,0
Shale,16.263398330998722,615.9963399704366,Dome,0.3749623233670627,2.272717012637704,3058.6000000000004,0
Shale,18.591943644596526,407.3326521578863,Anticline,0.577754587382247,4.302277080479936,1509.0,0
Limestone,16.30570535731736,299.0821330479075,Anticline,0.35758531112418196,2.522086239187461,3524.9999999999995,1
Shale,22.268806145107884,443.7368950695149,Anticline,0.070161936,1.295965745938326,3560.0,0
Shale,21.23351935087448,778.550847237524,None,0.2291849109277852,0.48737844,2270.3333333333335,0
Shale,6.573781940124026,977.6967397145788,Dome,0.5673739440227663,2.812376677249261,3072.2499999999995,0
Shale,21.38647108034209,147.81344549790774,None,0.4307503419657628,4.118016166076964,1996.0,0
Sandstone,12.96031676791088,853.6271858599631,None,0.36801660256554497,3.858261002094542,2111.25,0
Shale,15.725888131899218,959.6130150414368,Dome,0.24554867449042675,1.7215688930000002,2677.0,0
Sandstone,23.715615308150205,491.11581882275385,Fault,0.7531525089812836,3.831728626,1331.0,0
Limestone,19.39095336370968,884.2630657727361,Dome,0.5813092636411272,2.206380349359432,3570.7500000000005,1
Limestone,10.044550341403532,641.3629535117722,Dome,0.6320731105670357,3.803123312107352,2733.0,1
Limestone,15.35674223182705,438.8452783391523,Fault,0.029582845,3.428665507762499,2014.4,0
Sandstone,9.332414122662323,435.2557022709224,Fault,0.3485675066807289,2.7036919505108767,1866.244609560295,0
Sandstone,16.514153313088215,448.52721694638814,Anticline,0.4377763110583433,0.1111072038019134,971.5,0
Sandstone,16.54608409652254,521.6799333893954,Dome,0.7847144306310921,2.272455401327273,3765.0000000000005,1
Sandstone,5.238327509467858,596.3513850144792,Dome,0.7589598154427607,3.7638142056797594,946.0000000000001,0
Sandstone,15.613682764181489,357.35642437551473,Anticline,0.9006845482876117,3.907638666219348,4018.0000000000005,1
Sandstone,24.778227573357547,400.9211610047927,None,0.0428026360681066,2.626359857072329,1744.1843728259673,0
Sandstone,8.380355727936797,240.88852655244168,Anticline,0.3267828459692184,3.6354208019893894,1813.0000000000002,0
Limestone,16.61033501,641.3629535117722,Dome,0.8542246391707045,4.1045066915910935,2733.0,0
Shale,2.7750131381689136,353.1769457822779,Dome,0.43958477187521783,2.131023861446561,934.0,0
Sandstone,14.486356023475308,657.5541115039567,None,0.3077540440643939,0.6448342192581702,2499.0000000000005,1
Sandstone,16.482538386225652,748.1757276601058,Fault,0.3898947642129998,2.972174245827295,3474.0,0
Limestone,2.133321246403104,277.7685507,Anticline,0.653530511853723,2.414300182,1724.0,1
Sandstone,13.538767583072673,339.7459808325357,None,0.6615412504824808,2.994510003453825,2890.4,0
Sandstone,18.779517417538607,550.8149049983981,Dome,0.7928087754730776,0.09891088,2924.0000000000005,1
Limestone,2.8574680191860846,243.75891221465704,Dome,0.0297083053467526,3.196013784400602,3389.666666666666,0
Limestone,14.842627213071108,969.4023060521438,Anticline,0.49392247014877516,2.762176169474506,2600.4,0
Shale,12.204383845401672,263.5730264562843,Anticline,0.2790176837653664,4.395997456851111,3139.0,0
Sandstone,29.54537231901282,572.3107056778439,Dome,0.4382092811112116,4.052063065704934,706.0,0
Sandstone,17.548784740555803,739.2069007321488,Fault,0.084170437,3.2876351734855325,2707.389531370028,0
Limestone,7.034984330222812,297.9068583535684,Anticline,0.2528673003281405,3.6743026756710964,2631.0,0
Sandstone,5.758663169871773,888.3017630112231,Dome,0.6447885853199659,1.8635588137796442,2459.3999999999996,0
Sandstone,21.33797474131359,733.1893373709387,Dome,0.9032105062904678,4.210224691580428,1920.35251332381,0
Limestone,15.11125161252212,721.8323287108677,Anticline,0.0146168843176139,3.387098527132497,3719.0000000000005,0
Limestone,26.876525435779783,764.658483229744,Dome,0.9506456247259472,4.802070935631929,1054.0,1
Sandstone,17.940651371622558,806.7560694982728,Fault,0.6920674842711947,4.758041423667809,2733.0103511572365,1
Shale,14.111477891401842,847.787646216864,Fault,0.40116516,3.090672256530389,2919.0,0
Limestone,4.105354997590704,914.8391474366218,Fault,0.5409965214147301,1.7708436983319635,3662.0000000000005,1
Shale,26.179652165281663,734.6492577135955,None,0.4780183066595389,2.7188862098487694,3563.0,0
Limestone,7.137286494942137,544.173640282319,Anticline,0.2266472988330703,3.092831103156167,3728.6,0
Shale,24.625207101145527,71.60029373041048,Anticline,0.45177787508247363,0.3559221212758684,2898.4974112853383,0
Limestone,18.592194224677844,426.08022710684895,Fault,0.6286394899635678,2.020680555568461,2331.0,1
Shale,10.093834877316368,746.7791564787857,None,0.9957803944681344,1.7528557481890656,3007.0,0
Shale,10.750876069734854,705.3150148339429,None,0.1862322047642138,3.236031735190938,1770.8400275994782,0
Limestone,11.651732382943058,750.2574916890034,None,0.8893277820194403,0.7933882259697789,2701.9999999999995,0
Limestone,16.290642926002924,717.5020117794096,Dome,0.2447344772349805,2.8470787207253743,2853.0,0
Sandstone,4.416812232315509,708.1542414,Anticline,0.5318213616419428,1.3069434040051275,2591.0,0
Shale,10.872939678474872,636.5826098406754,Fault,0.1395004714627936,0.3570313675289505,3424.0,0
Shale,6.668482999157558,659.6687998560175,None,0.4784524213004441,2.8700337212399623,2323.0,0
Limestone,0.9006399644721563,367.62936996876505,Anticline,0.49654832411185074,2.4514759674208064,3208.0000000000005,1
Limestone,18.137223307747263,828.4072511450194,Dome,0.42442796712464376,2.8351795660946517,3793.0000000000005,1
Sandstone,9.006857312491254,881.5933019195753,Anticline,0.093798335,3.347590540549487,1779.0,0
Limestone,23.20987694686997,161.44254328321935,Anticline,0.628669927,3.447894351561887,4254.0,1
Limestone,9.080376311,764.6579673703475,Dome,0.7379585719093322,2.3525639512064007,2132.0,1
Sandstone,28.01933922433557,84.76187228647656,Anticline,0.5091083323914358,3.2497201694081084,927.1962631386303,0
Limestone,19.668882363429525,423.9131060239153,Anticline,0.4311844071921811,0.6878212905626979,2915.0,0
Sandstone,14.19082510029062,433.1687246309703,None,0.36801660256554497,1.5103645039458486,2111.25,0
Sandstone,20.65935157,357.3564243755147,Anticline,0.4827678978809543,3.825199656791706,4018.0000000000005,0
Sandstone,3.432945558370757,622.2925068625943,Fault,0.9344306600118266,0.6427033875082294,1595.0,0
Sandstone,15.415522037297936,509.8477237121331,None,0.7095280635765979,4.5407442922120085,2518.3999999999996,1
Shale,15.72464003084268,142.85391977562952,Dome,0.41519429645335,2.0640363396531174,3334.0,0
Sandstone,17.76904113186287,569.3826297706826,Fault,0.7188190436735273,2.8803852133723606,930.9999999999999,1
Shale,19.351355956145905,471.0028463574796,None,0.9953487964272196,3.8267174468887584,3519.0,0
Limestone,21.329638243910487,659.0656098931789,None,0.5285371104310213,4.376701435181007,3611.2000000000003,1
Sandstone,17.639954058210826,242.8568583690177,None,0.1493614474304313,3.4034326695445145,2373.0,0
Limestone,12.409569425047625,368.08867930121846,Anticline,0.7891484594482999,4.723966708517859,1013.0,1
Limestone,8.038282503205437,57.84457901712394,Fault,0.7599670316957243,2.142155721163429,3704.0000000000005,0
Limestone,5.473741219574702,455.56042302598337,Anticline,0.5253712797848467,0.803496632413518,699.0,0
Shale,9.169454905085503,915.9747441019664,Fault,0.349384692,1.3560866660498794,2445.0,0
Sandstone,27.057287152466664,258.3985206303876,None,0.3294534359575404,2.6114375042780478,4452.0,0
Shale,6.780995903659562,843.4136662284454,Fault,0.4312773456598117,0.5445426669729636,1931.0,0
Sandstone,1.6874008294551746,92.3229623929214,Anticline,0.6094240362037485,3.1533238907923686,3206.8,1
Limestone,18.852684867530183,8.798887794401374,Fault,0.7599670316957243,4.828918752182803,1162.0006541038547,0
Limestone,4.982245570005412,12.017420050637064,Anticline,0.5673608506813306,1.1933955343719056,1439.0,0
Shale,8.749306303947478,254.92353659135185,Fault,0.3871869764138588,3.3837691487746393,4231.000000000001,0
Shale,12.097341790443638,563.0699632715209,Anticline,0.8200641195433708,0.6907769497626731,2777.7999999999997,0
Limestone,18.525873451869348,501.0535995967765,None,0.4534676938020385,2.574543954787979,3672.0000000000005,0
Sandstone,24.35668931,726.6306606963686,Fault,0.628385052,3.1008579283808158,1723.5,1
Sandstone,13.78423826461644,430.94975058979946,Anticline,0.4544035588198637,4.336743442686787,2744.0,1
Limestone,23.90584710828573,595.8835276590074,Fault,0.7599664665921417,3.875489818188298,3751.0000000000005,1
Sandstone,14.07179233170357,353.7846554878953,Dome,0.6946700592692455,0.6003495544401477,2629.300674396185,1
Sandstone,2.199174543411595,675.7596930743143,Dome,0.1880252377707282,3.766701103738845,550.0,0
Limestone,2.6034886219497144,980.9256517318396,Dome,0.3496017324042866,2.9977976355517386,2394.2000000000003,0
Sandstone,28.863063124950827,831.7666981446354,Dome,0.3125697335229571,1.6058565525006048,3356.0000000000005,0
Limestone,16.9642252741776,565.4349712107338,None,0.8648013689610676,2.5905400434293644,4449.0,0
Limestone,8.996228053321948,969.2713669293628,Fault,0.6578472389213587,1.7708436983319635,2780.444992186032,1
Sandstone,15.795636998240182,622.9362445183226,Anticline,0.5465984898178464,2.952802359311723,3282.2000000000003,1
Limestone,10.462837421882652,604.0531198795704,Dome,0.5606850818894642,2.8016681236822123,2963.3247487884173,0
Shale,18.162352725227617,336.0029001098621,Anticline,0.4832377652930145,1.6250691101125043,2999.9999999999995,0
Limestone,11.467119600434742,324.2063842639608,Dome,0.8345758649949531,0.925579178,3297.499897268221,1
Sandstone,10.923383250314982,426.1378023526333,Anticline,0.5977232453641644,2.1383927830829665,2393.8,1
Shale,22.51795370232379,855.2335752421301,None,0.4649008896891845,2.9804038330701235,3048.2,1
Sandstone,14.038610871956145,864.9022251001054,Dome,0.831332984,3.6683031950653247,3043.0000000000005,1
Limestone,25.641103502795925,753.0561855164989,Anticline,0.116548363433554,4.488203466631607,1060.0,0
Sandstone,17.237465926556386,949.6525449,Anticline,0.1456930888300366,2.4930991745647764,1885.408089344096,0
Shale,18.46354261153218,734.6492577135955,None,0.402752558,3.4936403427967493,3279.0,0
Sandstone,27.095723365032875,80.44019358320226,None,0.8487885877391554,2.803639490963451,1752.9999999999998,1
Shale,19.84773197877796,578.7293218411097,None,0.9365694249033396,4.383970732724636,2739.0,0
Shale,10.770023042377913,512.6988057934744,Anticline,0.070937652,4.024062304891189,3870.0000000000005,0
Limestone,10.63131548958406,169.53294116094193,Anticline,0.5931916878265631,2.0265377991127713,2468.3999999999996,0
Sandstone,8.022458354,569.3056814889975,Dome,0.3606696643093027,0.9504439608210165,1613.0,0
Shale,9.806797891668197,753.1771359388567,Anticline,0.9185423350991888,4.283797257899984,2040.0,0
Limestone,11.183295425590288,646.6496726536025,None,0.8024027817219871,3.977986420288685,641.0,0
Sandstone,15.167505078212606,144.95985906993306,None,0.6504382637665866,1.876324378677929,1703.0,0
Limestone,25.200564957620955,652.7705938159611,None,0.2539122120213038,1.5410973772160887,3560.0,0
Sandstone,28.932965387039424,475.6175758188745,None,0.597380431914909,1.548652999427636,4897.0,0
Limestone,12.046252140158474,322.09985653385894,Anticline,0.3715247117510478,3.219981163197429,2580.75,1
Shale,14.457045938069497,330.50292805256584,Anticline,0.264992791,1.2436741403263156,2880.0000000000005,0
Sandstone,13.490210112722618,599.6922906379212,Dome,0.615979174,4.310361343750576,2127.8,1
Limestone,5.503572034506879,102.97284984133182,None,0.9823603753233752,0.4901563975676276,1824.4999999999998,0
Limestone,8.813277185231723,476.0753395517942,None,0.380599119888637,0.6950802638213838,3450.0000000000005,0
Sandstone,8.383359219567078,657.4081173504125,None,0.2464342807936556,0.49034685,1756.0,0
Sandstone,7.493164873395593,514.2568481976232,Fault,0.8519877731222028,1.610045562082348,1200.0,0
Limestone,11.178153107312394,438.67231268624454,None,0.51219629657502,3.075949653294799,3916.1999999999994,1
Shale,28.56431751229054,843.4136662284454,Fault,0.4312773456598117,0.08388857100000001,1685.0,0
Sandstone,18.161167692641307,408.3003946092171,Fault,0.6844116752233242,2.255192647406577,1135.0,1
Limestone,10.368749807292046,832.7764040253471,Dome,0.5780012466580875,2.383319998097871,1598.0,1
Limestone,20.64656758223208,730.9413402,Anticline,0.4540584697855849,2.600830920121462,2974.7999999999997,0
Shale,23.74088757368657,888.8576583468903,Anticline,0.2190793356675294,3.5458659273128696,4639.0,0
Limestone,13.713054936442088,559.7161620795091,Anticline,0.5670561388985899,2.211823995815961,4100.0,1
Sandstone,23.33833582410963,92.44358236532294,Fault,0.1615414599392695,0.7418914560073814,3390.0000000000005,0
Limestone,12.002242149611927,411.44731244647426,Anticline,0.4058017996953991,2.677611296083707,1858.0,1
Sandstone,6.4130474630708845,117.23210140754638,Anticline,0.081084341,0.8181644631459506,3481.0000000000005,0
Sandstone,13.730303794093098,348.1768626978306,Fault,0.8166223661523051,3.947874741161877,1595.0,1
Shale,14.428149783363128,601.0666004,None,0.3668717064823884,3.884426303192423,3098.4,1
Limestone,18.067641677298443,684.4555901576009,Fault,0.5797577023499427,1.7708436983319635,3354.8,1
Sandstone,24.709367842592727,432.50546371208765,Fault,0.6620095646140466,2.655518358667187,1955.0,1
Sandstone,29.778766453586105,234.3596703417973,Fault,0.088807479,1.807220771625011,4666.0,0
Sandstone,10.778212906273895,417.4177806075708,Dome,0.4069349746356621,1.4750363062192853,2306.2,0
Sandstone,18.803115582516654,799.2743460667099,Anticline,0.5331320505993339,2.8425720669544456,4719.0,1
Limestone,13.08733345092952,645.9585087317828,None,0.4214656481504195,4.9481903368289695,3367.6666666666665,0
Limestone,12.080136247619937,586.6979053783737,None,0.2554805334879303,2.5480324833126917,4146.0,0
Shale,2.9662002798795406,843.4136662284454,Fault,0.36343287705122623,0.539331372,3214.0,0
Shale,29.882661817935368,896.6133257782506,Anticline,0.3526449215570981,4.599685335896223,3005.0,0
Sandstone,13.661494064418228,594.2949111387518,Fault,0.5204375318121689,1.7981943569696386,4900.0,1
Sandstone,19.967862381661725,397.1093435158171,Anticline,0.6172245860913963,4.703029302,2946.4,1
Shale,3.791592672170013,532.9462425028431,Dome,0.578370148308057,1.098323608321955,2811.0,0
Shale,13.797705747228752,620.2780538085874,Anticline,0.7501663163764574,1.009975224588631,1876.0,0
Limestone,15.58193055850403,488.31188031177516,Anticline,0.8534027221808783,3.117073262411373,722.0,1
Shale,10.206228408750418,702.4399900506012,None,0.1810623529229392,0.7428305991795631,2011.2,0
Limestone,12.932605878698682,843.4596631860092,None,0.392262146,3.8027149232790336,1817.4472504627963,0
Sandstone,27.47804887533461,219.761249661666,Dome,0.5517769383122278,2.277040569906434,2278.5,0
Sandstone,10.144199654514251,362.4378801831933,None,0.38681279332836627,1.9243234823108464,2054.0,0
Shale,6.591203711742012,577.3903431579026,Anticline,0.8712539058201941,3.8865881140719374,1033.0,0
Limestone,0.1619562655103223,469.36672649492067,None,0.2493178065200962,4.428296718171656,1232.0,0
Sandstone,23.858635471430528,679.1029125,Dome,0.30425946092317807,1.9397340425429004,2592.7999999999993,1
Sandstone,2.127478784639377,456.64711569013247,Fault,0.7692706817234536,0.8185799065043858,3852.0000000000005,1
Sandstone,5.853264600726301,461.5879182516167,Anticline,0.1354012677217271,2.200417222687133,638.0,0
Sandstone,17.676438430435663,287.0797018192714,Anticline,0.6190885652738011,3.812880990467798,3097.0,1
Limestone,16.20828494110499,358.90298074085996,Anticline,0.8233837175040588,2.709355159787918,2594.1999999999994,1
Limestone,19.075231564925257,508.2606818397876,Dome,0.5783354726633155,3.202858853350304,3084.0,0
Shale,14.680032128397826,253.19507209024974,Fault,0.43613698270488793,4.998299605641364,2985.3999999999996,0
Sandstone,3.433144905505443,511.0045782952599,Fault,0.081511036,0.1289347164279203,1244.0,0
Shale,11.360226299183507,601.0666004,None,0.3668717064823884,2.407036066411486,3169.0,0
Limestone,11.650453499938077,816.4184455774736,None,0.026813797817671,1.920022154156387,3698.0,0
Shale,0.2825956791733597,253.34249802601428,None,0.4735519079754193,2.9856395521050993,2099.0,0
Sandstone,14.930638786433164,414.95523829865095,Anticline,0.8658720484895911,1.6324514747873438,4754.0,1
Shale,5.547608924,906.0831615,Fault,0.4359692660003781,3.648963660591619,552.0,0
Shale,8.496572514290023,317.5686666200985,None,0.2251219370671424,1.4333207928315872,1949.5,0
Shale,12.855535287908275,520.6924760680724,None,0.3620102954694083,1.0321944223857389,2623.0,0
Shale,26.19058182089148,434.5988836990874,Anticline,0.523372147,4.532235659470217,2708.098176148671,0
Limestone,14.906865555001469,566.4648038022709,Fault,0.57160322460941,4.588470767,4063.0000000000005,0
Shale,17.56502294975148,242.3434156701626,Dome,0.3759583408479226,1.397838453437974,1865.0,0
Shale,23.428915909333057,848.9424615230647,None,0.6342222541971898,2.8017258973297334,3434.0000000000005,0
Limestone,19.834220352860896,469.4922802381263,Fault,0.2231149585386668,4.750948084986994,634.0,0
Shale,13.257481226345208,25.14618178136999,Dome,0.7505149276387741,3.492539797329349,1788.6000000000001,0
Limestone,27.39698041264369,510.7368527033425,Anticline,0.333786854745934,3.832415446613921,4749.0,0
Shale,25.802205569693783,418.4040309842825,Dome,0.7146489034571513,2.5520077941191186,2323.2000000000003,0
Limestone,27.348987411254267,518.4738129931476,Anticline,0.6323683319146128,1.1615210902913908,1364.0,0
Shale,14.385577113340617,577.345690084163,None,0.1116268085135406,1.8267326607211367,4791.0,0
Sandstone,7.097037756333001,642.8893035,Dome,0.566601347,2.2936202691528966,1638.0,0
Shale,12.862928733440503,325.28179087270354,Anticline,0.7078311500839781,4.060535978,2929.6,0
Sandstone,14.471459458043975,294.10274864099904,None,0.46650870438986597,3.111607729833406,4881.0,0
Shale,14.16679277268613,565.240428634596,Anticline,0.8435487928283237,0.8932096545922635,2341.0000000000005,0
Sandstone,16.64063129340259,685.9174634783295,None,0.71663159,0.4414929505383563,1752.9999999999998,1
Sandstone,1.0729872904480575,191.36918732284667,Anticline,0.6678819385013619,3.528417609746501,3761.0,1
Limestone,26.713228440032573,555.1389919614107,Anticline,0.4498958559880934,2.988216733316917,3601.0000000000005,0
Sandstone,13.518565673246759,651.8376643760834,Fault,0.9637791364163036,3.1105648975920137,718.0,1
Shale,8.453920511894774,969.3478860660672,None,0.387364837,3.824413535932103,2214.0,0
Limestone,11.51373767720542,81.12750010591226,Anticline,0.6497996268787427,1.7802085535151224,3890.0,1
Shale,29.18884904856125,246.6520355929545,Fault,0.2891012538584304,3.3114695713298614,3423.9986155061665,0
Shale,25.993531897471247,522.3014017250023,None,0.9993529298700328,2.004006154310116,1583.0,0
Limestone,8.665182434325406,261.8657205140944,Fault,0.48149834846441913,3.769249865,1162.0,0
Shale,14.722950201370814,488.2311494470541,None,0.663714165,4.808757459,2868.0,0
Sandstone,11.23293519222166,445.20957629104953,Anticline,0.5183307870098315,2.1011548014265378,2407.5999999999995,0
Shale,12.432251931554854,544.6379720770694,Fault,0.5860059530346196,3.104012608865764,4945.0,0
Shale,28.445955202292023,393.0594329836394,None,0.766172589,3.5550984818563323,3247.0,0
Shale,16.32490096261982,793.2789613,None,0.65136867331493,3.4746068231993066,4469.0,0
Shale,14.794379562302813,536.8389998850372,Dome,0.45499193864593984,2.4658412032803945,3569.0000000000005,0
Sandstone,17.27800602763291,477.2738992063215,Dome,0.3829474086980963,1.3837378218676295,2727.8,1
Shale,9.47991423375682,877.497146,Anticline,0.0406720183701149,2.4308223287419843,2991.7649908439134,1
Limestone,8.841445405694063,329.99354711989525,Anticline,0.5729484736974183,3.6743026756710964,4272.0,0
Shale,10.89967716258672,525.7933825853478,None,0.4539238982457928,4.695290091185742,1869.0,1
Limestone,21.17868709740021,85.64395461,Anticline,0.8509178278671419,3.380070051620968,4896.0,0
Shale,17.585699329391932,439.0014051165637,Dome,0.6214293786195046,3.5392960013681933,3053.4,0
Shale,15.995993118468117,502.380408434253,Dome,0.7765319427707897,0.8689981141671027,2060.4,0
Sandstone,19.77104043297004,646.7841474140112,Anticline,0.6076379946841319,4.318519518889527,1304.0,1
Limestone,20.28472000360336,712.8294671238639,Fault,0.1939802121060054,3.4968494030073827,4576.999999999999,0
Shale,1.1166511370798748,570.6677266,Dome,0.41943987648995046,2.5172534700101785,4003.0000000000005,0
Limestone,1.2821881818585412,306.0478603,None,0.5967765959309443,0.4585980766038466,1794.6397922162782,0
Sandstone,13.861180285186668,251.6414839774974,Dome,0.6334408952338964,1.754322527818873,3245.6,0
Limestone,15.160957695177892,469.8539737464266,None,0.3281085611065191,1.4259949668868375,2835.9999999999995,0
Sandstone,2.7427880658512773,599.9288846554018,Dome,0.4655147251288725,4.806809000178069,4817.000000000001,0
Sandstone,15.369727485559379,494.3421047112715,Fault,0.9506437849446088,1.1184607166603169,2224.0,1
Limestone,7.050790190664335,917.9295753975318,Fault,0.9942996338040386,3.2145205487390616,1060.0,1
Limestone,19.283209848548776,246.84804195934865,Fault,0.6562086405905785,2.6498176328466974,3481.333333333333,0
Sandstone,27.695219658577944,579.8689708294411,Dome,0.4894119783667076,1.9431630845832768,2087.0,1
Shale,19.60150495436042,350.50038585476403,Anticline,0.870632349,1.203705690578099,959.0,0
Sandstone,12.06921124147116,313.1758378,Fault,0.2506620347114671,3.751318961608268,2692.0,0
Shale,3.1368859426302453,508.22427050938217,Anticline,0.27515845437622855,1.8415095828027617,2226.0,0
Shale,22.95581501263176,828.0007784591264,Dome,0.7114312834692853,2.5536437788202413,3132.8000000000006,0
Limestone,19.48019445355658,273.7389835444917,Anticline,0.387322327877219,3.9775522997271953,2821.3999999999996,0
Sandstone,25.80759859199113,116.20371420463896,Anticline,0.3729853880830148,0.067597601,799.0,0
Sandstone,5.65155028,228.43105830416707,Fault,0.7210502516015632,1.714320289729312,3670.0,1
Limestone,15.917016019663325,372.45799393385107,Dome,0.5174105258621329,2.134909918700785,3620.0,0
Sandstone,3.304268487568993,569.4979312438476,None,0.2833371392753103,0.9194801126250696,3491.0000000000005,0
Limestone,23.738528774900505,92.2625115010702,Fault,0.7599668898700503,0.5507681978981344,2837.000000000001,0
Limestone,3.7906944394353186,175.53388345673685,None,0.8640531247038472,4.426084646661868,1254.0,0
Sandstone,8.513938291246475,575.8646458660431,None,0.633592714853293,2.5531469444094643,3168.3999999999996,1
Sandstone,15.603462435071837,706.9770120094184,Dome,0.2108169179536846,3.958404384285661,4367.000000000001,0
Sandstone,25.54782957912657,594.4441236894912,None,0.6848739451072051,0.3070872082191006,3854.9999999999995,0
Sandstone,22.452190332151137,296.9735661185149,None,0.5064113070221608,2.3854893983672714,2083.0,0
Shale,0.4299271760100376,843.4136662284454,Fault,0.4312773456598117,3.2067048074499827,3069.0,0
Sandstone,20.2741527668217,956.840027684122,None,0.532857123762685,3.118979453688862,2331.0,0
Sandstone,28.618102575792264,437.6871494662724,Dome,0.23058616117266606,3.293243485749013,2585.0,1
Shale,8.683226849046248,35.94375560059489,Dome,0.9062964019071608,1.4146630919919478,2773.0000000000005,0
Sandstone,17.17230804519398,464.08176108884027,Fault,0.3153253553801459,0.9735184114309614,693.0,0
Shale,15.395100489916931,552.2756250747744,Fault,0.3955388763611394,3.6528822065496636,2859.0,0
Limestone,10.914289234228004,792.2525464579122,Anticline,0.4355362434191665,0.060485437,3432.9999999999995,0
Shale,26.85229677485535,39.57798900663864,Dome,0.4643326526180342,0.5349090381602806,3881.0,0
Sandstone,15.802778630766458,359.7734385634605,Fault,0.7552299542033042,2.292062615277292,2163.0,0
Shale,13.097451652254732,126.25584744780402,Dome,0.8310462473761965,4.726615760501448,2734.0,0
Limestone,12.521748720183009,822.9272647503581,None,0.5478284617151706,1.7503457694570843,2519.0,0
Limestone,1.032096253603747,200.44899331406705,Fault,0.7599670316957243,4.043754849220164,2301.0,0
Shale,9.934394674924494,306.0205731342331,Dome,0.24554867449042675,1.9520006589287286,3391.0000000000005,0
Limestone,4.320096717594664,764.6579171574249,Dome,0.9242439343437908,3.5584805553923737,1409.0,1
Shale,19.91884513996594,480.54596770605787,Dome,0.6007532208943347,3.0788286948770285,2734.0,0
Sandstone,14.748695313195745,551.9845322542683,Anticline,0.9269103978785692,2.766986692335647,2593.9999999999995,1
Shale,29.32268843141244,553.7803387503477,None,0.44747080794268423,2.968527438180763,2802.8000000000006,0
Sandstone,17.426000799893586,956.2897099137977,None,0.3429296093981834,3.6987783049831098,3578.5000000000005,0
Sandstone,9.472302074521114,572.3107056778439,Dome,0.4382092811112116,4.141990597492408,2552.0,0
Shale,5.706837924604127,897.9854943867174,Anticline,0.5694582351929555,0.6555861793344065,3164.5,0
Shale,15.025699246546512,619.9156030876177,Dome,0.9408571368674034,3.332393455465464,2557.2000000000003,0
Limestone,11.651732382943058,750.2574916890034,None,0.2713906837663202,1.4721155014854053,4333.0,0
Limestone,25.88767180532967,45.66222448744309,Anticline,0.4672685058127977,1.9889038049637973,2701.3999999999996,1
Shale,24.469966224439013,377.2162159079465,Anticline,0.8957959771996051,3.459624512061011,2814.0,0
Limestone,8.869636248374558,784.6237085015855,Dome,0.1212268693402295,2.047479249,2476.0,0
Limestone,9.573704694613877,259.39121229714124,Fault,0.066665551,4.151481556346238,2629.511204336652,0
Shale,16.91470888514132,691.7350830599294,Dome,0.996271567803204,4.964540960260568,3106.0000000000005,0
Shale,13.466068282206228,154.90759120778733,Fault,0.46693706492004416,3.5919524480180725,1647.2,0
Sandstone,20.650152346396943,572.1327286264956,None,0.5955878466218631,2.9021493180937923,2763.0,1
Sandstone,10.11908509402459,631.1085906022258,Dome,0.9006272945948973,1.5791062814177952,2964.0,1
Sandstone,16.32089895883727,448.0614567206536,Fault,0.6379027314773119,1.9919189573129878,2569.8,0
Sandstone,10.495007629235658,887.2194060061518,Dome,0.4228233628899209,0.5750605471626857,2063.2779053895547,0
Shale,11.889005752474112,596.789033,Anticline,0.2033059710029396,0.2594040328524033,2211.0,1
Shale,15.031207109538103,930.5471143717044,Dome,0.8894114309537064,3.4501455671091144,4037.0000000000005,0
Limestone,11.57348262297947,340.48719764877546,Fault,0.3321070115377964,3.646607037419468,2463.5165390271777,0
Sandstone,23.445169432265462,695.864347177957,Dome,0.1020298946414903,1.916487981755085,2958.0,0
Shale,25.076652243787272,920.6336172,Dome,0.3534145645002842,3.002553612120741,4420.0,0
Limestone,15.49882775562826,285.57127482979894,Anticline,0.7345201578474331,3.8388578509673614,3890.0,1
Limestone,24.874519208524195,7.778767423850764,Fault,0.4932921760875567,1.7708432346185587,2983.186427310548,0
Shale,10.87644742162983,595.4835613065183,Dome,0.4736018014946844,2.1925475501875944,2184.8,0
Sandstone,0.6734774529397403,95.97005813380343,Anticline,0.5560857175327985,1.419323836574264,1965.0,0
Sandstone,16.23611297313895,70.06420248167188,Fault,0.5754716779786794,1.8637249514913938,1696.0,1
Sandstone,0.9696979597827092,924.9575608244246,Fault,0.9233400629358105,3.703474726680034,3576.0,1
Shale,23.532169968252003,684.5444821771375,Fault,0.1384050028670275,3.809813003978432,655.0,0
Limestone,21.8763284550256,344.0100330296359,None,0.7439939006792845,3.2848284849465776,1810.1318453707584,0
Limestone,18.61670541070376,382.9438384,Anticline,0.310026016,3.387127596064449,4551.0,0
Sandstone,17.394160355003883,578.5861479861801,None,0.3999086299604406,0.47407823165321206,2176.536973030318,0
Sandstone,28.402681055211097,228.43105830416707,Fault,0.332900846,4.250752488553203,2350.0,0
Limestone,22.209091796972523,567.3323357967859,Anticline,0.4894709218594262,2.804958470163367,2537.0,0
Shale,4.064835567865344,232.61331139341632,Anticline,0.4296014141676469,4.54592875734095,2842.4999999999995,0
Shale,12.47452617147708,290.3174190714483,Anticline,0.1353010722340201,2.5104516840801745,2723.3696768778013,1
Shale,16.558090831813995,768.6794525591581,None,0.2486141190217397,4.5917778858228315,2213.0,0
Shale,1.078972686402384,512.6984300931136,Anticline,0.8586454671624839,2.851774095756156,4409.0,0
Limestone,11.945219336919504,440.6875688497801,Anticline,0.3309519189566503,2.493585681040025,3757.8,0
Shale,18.897042378033788,420.8122052020683,Fault,0.039467563,1.7603738647282348,1279.0,0
Sandstone,11.206208889428863,289.7173284,None,0.50699297,3.7125576656974317,2883.0,0
Sandstone,9.290066112038776,931.1279718563128,None,0.6934508410975411,4.963505811452561,2365.0,1
Shale,15.846798231814706,424.5133186376879,Fault,0.2610439988134952,4.792967568576476,905.0,0
Sandstone,13.789524589787174,581.0446971970788,None,0.7572705055025759,4.308848550851969,2802.2000000000003,0
Sandstone,7.097037756333001,265.9622678832426,Dome,0.5726341090497714,4.304319810844343,1148.0000000000002,1
Limestone,16.76859720811131,399.94821495057283,Fault,0.9622686816769364,2.7629947100446164,3769.333333333333,0
Shale,24.99574979356362,980.8625248556746,None,0.2678743160746692,4.670972209542769,1835.0,0
Shale,12.645264330763755,530.9034546727479,Anticline,0.7704321954012339,1.681129864960496,4676.0,1
Limestone,13.841497597802713,846.1574199739995,None,0.1534970018257051,2.300636083333971,3402.0000000000005,0
Sandstone,12.76156363810778,460.7230176563847,Dome,0.6530559079950671,1.983595582753925,991.0,1
Shale,29.423814162437544,275.41280649342934,None,0.698509882,4.512583562102894,2740.0,0
Limestone,27.21746833069217,916.8897714967017,None,0.2060702524206228,1.7184247199020162,3751.0000000000005,0
Sandstone,27.950939210435063,158.5459176382324,Anticline,0.5541551844723496,3.440527753639038,4617.0,1
Limestone,16.47805480045328,72.32979988582005,Fault,0.24809599725555254,2.2506135536012826,3284.0000000000005,0
Shale,11.889005752474112,809.9885310443909,Anticline,0.7992387569371213,3.3209041090118046,1059.0,0
Limestone,25.728519114396164,784.2007705460638,None,0.0410046886947824,2.3733743742886855,4105.8,0
Shale,11.06108772011884,720.2692418016916,Dome,0.3317464916810625,3.445908795,2734.0,0
Limestone,12.034439084753926,847.7214790543925,None,0.48152982810727346,1.684145016576144,3013.0095501238384,0
Shale,14.382473958813058,660.6929752,Anticline,0.8153541341503657,1.7194021306032576,4858.0,0
Limestone,26.936943143227563,647.8602496438361,Dome,0.9034554360782217,3.141786149142841,3297.5,1
Shale,14.794379562302813,536.8389998850372,Dome,0.45499193864593984,2.4658412032803945,3569.0000000000005,0
Shale,8.787756102093686,565.240428634596,Anticline,0.8435487928283237,3.668761247083041,561.0,1
Sandstone,25.48409704750987,765.7828057452165,None,0.089286252,0.5173568635338965,1752.9999999999998,0
Shale,20.179330305803703,162.86039394807526,Fault,0.2064088676918952,3.1292825074364727,4354.000000000001,0
Limestone,12.988516482899346,742.0849391427196,Dome,0.4359093242363593,3.189508645246597,1563.0,1
Sandstone,15.369727485559379,216.2539633164621,Fault,0.3330746796251973,0.6543053316233027,3559.0,0
Sandstone,24.54923453025909,578.9038774,Fault,0.4588515134828555,1.8949724560337105,2074.8,1
Sandstone,26.238173835094976,475.2917810879845,None,0.5402429334393679,4.022539388416134,3239.827219346787,0
Sandstone,10.813496837833627,311.5192709264672,None,0.40370365085986326,2.191823944652422,600.0,0
Limestone,23.55569653268524,417.9697406,None,0.8089092960897761,1.794625239410596,1824.4999999999998,1
Shale,6.487515845595867,589.5415566439649,Fault,0.3670827470872466,1.3341088336952978,2096.4,0
Shale,18.3829282213797,906.1913521941392,None,0.65136867331493,3.541772195714848,2561.0,0
Sandstone,21.94813021558405,79.63020822542266,Dome,0.9534019462519872,2.144825398,4357.0,1
Sandstone,20.986027728465714,641.1380828286708,Fault,0.768068011466381,1.735872531681445,2403.2,0
Sandstone,21.16845914352879,164.8667007,Fault,0.662291896936095,1.9204050773159353,4899.0,1
Limestone,17.18047047189898,904.449985910064,None,0.4101726002655748,2.8013475697669206,3420.0000000000005,0
Shale,17.43963059,490.86767713002223,None,0.6656975480739203,3.379675819259852,1770.841280248225,0
Limestone,19.17754855735431,399.41734395166975,Fault,0.8036119429560182,4.085546976,4840.0,1
Shale,15.245063498966244,853.1297155255131,Fault,0.32756902509668845,0.5144312266102558,1712.0,0
Sandstone,2.935710081493501,654.9773938911782,Fault,0.5318080088386673,3.4810919876251516,1710.0,0
Sandstone,1.4959372948253655,152.09209480881904,None,0.597380431914909,0.1224305535934533,3506.0000000000005,0
Sandstone,10.560497475056348,425.4937370896542,None,0.5806958197501985,4.445123899330181,1347.0,0
Sandstone,7.608468829156925,468.7493784918812,Fault,0.5982630858538218,2.4638188774380736,2660.6,1
Shale,26.232436625894355,323.9220717424122,Dome,0.1786214070296019,0.1452952095298121,3178.0000000000005,0
Limestone,6.662465646269695,982.4413433929524,Dome,0.0157200103034498,3.5584805553923737,1613.0,0
Shale,19.047506242411945,334.178841309204,Fault,0.6604124904863988,2.758455230542178,2484.8,0
Shale,18.032015853594647,657.8516713370149,Dome,0.48311432714360913,4.577968765088397,1870.0,1
Limestone,17.928395727973815,570.8874573725731,Fault,0.055606514,4.6772383399312565,1881.0,0
Shale,22.95480986450299,281.4290327221294,None,0.5104121946133552,3.317943894989165,4623.0,0
Sandstone,20.74248172539456,568.2091794754464,Fault,0.5468365102699866,3.1217145075191537,2137.2000000000003,0
Sandstone,25.095926722827105,429.89202062566864,Dome,0.060649991,1.1529971742509155,4615.0,0
Sandstone,6.3613454814892325,773.5029464441483,None,0.2692561825989814,2.3892444050324544,2083.0,0
Limestone,13.261398517122808,125.38074911132658,None,0.674760834,2.8575796051178806,2740.0,0
Limestone,7.314058131305386,689.0787484431924,None,0.4214656481504195,4.220700010325999,3367.6666666666665,0
Limestone,21.914774324468983,220.39942643385783,Fault,0.7599670316957243,3.2265326513622448,1162.00166980551,0
Limestone,23.296724153556603,884.5335568697931,Fault,0.5320178191119393,4.427311983769185,3125.0,0
Shale,7.74693059,170.81982320461964,Fault,0.3473450429400172,1.6108775267010071,1910.9999999999998,0
Sandstone,13.242672045115498,676.4251882224065,None,0.4841599073973165,0.2697373841805611,2706.0,0
Limestone,13.645413919895594,604.2259923917948,Anticline,0.2295355181980411,3.401180981415556,2679.0000000000005,1
Limestone,10.25246526977782,80.05016019,Fault,0.9264922163672986,1.7844377332036006,3469.863804772693,1
Shale,17.92234893665563,141.8383577,Dome,0.099529784,3.395399402350747,3301.5999999999995,0
Sandstone,4.116814398506133,801.207235,None,0.4607004381371572,3.4076486556227747,1752.9999999999998,0
Sandstone,15.385886381309737,825.3897308060912,None,0.2464342807936556,2.439771242905422,2636.0,0
Sandstone,9.156717942959272,916.9579540948954,Anticline,0.5596842091329204,3.584341940270176,4018.0000000000005,0
Shale,15.98047429338935,274.33223640518565,Anticline,0.7359748710048278,0.621197369,2717.3999999999996,0
Shale,13.448539582793181,101.4563974186764,Fault,0.6120644916411004,0.4462773360746147,2306.6,0
Shale,0.548252092,355.73097173373105,Anticline,0.3722702581266772,3.6267415581167524,2700.032343279173,0
Limestone,29.178798132976578,13.375933581852072,Anticline,0.6971568697922707,2.867114715542264,2284.2,0
Sandstone,13.385113134380894,685.7249862751407,Dome,0.3984034149271385,3.722535183238598,1972.341660441127,0
Sandstone,20.00897110461545,800.1129442804397,Fault,0.6410443505000057,2.222087904714074,2656.0,0
Limestone,23.717026580734657,157.21723892077364,Dome,0.3569945274592565,2.2494470252847485,1541.0,0
Sandstone,14.45410327616824,141.69285546123325,Dome,0.3125587034702625,0.8171007356747727,857.0,0
Shale,16.182464399908277,610.6222412120505,Dome,0.8063913,3.526456962498972,3401.0000000000005,1
Limestone,8.210953730351129,471.4499055912178,Fault,0.2228068424002851,2.312618157052952,2434.9468415119054,0
Shale,4.543728672012435,18.134529015917487,Anticline,0.985095286,2.924674937723128,3779.0000000000005,1
Shale,18.11232865689769,20.61263911626568,None,0.5111306047484476,4.702424393,2136.0,1
Shale,27.70994512648958,680.2985701021107,None,0.5096875881559546,0.5779593019564433,945.0,0
Sandstone,5.073745879325341,323.3775496323322,Anticline,0.5765418550013689,1.1814680309552272,4320.0,0
Limestone,4.435573135871513,922.7587525726052,Dome,0.6786687470929363,2.529662274196187,2263.0,1
Limestone,9.123715484041083,780.4790715895575,Fault,0.7599670316957243,3.0085124507289653,660.0,0
Sandstone,26.62824988481865,706.1297524021352,Dome,0.5752629890508375,1.9120734691724413,3448.0000000000005,0
Sandstone,10.207190186900464,276.81000240077304,Fault,0.7475283198621373,2.4620780706427348,2314.0,1
Shale,21.65401264649568,456.4305148432391,Fault,0.047241592,2.9640701428197667,885.0,0
Sandstone,14.233807526166625,705.2892727410425,Dome,0.4591955697955693,1.5581139984177002,4005.0000000000005,1
Sandstone,7.9526750625610845,924.1578521566728,None,0.2661478042644087,1.6306291572583689,1691.0,0
Limestone,3.8554700533234927,521.7420759260146,Anticline,0.612739061631935,3.656634392714843,3030.2,1
Limestone,14.510724694403818,256.78844188975177,Dome,0.2651872397711778,2.2075816234387413,1736.0,0
Sandstone,6.180170356561197,405.2012770639162,Fault,0.8782066742268435,0.7558584914116274,994.0,1
Sandstone,13.242672045115498,676.4251882224065,None,0.6714831144766612,0.380246851,3486.0,0
Shale,21.572268615324354,978.5998164645146,Dome,0.5949302374008253,0.2833365443885993,1616.0,0
Shale,7.589689047948034,38.14355420632357,Fault,0.40385039842587966,3.366490305098414,3019.0,0
Shale,27.979231876619536,145.92032924578314,Anticline,0.20470684404927017,3.7334297132158034,4128.000000000001,0
Limestone,13.652269065611533,700.2377677875293,Anticline,0.8565795022245519,1.4477466154114904,3146.4000000000005,0
Sandstone,3.494335490200112,609.0858093346403,Dome,0.49847084336522474,4.352391686553109,2317.0,0
Limestone,19.19325604711268,431.3865733963386,Fault,0.9012035745643544,0.3694175020979628,2422.047859557936,0
Shale,17.13486895867083,2.583059821873761,None,0.243653999613715,4.670972209542769,4289.0,0
Sandstone,11.57818532810782,425.4937370896542,None,0.06576777,0.098781646,1588.0,0
Limestone,21.719674927070745,954.2015137742565,Fault,0.7599657636804525,1.0606446359083228,3005.0,0
Shale,3.1579548744127584,733.8247945825711,Anticline,0.651493311,3.545865660966661,1130.0,1
Limestone,7.184480774475582,794.2665652568722,Anticline,0.4863202272490264,0.9671225552134628,3757.8,0
Shale,7.572051448264537,457.5428941452484,Dome,0.4563854888871614,0.22189003780637148,2038.0081434421597,0
Limestone,14.265563611607519,503.6994196884944,None,0.5247292604295243,2.9096395249036067,1808.6,0
Shale,17.365205041067778,192.6442784864096,Fault,0.9735071835735696,3.0783317750670087,945.0,0
Limestone,10.381606820701574,644.3824106748322,Fault,0.5222884509232181,0.6880779052404018,3726.0,0
Shale,24.148911911977635,631.6061852658937,None,0.1282821069493315,2.961738273380311,2979.0,0
Shale,18.91344347,96.67211831342732,Anticline,0.6693264127735739,3.748729327226565,2405.0,0
Sandstone,9.268679702,170.82258113572115,Anticline,0.4136862637390038,3.240241867390344,711.0,0
Limestone,21.86609413465024,472.068586461577,None,0.5055441085195576,2.434722838560377,2651.0,0
Limestone,13.906542536559725,510.2327075925781,None,0.0437256954277978,0.8852640182500948,4625.0,0
Shale,9.466652463764204,318.79263166590863,Anticline,0.1308304285735524,1.853006483906709,1241.0,0
Limestone,10.750039700150213,386.0356786301487,Fault,0.4468154684192543,1.971040774253746,2203.1475148341106,0
Sandstone,7.097037756333001,1.1850101001473654,Dome,0.1348341514522116,0.078118889,2927.000000000001,0
Shale,16.811968614598282,46.659119813948905,None,0.9012659650033024,4.5917778858228315,2213.0,0
Shale,21.984497589230656,464.1189635467597,None,0.4204020537450624,3.5682942362862393,527.0,0
Sandstone,15.369727485559379,16.656701514837053,Fault,0.1449920420027052,1.475186989906396,3029.0000000000005,0
Sandstone,24.25073467494221,631.1085906022258,Dome,0.5953577798139739,1.1938823304632096,2964.0,0
Shale,21.057146134297284,263.558877592587,Anticline,0.680910262306926,2.873584684742015,2916.4,0
Shale,13.472959050358273,623.5097878,Dome,0.3331831554960268,2.2634213608603453,2811.0,0
Shale,5.860768825458251,297.6772034028156,Anticline,0.9951813258283256,3.3459247050139584,3592.0,0
Shale,10.247088988328253,963.8114070250213,None,0.3720288893702312,4.178043527291367,1770.8402210406805,0
Shale,12.27676440575388,215.32568098208324,None,0.5096875881559546,0.7620601295525288,2271.0,0
Limestone,0.0403881286969109,700.2377677875293,Anticline,0.8565795022245519,2.171005139887197,3146.399999999999,0
Limestone,5.482534979623077,443.3462719927516,Anticline,0.5910239881953218,0.4354712544772748,2912.7999999999997,0
Sandstone,16.136421295537378,793.2172973179738,None,0.2627899723554192,2.887888299409844,2988.0,0
Limestone,25.948878153456057,617.8452852,Dome,0.3746612995126337,1.641721723267224,3297.5,1
Sandstone,21.91241258645378,357.35642437551473,Anticline,0.6543582004072221,3.545660277787939,4018.0000000000005,1
Limestone,29.904231380365623,764.6579673703475,Dome,0.069812691,2.8175604205813647,3799.000000000001,0
Shale,13.306775187304956,907.7087698,Dome,0.8253151430303431,3.501609843168043,1556.0,0
Sandstone,22.54358833378031,200.15165003841807,Anticline,0.4794902369247835,2.402981393117202,3636.0,0
Limestone,21.89311534721044,337.3371604194388,Fault,0.0150226742378746,1.7708450990323887,2035.3368219297388,0
Limestone,7.276328297489122,502.7994159440803,None,0.7738257968923308,1.3783836624059949,898.0,0
Limestone,18.57504132729175,657.2149295474826,None,0.6081531947823984,2.0782305522705067,2475.6,0
Limestone,3.028248766691965,834.5434857927513,Anticline,0.3353053585215534,2.4894835129143567,2974.7999999999997,0
Shale,3.087152650260019,531.3811900523541,None,0.194236758006649,3.951191468294947,1495.0,0
Limestone,21.210458828177725,932.610582959894,Dome,0.5889340491873002,2.311451132014819,2465.6,0
Shale,18.282525531647472,822.4524367614523,None,0.5355052407686924,3.042113566330108,2912.000000000001,0
Sandstone,18.11823542032602,487.78038342856945,Anticline,0.3233201037486408,2.4747670908574486,3673.0000000000005,1
Shale,27.04516858353909,185.01233313357287,None,0.4472167398935514,4.670972209542769,4499.0,0
Limestone,12.499081122412516,369.7164667563425,Anticline,0.9493277785454594,1.0976081786315866,2736.3999999999996,1
Limestone,19.19325604711268,318.8451071522316,Fault,0.5776691702331689,4.907443318308599,1292.0,1
Sandstone,19.64176045495329,249.9253227451241,Fault,0.1903522283603135,1.6450528865370033,1029.0,0
Limestone,26.94439334460302,443.0669718478997,None,0.48349343138278483,3.058360388152102,3642.0000000000005,1
Shale,13.358220742941135,502.9750036213445,Fault,0.9548830387675504,2.561542489583775,957.0,0
Limestone,28.279775308998914,641.3629535117722,Dome,0.7153606400498028,0.05086718500000001,2733.0,1
Sandstone,12.48654176536048,707.8247035766694,Dome,0.037431977,4.629669261865493,2474.8,1
Limestone,11.6239939146527,797.3579507,Fault,0.7960367599017643,1.7708436983319635,749.0,1
Shale,18.06768907131772,512.9622294153975,Anticline,0.040060563,0.3496768219525742,2999.9999999999995,0
Shale,15.940704952580855,271.6857464418211,Dome,0.4400736439559568,3.317888117043565,3538.399999999999,0
Sandstone,14.562542312994827,893.9147346734139,Fault,0.9734688964947392,4.871273722881318,2029.0,1
Shale,28.84243621270917,60.27889258,Anticline,0.4874111778902902,1.0148571351219808,4287.0,0
Limestone,21.98100551612421,426.6397720300028,Anticline,0.518354791,3.539248743643207,3014.666666666666,0
Shale,12.731747652940246,542.4816514773169,Anticline,0.7899765800618004,0.3092909086255868,4766.0,0
Shale,25.41808229888172,674.7581239121283,Dome,0.5380219631356752,3.832618883022154,2880.0000000000005,0
Sandstone,9.929234693486395,547.7764896102666,Fault,0.6821982229694693,4.645586094352254,2592.0,0
Limestone,6.447495941601575,483.0285575569968,Fault,0.3633234835737514,3.516141166143864,634.0017049778954,0
Sandstone,3.875233357293312,339.2922323928877,Anticline,0.6941075322306689,3.850428248102416,1987.0000000000002,1
Shale,29.762242937740687,851.3561780592992,Fault,0.9110501507137712,3.868059835990852,2889.0,0
Sandstone,17.106042731903994,786.7623874286453,None,0.2740207174024077,4.391338698941398,1846.0,0
Limestone,19.44707692146291,994.5645815,Fault,0.7599657279601322,0.7465059957177056,4844.0,1
Limestone,25.117116546654543,50.98580059832197,Fault,0.5333614464867996,0.6671027660772089,1162.0107678007118,0
Sandstone,8.224921130169005,95.07552854898996,Fault,0.8366531276266775,1.6496091052177242,2728.2,0
Limestone,13.503295760550888,471.06739685548456,Anticline,0.5311525659685531,3.3871196266592274,1646.0,0
Shale,19.979048698943906,643.8694292737924,None,0.7016563687448438,4.7505187777576925,2557.0,0
Limestone,13.88063495063481,327.9326852243628,None,0.1801933868998743,1.6467475703892431,500.0,1
Limestone,25.743611827533105,470.90119581748166,Dome,0.3857345240564624,2.8780166899866373,2875.0000000000005,0
Limestone,8.262897109184186,50.74046293452143,Fault,0.2528184369643446,1.9122482702284263,2482.4579342093325,0
Shale,16.459029155837506,331.6319414540899,Anticline,0.4659582342155147,3.5458662657979474,1854.0,0
Sandstone,18.32580250550551,175.3126346253916,Fault,0.3385446476334715,4.087252805220574,1776.4050024726873,0
Limestone,0.3773343745858615,269.4587419953261,Dome,0.533588939,1.5012955506608885,1995.0,0
Shale,21.17955798152456,968.1900080612888,None,0.022665321,4.297726943921393,4737.0,0
Limestone,0.1877241307941068,678.7408324619986,None,0.4003251833277884,3.740968632175807,2506.0,0
Sandstone,16.784257783690386,675.7597692795549,Dome,0.3811908029602469,2.729028820935859,550.0,0
Shale,25.683974970412304,920.6328258829842,Dome,0.3174667436325553,0.8966317833729625,4606.0,0
Shale,5.389708975105379,297.6772034028156,Anticline,0.0141902999947505,3.2459539246219644,3167.000000000001,0
Limestone,27.857906445919152,604.5047922496963,None,0.3933504265636626,1.7184247199020162,4436.0,0
Limestone,26.635137677786403,404.18588129438245,Fault,0.4406536869274413,3.7942396176027353,1467.5247867384185,0
Sandstone,15.897955450179362,768.5379258403766,Dome,0.4793626609533999,2.182172207473736,3212.9999999999995,0
Sandstone,10.687496838113402,528.8237704286847,Fault,0.9344306600118266,0.001006991,1595.0,0
Shale,3.222429763086656,242.3434156701626,Dome,0.4572963999545204,0.05061279270057,2299.5,1
Sandstone,22.23261675200008,931.1893314914072,None,0.4923184605422957,2.919716969968821,2555.8,0
Limestone,0.9516747544809344,80.57618508995607,Fault,0.2180921284064658,0.24980982335919943,754.0,0
Sandstone,5.940090909226605,381.88445336995824,Anticline,0.4456211154626235,2.962187620334614,2172.2,0
Limestone,20.46459484684905,182.51130848395377,Anticline,0.631498836751241,3.2109302801739807,4541.0,1
Shale,6.955238751441794,838.8658200093257,Anticline,0.092947466,3.8038059379193134,2999.9999999999995,0
Sandstone,29.394106061428143,312.80734587386536,Fault,0.1370744426854728,3.1957767282514493,2705.0,0
Shale,13.216174796189842,210.56563836532905,None,0.9577446331172504,4.670972209542769,3543.000000000001,0
Sandstone,23.45186967014278,732.7886605997248,Fault,0.3526165997261374,1.9382689480617084,3143.0,0
Limestone,0.4360240579797203,363.9838862313796,Dome,0.6267664521855227,1.258483995780808,3570.7500000000005,1
Limestone,21.57058329488673,335.77475017690705,Fault,0.7050769619293124,2.273470824627821,2585.000979362364,1
Sandstone,8.614942953916723,706.1297524021352,Dome,0.9522739596286872,1.9120734691724413,1338.0,1
Shale,10.255418564942762,843.7433586479466,Dome,0.41943987648995046,4.945749553333362,3338.0,1
Shale,22.04285434066033,330.6393446307489,Anticline,0.0042752020000000005,4.54592875734095,2842.4999999999995,0
Sandstone,13.288530322437982,559.7253238890952,Anticline,0.3712857564334544,3.869954967432629,924.1999999999999,0
Shale,13.420302308634055,594.7949178622754,Anticline,0.4323379441876859,1.7285784723810864,1796.0,0
Shale,15.011469556924174,642.6666468352272,Dome,0.3624122522268806,4.005263873864143,3473.0,0
Limestone,17.320520548965305,725.8103171611831,Dome,0.6904297570595925,1.8920423003401414,1706.2,1
Sandstone,3.3276069262441954,307.1052556865926,Fault,0.9344306600118266,3.426649292286608,2161.0,0
Limestone,1.626352326179792,538.1696039832857,None,0.5090702383416926,2.8170276912695393,3530.4,0
Shale,15.418663400721243,645.3648056760758,None,0.510353543053064,1.8671027412232155,2892.0000000000005,0
Sandstone,14.346608521359446,271.343087295677,None,0.1436027256547114,1.2372795423694205,3924.0,0
Sandstone,18.498768558358975,595.0737941704205,Dome,0.31561725929521045,1.661271591,3366.2,0
Sandstone,18.19984589327603,225.53938063058075,Dome,0.2554113759827081,1.7729334622020154,1409.0,1
Limestone,8.331572620525314,27.57596103296732,None,0.9204410364836187,1.807759632680665,4558.0,0
Limestone,10.69705422905264,468.5173807,Fault,0.4803975881875302,0.9306503305419229,2433.4999999999995,0
Sandstone,14.027668454963004,650.4504520979033,Anticline,0.5331320505993339,1.164625041835583,4542.0,0
Shale,7.066872656117168,246.74660747118293,Fault,0.4104823677916935,4.415927893503314,2220.0,0
Sandstone,9.207932189436978,706.1297524021352,Dome,0.4924706226322353,1.6058565525006043,878.0,0
Shale,10.505960430696572,212.07375253236785,Fault,0.7850980089510253,0.3824488662706599,2444.0,1
Limestone,23.113416632219693,99.43872990057297,Dome,0.6967410002096508,3.830681480070763,3980.0,1
Sandstone,4.767743005325147,686.3870822672968,Anticline,0.5984861064260061,2.239501607859772,971.5,1
Shale,16.182464399908277,610.6222412120505,Dome,0.2200099780619718,4.570338472354937,3328.0000000000005,0
Sandstone,25.31265131961881,594.0726394305048,Dome,0.41841816562438916,1.9593075796863804,3048.0,0
Sandstone,8.415834655662028,602.8348175437242,Dome,0.31636275293264665,3.1248501917867184,2945.0,1
Sandstone,6.156602618822155,526.693229519686,None,0.720124379940657,0.8060764937984655,2622.0,0
Shale,7.529616189482121,531.3811900523541,None,0.485611658494485,3.951191468294947,887.0,0
Shale,22.92767022072424,704.3369523,None,0.8819596764854412,3.8903181252961674,3979.000000000001,0
Shale,16.64013027137106,500.4772876974561,Fault,0.449953786,2.3784197689148017,2028.4589125532866,0
Sandstone,18.05479045899144,372.9770692881356,Anticline,0.421817488530731,4.577134528378098,2139.6000000000004,1
Sandstone,13.490210112722616,409.40507618333686,Dome,0.2909037201689264,1.8152754294238376,2443.7999999999997,0
Shale,17.129747139779354,566.0665606001357,Anticline,0.8741703216759925,0.8769325204367268,2991.7790898351523,0
Sandstone,21.041498566790704,349.7326231531206,Dome,0.6253971931668133,1.1483534631542291,1126.9226627076382,1
Sandstone,12.03757749611184,707.8247035766694,Dome,0.2147793993147839,1.8898136010965327,2180.2000000000003,0
Limestone,17.078938024043858,600.5403427302134,Dome,0.7050816308353353,3.758709397529715,3297.5,1
Shale,14.032460261239908,899.2461431565714,Anticline,0.8550607297172208,3.842006113118668,2540.0,0
Shale,24.74420843939492,565.240428634596,Anticline,0.8435487928283237,2.420265595761036,667.0,1
Shale,4.556585170098908,421.7147204,Dome,0.6765833704198766,0.809434117,2734.0,1
Shale,18.88885034815778,75.58698300057884,Fault,0.6802464906985235,1.7322468884433322,3186.0,0
Shale,25.627741846618186,862.0821474894102,Dome,0.989541757120082,0.2833365443885993,3723.9999999999995,0
Limestone,19.518679056338957,294.06272391399364,Fault,0.2947248775822108,2.12195840540744,3263.8,0
Shale,18.57717096160745,186.22640600934704,Anticline,0.5492978288530079,3.440865160133415,870.0,0
Limestone,15.017426683448962,554.1267378342126,None,0.5602371729090686,3.25621188790358,2913.333333333333,1
Limestone,11.346735457300344,218.0068750519304,Anticline,0.1452761169538045,4.144072093558999,3838.0000000000005,0
Limestone,17.16515885351309,710.3193183275538,None,0.2094145895952853,4.755909054248523,1819.8258339320723,0
Shale,18.313642239452406,196.51204388714905,Dome,0.2462047685087816,1.321586450540196,1640.0,0
Limestone,19.41679608637974,802.9629058,Fault,0.7408763850136038,0.0433962079793759,3998.4999999999995,0
Shale,3.1013402160587966,531.3811900523541,None,0.331053678518681,3.951191468294947,1894.0,0
Sandstone,8.682412249041231,175.2721196247516,Fault,0.8866131428716211,1.8648310637293848,4632.0,0
Limestone,12.691474614475428,570.0224126049959,Anticline,0.1538265767235525,3.532957151859141,2457.0,1
Limestone,3.1965374164833893,483.0285575569968,Fault,0.169067061,3.87518713271597,3744.0,0
Sandstone,24.713021873973688,481.5377610206614,Fault,0.4583991069451001,1.610045562082348,974.0,0
Sandstone,6.531375389344546,286.5134269381637,Anticline,0.47972890077452524,2.051891877,4443.000000000001,0
Sandstone,2.021306145657772,671.0323710717479,Fault,0.5429424057977258,1.3584493533344535,670.0,0
Shale,20.08070952722245,234.308260124442,Dome,0.3307391435659652,2.1815281547858216,2734.0,0
Limestone,29.73169526217261,655.9628475709984,Dome,0.5761023148489587,1.4192912457208768,3171.2,1
Limestone,3.696977271489745,804.8370556373426,Dome,0.2889378505717169,4.183195087034832,3297.5,0
Sandstone,15.986850497049614,831.9922942675975,None,0.41779019348023433,1.6788444960589537,3577.0,0
Limestone,0.2863005920167993,466.73537545007605,Fault,0.8078933569345047,1.3860933646120392,1831.9999999999998,1
Limestone,20.56110017927528,447.3679253329498,Fault,0.9839775774078608,4.111948157875426,3273.000000000001,0
Limestone,3.756900768862402,254.65901174535807,None,0.5085888839832913,0.8376677548633726,3012.728729668903,0
Shale,15.735017226569294,819.3110913394403,None,0.7887494790012712,4.670972209542769,4713.0,0
Sandstone,19.63365473028305,253.00198695077665,Dome,0.4282379065036418,0.7787657029596989,3220.8,1
Shale,16.12078988849758,353.0835055850484,Dome,0.4848644621302745,1.3907059391453729,1318.0,0
Limestone,8.721669228619952,367.62936996876505,Anticline,0.49654832411185074,3.4079166005375967,4642.0,0
Sandstone,22.612022112840137,360.70798106593554,Dome,0.8014432687281142,4.320941812774178,3640.0,1
Sandstone,20.451745512370263,650.8403309780059,Anticline,0.6874153330188532,0.44059272263902044,4018.0000000000005,1
Sandstone,9.38139885424374,234.359701938353,Fault,0.4165345061206146,2.432502070513568,3145.0000000000005,0
Shale,13.571002776197108,481.8634097756558,Dome,0.2093481159678516,2.017515193473467,1644.9999999999998,0
Sandstone,13.652725988494145,551.872279067937,Fault,0.5531767061367565,1.0400190521265058,2537.6,0
Limestone,14.359346116515743,908.7021270618058,Dome,0.7836074487998993,3.863743942499193,3344.0000000000005,1
Shale,18.22415261725708,297.6772034028156,Anticline,0.4593452030587438,3.2459539246219644,4089.0,0
Limestone,17.233102676166173,541.6433487055289,Dome,0.5517941777207018,4.022709005061478,3249.0,0
Limestone,10.948445340151029,592.0876168320481,None,0.1413149734027567,1.3929152364957542,3207.0000000000005,0
Shale,19.476863386228903,850.3422077950588,Anticline,0.20470684404927017,3.733429713215803,2916.0,1
Limestone,23.55020508624786,993.3927259166404,Fault,0.1335289733121401,1.7708496224995933,2423.1404244075147,0
Shale,26.86932459191505,920.6336172,Dome,0.9110212987647948,3.8556813560023593,934.0,1
Shale,15.946314719701192,672.2201236207362,Dome,0.5472927643469817,2.5954962088109186,3172.2,0
Sandstone,13.90050537191859,508.829745538702,None,0.5033063022281585,1.7974264064154863,1583.0,0
Limestone,16.235859179190662,261.25692799053303,None,0.2352049930977313,1.951480366533843,1476.0,0
Shale,21.397076042500103,177.94433614481707,None,0.8628000341287271,4.512583562102894,2740.0,0
Sandstone,3.1619080448742007,683.7052445,Anticline,0.36508599083798243,2.2776310256817878,1864.0000000000002,0
Limestone,23.39964980731633,452.8222377768498,None,0.6329886141924184,3.8825270873333535,1457.0,0
Shale,28.88873983945889,697.2962408367299,Fault,0.3908005534601052,3.8020837189826375,1346.0,0
Sandstone,8.594212132337509,624.9726542686342,Dome,0.6101948316486301,1.7842757656897834,726.0,1
Shale,6.731075271,374.7066665409151,None,0.6615192818109894,4.383970732724636,2739.0,0
Sandstone,20.04009752229042,491.11581882275385,Fault,0.7531525089812836,4.942435725169205,1606.0,1
Shale,24.202726913673786,512.6989926777045,Anticline,0.7050212594968588,2.7260036757678168,4828.0,0
Shale,9.486453676899902,512.6988057934744,Anticline,0.8050721608281025,4.700046630936631,2802.0000000000005,0
Shale,8.006978642963155,167.87312345639836,Fault,0.9055425836495654,1.897484165568069,3518.0,0
Shale,4.568707412029658,701.7891249138338,Dome,0.8132842131676772,3.4719763167114936,2734.0,0
Shale,26.95065825502996,311.8824088664755,Anticline,0.20470684404927017,3.7334297132158034,1265.0,0
Limestone,4.060663049198522,677.7893021655275,Fault,0.2050813577663749,1.8282808730592808,1589.0,0
Sandstone,16.624338450466947,542.0538673355446,None,0.4550016185279725,2.4672949686097025,2373.0,0
Sandstone,16.46567992783183,214.68184063841696,None,0.1868807120505552,0.1994259074316601,3121.0000000000005,0
Shale,5.227302049361386,357.265177,Anticline,0.174555495356965,2.1700570565531443,2991.764222209859,0
Shale,20.47957815132597,762.8614335504442,None,0.0508326642133486,2.050312242392853,1955.75,0
Limestone,3.071012537496279,476.0753395517942,None,0.380599119888637,0.8861763707014619,4421.0,0
Shale,17.105698376075786,643.8694292737923,None,0.1330040209876578,4.4532015876560935,4321.000000000001,0
Sandstone,7.097037756333001,914.5259293842932,Dome,0.2214519404267094,4.226558906650523,3467.0000000000005,0
Limestone,14.77205277613007,250.43070759253067,Fault,0.222043776,3.0477797095988004,3528.000000000001,0
Shale,28.66918385170265,616.6784180180538,Dome,0.41943987648995046,0.8593321724696233,1320.0,0
Shale,16.91470888514132,691.7346231702483,Dome,0.2494512669524323,3.0889602110454994,4899.0,1
Sandstone,17.99313944911494,436.8651224091846,Anticline,0.4000396444040072,4.784399727719853,2754.3333333333335,0
Limestone,3.788134113231956,534.3945120586019,Fault,0.7599660658765202,3.3462894185368337,4802.000000000001,1
Shale,9.673494291,415.5966677506409,Anticline,0.5762766942809783,4.611407055974086,3029.9999999999995,0
Shale,20.52985951,339.8344463822418,Dome,0.901267581,1.0703971072813403,2734.0,0
Limestone,22.682164576897396,730.7918246329548,None,0.5132838230409719,2.4618190435119036,1036.0,0
Sandstone,11.797844552976455,605.676320274691,Dome,0.3050197578583074,1.1168194044316826,2728.0,1
Sandstone,18.410495631862307,485.62984031165985,None,0.7989559602259164,0.4043630192375014,3705.3999999999996,0
Sandstone,26.51286046374096,582.1988303147955,Fault,0.8866131428716211,1.7290563851691123,2523.2811293120094,0
Shale,14.870723106861416,576.9873994591842,Anticline,0.3377349354815543,4.212574593493283,2842.4999999999995,0
Sandstone,14.482075613287465,13.050455304578351,Anticline,0.6015346226306262,4.566131607080588,769.0,0
Sandstone,11.63502808713283,122.34330613622036,Dome,0.8595595326534653,1.5855499101508015,3608.0,1
Sandstone,15.369727485559379,381.5042369866597,Fault,0.0511595141962712,1.8483298874709213,4308.000000000001,1
Limestone,15.758160687632923,954.6951461927464,Fault,0.5098774739540961,3.350844444483607,4646.0,0
Shale,18.759553891188503,339.62059578955325,Fault,0.6088861831192705,3.1466755742602865,1062.2,0
Shale,19.775222844141208,155.66093911686357,Fault,0.7243820515166337,1.2035577943637716,2330.75,0
Shale,28.015978285387465,352.99504749322006,Fault,0.654603861186828,2.349206169358849,1023.0000000000001,0
Limestone,7.704274069007191,117.28391751254549,Anticline,0.6452679472473328,4.426283738993217,2866.0000000000005,0
Shale,22.440482300982072,851.3561780592992,Fault,0.4413241709850946,3.785665958591861,1512.0,0
Sandstone,16.748775243188387,19.24971362806701,Dome,0.6635722865579522,0.8200526398874308,686.0,1
Shale,17.010369762605166,742.8587202110574,None,0.2872442351781955,4.821007428881779,3699.0,0
Sandstone,17.38790182238022,669.6618475240363,Fault,0.089819353,0.8544817410607446,1029.0,0
Limestone,17.236319240676163,179.0835197072847,Anticline,0.9877158687446708,2.868531849024674,2088.0,1
Shale,29.74360703528376,734.6492577135955,None,0.2548178179647618,2.609076615256803,841.0,0
Sandstone,15.823867581257586,83.25982093,Fault,0.534656032464258,1.915434565572584,1940.8,1
Limestone,16.424144695869558,369.7164667563425,Anticline,0.5291235390207832,2.8118349930000006,2736.4,0
Limestone,16.21411892342071,570.4324552671173,Dome,0.7686638305086043,2.12104644792993,4752.0,1
Sandstone,15.68668305642246,430.3759909169622,Fault,0.6172564951614075,4.243596644638071,2477.3999999999996,1
Limestone,1.5826984449627246,803.9277907593271,None,0.8892777088335996,1.8739330730163208,1923.0,0
Limestone,11.22917980218974,474.21157514296806,None,0.48152982810727346,3.8329455593045085,3013.0095501238384,0
Limestone,22.284938293970708,273.3216920936054,Anticline,0.6604244281443521,0.1758027237342108,2874.0,1
Sandstone,9.394896054893312,259.2420671318944,Fault,0.5048908142789611,4.800092090129278,2139.0,0
Shale,12.681077085815184,734.6489168044192,None,0.500169229,1.9574886914263325,4538.0,0
Sandstone,17.426000799893586,786.7571122541374,None,0.7600358554624315,3.6987783049831098,3578.5000000000005,1
Limestone,17.080038957216754,518.3892534796458,Fault,0.8732116596934296,4.507553785670867,3260.0,1
Shale,25.36653586490699,926.6732808907968,None,0.6913463413275371,3.740512826584742,1949.5,0
Limestone,15.209988604300422,378.8164883979992,Dome,0.058876603,4.217448777970051,641.0,0
Sandstone,12.844655190903596,283.85099698137157,Anticline,0.1099648281317061,2.2600637334698863,1923.0,0
Sandstone,25.16913290022204,899.8750597247669,None,0.1102870684236649,3.4073748983479386,1752.9999999999998,0
Shale,10.29896248306067,651.5411158427098,None,0.8145787260026688,3.983616816546824,2931.2,0
Shale,4.937978210987241,881.6629059555261,Fault,0.4867079448557909,1.1614921815746282,4982.999999999999,1
Limestone,14.982897723855555,671.6065993930844,None,0.32879183681774965,2.0520804771326446,4844.0,1
Sandstone,19.334551845617817,426.1951059257646,None,0.3050186488594681,3.398001959125418,3911.0,0
Sandstone,10.643614569755066,519.1200519753465,Anticline,0.194556161,2.729016378476207,2932.4,0
Limestone,4.681074340199308,137.5855540970923,None,0.3735485541413044,2.104148431988099,2937.2499999999995,0
Shale,5.237695537415592,936.2119564085102,Dome,0.6432739938102959,4.956520297055555,4451.0,0
Limestone,16.294721809324436,537.6979027767064,Anticline,0.8037054240166173,3.897890103746435,3276.4,1
Limestone,12.33819596841476,573.3181074754714,None,0.5206190177714404,1.1552730977275394,828.0,0
Limestone,19.7501826368245,653.1588749016024,Dome,0.379213415,2.7665485614913186,631.0,0
Sandstone,5.246636437052511,390.2335290075098,None,0.6656465961444752,1.4413067153679138,3635.2,0
Shale,20.673632714872745,793.2151509634158,Dome,0.3043943525519966,4.504471041176615,4931.0,0
Shale,25.066206736311223,246.5924993428372,Fault,0.9167675026668848,3.4680429724191795,3423.998564311359,0
Sandstone,20.100976134227004,953.3709406222512,Dome,0.777901494,0.8171007356747726,1095.0,1
Limestone,5.966751088140522,833.5734318416273,Anticline,0.6468795433192011,3.387127596064449,1954.0,1
Sandstone,5.828207130054043,398.6084310663112,Dome,0.4820148928923041,3.718788810705049,2278.5,0
Sandstone,21.353338349728485,234.35970437736464,Fault,0.4930154617009376,2.8678804387600803,2792.000000000001,0
Limestone,20.23845133998739,824.3558196257331,Dome,0.7498764545979597,1.6162561794921817,4808.0,0
Sandstone,3.1358366362708265,842.8522492785387,Dome,0.977435664668798,1.218130934678938,2667.0836910468847,1
Shale,24.23596937051944,410.02560426106146,Anticline,0.4041096035586599,2.777679099653037,1420.0,0
Shale,3.941588454746866,752.3073090819179,Fault,0.5301503202879133,3.6176846764798256,4673.0,0
Shale,6.692590035869246,512.6988057934744,Anticline,0.5194477378123405,3.324283133131131,3806.0,0
Sandstone,15.167505078212606,894.7032754776209,None,0.2905792289046622,1.3311393350498353,997.0,0
Limestone,24.54901528318145,182.51130848395377,Anticline,0.631498836751241,2.4454645144675164,1603.0,1
Shale,16.644773895099185,380.2999035151394,Fault,0.4501898259776145,1.1169701502660343,4204.000000000001,0
Limestone,15.83502112683822,974.7152305320108,None,0.42146564815041954,0.40379545,3367.6666666666665,1
Sandstone,14.665597214260917,586.4361537250347,Dome,0.5555327071561967,1.7130141821923095,4007.0000000000005,0
Limestone,3.0758759468340413,325.8959701832596,Dome,0.8980678571732823,1.2211266679968906,3297.5,1
Limestone,10.32924099959878,346.1051999947523,Anticline,0.0140812855048785,4.130551646787952,3499.0,0
Shale,22.056086283714734,651.1518874532363,None,0.9738402649752148,3.7940656654665417,1934.0,0
Shale,5.578845226722531,359.14912356413845,Fault,0.2458875864733777,3.3499793676463923,3423.9989301055944,0
Shale,22.57037107595868,589.5415566439649,Fault,0.3845837928602181,0.8339585902496177,2096.4,0
Sandstone,17.644311201887945,384.73079633252553,Dome,0.3265654549588483,4.174135490042701,2278.5,0
Shale,4.042417953927222,851.3561780592992,Fault,0.8355369613800863,2.221965635145653,591.0,0
Sandstone,8.014322096119479,779.7968724124082,Fault,0.2019051205151908,4.997590657077265,4559.0,0
Shale,11.315363753527306,102.78875535739252,Anticline,0.8667837779383459,4.212574593493283,2842.4999999999995,0
Sandstone,15.51507484458808,496.62557244730334,Fault,0.6805492046640075,0.4439263784706704,4286.0,0
Sandstone,2.9995574245133003,422.06153220842367,Anticline,0.38685413741499924,3.7475175959087133,2647.4,0
Limestone,9.929758428,362.02122895397696,None,0.4085487324756647,0.47896942000000003,971.0,0
Sandstone,8.869951178148574,596.9194846979323,Fault,0.5956917050702065,2.237711560562079,3699.0,1
Sandstone,18.12391886569605,631.1085906022258,Dome,0.6046005076371881,3.2137021333630567,2964.0,1
Shale,14.49035566645136,425.9092613445123,Anticline,0.2813686813144904,3.359300105765867,696.0,1
Sandstone,18.08009882833516,667.6944356943162,None,0.5104271961272193,2.6114375042780478,2278.0,0
Shale,9.47560761434446,376.66336574866517,Anticline,0.050539637,2.2141588090613875,1141.0,0
Limestone,11.903679762437529,764.6577390909139,Dome,0.5977843096175839,4.702891769701315,1525.0,0
Shale,18.172611915628032,920.6328265725058,Dome,0.5173432058592131,3.714018728276493,3102.0000000000005,0
Limestone,19.19325604711268,303.4448229007612,Fault,0.2592281950671309,0.8985333294279341,2422.0568297133,0
Shale,0.087351535,696.1924693208904,Dome,0.7726313885441417,0.9236887084523926,3917.0000000000005,0
Shale,14.62594535662037,707.3941776851192,Anticline,0.8739236793859108,2.6034031322743805,3778.0000000000005,0
Sandstone,8.08253668,170.82258113572115,Anticline,0.3078632910335106,2.528053214137044,4401.0,0
Shale,12.180354051183318,955.2875255190564,Fault,0.3285674185171208,3.75052748675073,3424.0,0
Sandstone,11.642962060324717,401.9957191963816,Anticline,0.4879801550832592,2.038754373036704,1526.0,0
Limestone,29.788303973487213,209.1524282857825,Anticline,0.3667165006629388,4.629229743668285,1105.0,0
Shale,20.93148922659879,728.6863223945768,Fault,0.46045505731123304,1.0646194118585544,3981.0,0
Sandstone,11.805570598711183,599.6693207455068,Anticline,0.4012555349790091,1.2367160327944182,982.0,0
Shale,21.60304963617424,353.1769457822779,Dome,0.46024659315595673,1.7088643352391624,850.0,0
Limestone,5.539537376810929,568.4185785306207,None,0.01546077470461,1.3335805336269002,4659.0,0
Shale,4.5940440181321165,851.3561780592992,Fault,0.9055090812962866,4.239191096368427,4765.0,0
Limestone,21.6053132027195,463.65491591649993,Dome,0.2586752402794943,1.320370186478752,3134.1999999999994,0
Shale,18.576129518764645,290.167879737611,Anticline,0.7261144787307433,2.2751171716795184,2737.8,0
Shale,22.16758581196824,348.7223005,Fault,0.6816984949157149,2.654298876636021,1943.333333333333,0
Limestone,13.841497597802709,800.5602930029396,None,0.3745796069349852,4.312991852032767,2385.0,0
Limestone,12.432632219987571,583.1875698575101,Anticline,0.640209280639646,3.387127596064449,3982.0,1
Sandstone,29.83745967,615.0264779354474,Anticline,0.6256610650002575,1.347659757225987,2168.8,1
Limestone,8.990060515244725,568.2602830611437,None,0.1028143862310535,1.114331549462203,1824.4999999999998,0
Shale,2.6121361673192456,632.2221053425386,None,0.1486878947020632,3.1313327934989594,2817.0000000000005,0
Limestone,2.627738922178392,698.0764647968675,None,0.3797445345489567,1.762585320234782,2835.9999999999995,0
Sandstone,21.201557311336803,311.6011168333161,None,0.070085642,4.189937383037679,2728.0,0
Limestone,2.293195831,638.3563606468681,None,0.4161556524022435,1.6725894121102083,1861.9999999999998,0
Sandstone,22.96170595852266,856.7963627905058,Dome,0.2765703154282998,3.8748596564263775,1524.0,0
Limestone,15.804011731480239,942.6600977842622,Fault,0.4326478246281043,3.336899118054375,3880.8,0
Limestone,3.8343553308114817,185.06522501993896,Anticline,0.5991010850828116,4.279378899596302,1404.0,0
Limestone,0.9137342421149042,362.0896336897672,Fault,0.7599663906955005,0.058761298,4181.0,1
Sandstone,13.597850501451694,399.2357005106889,Dome,0.8779506805840079,3.6012682173590846,550.0,1
Limestone,10.466112498158711,503.2809270611997,Anticline,0.5259726664963321,1.8827619352140679,3378.000000000001,0
Limestone,2.909362875482861,621.5572347712667,None,0.5396047350133258,0.5483211074639915,2559.76947978188,0
Limestone,25.07806470049524,333.7402227568886,Anticline,0.3024195561127978,2.381541804565262,3251.6000000000004,0
Limestone,18.09118665,787.1816797883055,Dome,0.1948690822174007,3.5584805553923737,4484.0,1
Shale,20.563215671138742,855.4530598,None,0.8928712523281018,4.383970732724636,2739.0,1
Limestone,28.650687588350056,704.087576521424,Dome,0.33794056290779056,2.8780897495587046,3811.0000000000005,1
Limestone,7.830851746075442,615.0126280286347,Dome,0.6226098074451331,4.822569167,3171.2,0
Sandstone,6.19052070579923,472.61369480210993,Anticline,0.7943433439854379,0.023001514463258904,1568.9999999999998,0
Shale,19.59410199875566,512.6987196698736,Anticline,0.056194937,4.367376267636372,2726.0,0
Shale,4.294840734335789,23.5818349198674,Fault,0.6327356509424173,1.9650988316675193,3944.4000000000005,0
Sandstone,26.802141872639613,601.5941182312723,Dome,0.7045786277731994,0.9253611362036009,2836.9999999999995,1
Sandstone,25.89027138201681,402.7290238738476,Anticline,0.5718099946076837,4.482953103127385,4084.9999999999995,0
Limestone,20.50303461161751,469.36730499508747,None,0.9499639128370316,0.6945042314406713,2989.0,1
Limestone,11.474725733058191,148.21703775275628,None,0.1596425190007743,4.122084164571527,4024.000000000001,0
Limestone,18.662879675703383,118.48201698210308,Dome,0.1257969924379458,2.803262293204887,2084.0,0
Limestone,8.747643845,883.2825123,Fault,0.5124384818478421,1.5382900636151624,1162.0066105628289,0
Limestone,7.895996993784514,427.98087961641096,None,0.2541790742435966,2.8449791735183574,3716.0,1
Shale,26.75619390025229,971.0043545302,Anticline,0.058597636,3.478725447638746,2999.9999999999995,0
Shale,11.46756755932375,839.3531505286669,None,0.4993805456541248,4.5917778858228315,2213.0,0
Sandstone,24.577026363072605,567.7465141872927,Fault,0.8519877731222028,1.5753673080691617,4841.0,1
Shale,13.68298579987775,513.8806151993072,Anticline,0.7482319518162319,3.396946593133516,3845.0,1
Limestone,29.03219863977258,518.4738129931476,Anticline,0.4682559088206436,0.32833783216437096,4598.0,0
Sandstone,5.246518086,179.7039453904561,Fault,0.8459681446546411,1.6039289867169233,1697.7561819338816,1
Limestone,12.609999282955275,776.5053823542746,Fault,0.4957397071874168,1.9053049491694292,2746.2,0
Sandstone,13.280393226304103,429.8918457707676,None,0.42442599152972205,3.118979453688861,4327.0,1
Shale,26.87179066545344,970.6294677896012,None,0.3955779146961238,4.233789652936723,1949.5,0
Limestone,10.17712021586601,197.6149377108468,Anticline,0.7184483262555225,3.387124425394392,870.0,1
Sandstone,15.757752563447498,810.7059700997856,None,0.9787479146154876,0.1410857036889867,1752.9999999999998,1
Limestone,27.851505169089226,14.063457640440236,Fault,0.7599669140574763,0.7158471069231609,3759.0,1
Limestone,11.3282064833035,467.7316550939034,Anticline,0.5658897560424324,0.1608346233041907,2968.3999999999996,0
Limestone,3.723221031413322,294.06272391399364,Fault,0.2953062084410316,2.120152227986435,1438.0,0
Sandstone,18.07409492110365,737.2593154152954,Fault,0.4511460431137604,3.365889345803152,4066.0000000000005,0
Sandstone,11.220352805534128,347.0864161219449,Anticline,0.1190710007345191,2.5952062143286323,2484.0000000000005,0
Shale,5.6404715158886685,591.6151167523801,Anticline,0.3871213389905432,1.4070693072844542,2765.3333333333335,0
Shale,29.79462310770481,178.01661867155406,Anticline,0.4848461869924896,1.1234102453157462,4045.0,0
Shale,26.77833984132441,791.2810713346342,Anticline,0.4404679309785707,4.606879947640726,2997.813475834253,1
Limestone,20.649922869980305,597.4116033351617,Fault,0.6524498954163203,2.3203700990590908,2404.2,0
Sandstone,1.5240776906682674,154.4649349508468,None,0.36801660256554497,2.284586752,2111.25,0
Sandstone,9.37991510363131,279.8060510151322,Anticline,0.4926704770578641,0.9528062014286832,803.0,1
Limestone,8.707653161175882,738.7454882139197,None,0.5530368534585615,0.4589271549093671,1405.0,0
Limestone,18.91742824749277,407.19924719304953,None,0.4287615077035039,3.985694200351961,1810.1293491614356,0
Limestone,26.98237566501976,382.6014862206131,Anticline,0.9111835893074296,3.3871272988045242,4920.0,1
Limestone,19.10563210227494,636.8197320435804,None,0.9705552864754988,0.5725439295612911,3105.5,0
Sandstone,26.54423841091953,341.7616110886556,Dome,0.5785968555518876,1.9136108021364797,3599.0000000000005,1
Sandstone,20.54319474837596,465.73021316943345,Fault,0.7418550338142295,4.882381195493379,659.0,1
Shale,6.233502628850744,843.4136662284454,Fault,0.4312773456598117,1.066850785776472,1912.0,0
Limestone,22.824743459478082,368.9020551196758,Anticline,0.5973452457817894,2.858275719969417,1485.0,0
Sandstone,21.985150118172463,474.6860143436072,Dome,0.1445608536221971,1.3974902661570416,759.0,0
Sandstone,0.1507965782940934,282.39767512005045,Anticline,0.2914562713733706,4.099221758628669,1451.0,0
Shale,3.188355347116074,920.6336172,Dome,0.702739488,3.5669055558156897,3147.0000000000005,0
Shale,24.765924700402483,560.5948033067733,None,0.6728346362480757,3.524785612874957,1799.8,0
Sandstone,15.369727485559379,250.99607893767404,Fault,0.5192492375848865,0.5938370647030999,2590.0,0
Shale,4.632472726,402.2888779930527,None,0.702309657,2.1994760101279134,1419.0,1
Sandstone,12.845518196015185,432.50546371208765,Fault,0.044518851,3.489806946082765,1429.9999999999998,0
Shale,19.775222844141208,873.3707017955797,Fault,0.3715820993371812,3.6755859420826416,2330.75,0
Limestone,28.074468723334377,504.3582100737862,Anticline,0.688992568,3.71875177189913,3564.0,1
Limestone,16.309066990073266,342.54522745020137,Anticline,0.6742484392621944,1.863891976855139,3890.0,1
Limestone,11.308805747595242,562.0754878958159,None,0.4739252530063974,0.3582604899179303,3333.7999999999997,1
Sandstone,8.775450610230932,234.35971426462527,Fault,0.5439295625290231,2.159602025183751,1461.0,0
Shale,26.27287616577466,887.1000824537965,Dome,0.8951294814927913,4.153926470859865,3283.0000000000005,0
Sandstone,7.619542601287605,945.0924278982408,Anticline,0.991088155121616,1.5437649315643838,2605.0,1
Shale,7.6181331577108855,436.4125111540946,None,0.5863840220928984,3.9459987839929225,1486.0,0
Limestone,18.824036962982184,520.4995267432342,Dome,0.4458879554219567,4.297402609298613,2804.2373649993615,0
Sandstone,24.19487838315736,491.11581882275385,Fault,0.7531525089812836,1.6311811207097064,2588.0,0
Sandstone,3.648157780441713,945.8853399447538,Dome,0.079469503,1.7480025190300834,550.0,0
Limestone,29.984036826077407,464.4769644649866,None,0.3701863821253233,3.2835161146659337,3939.0,0
Limestone,11.768011245706411,60.56589886,None,0.1733610124719337,4.960985765642167,1714.0,0
Shale,13.11886340872697,410.09891884105224,Fault,0.2979393800883227,2.307464807457963,2065.2,1
Limestone,4.617585293487151,393.1336722194094,Fault,0.15462449679336274,2.409938983879927,711.0,0
Sandstone,9.37991510363131,990.2753740891992,Anticline,0.49267047705786404,2.4172992151494084,941.0,0
Limestone,23.742292515209268,655.9628475709984,Dome,0.5373053255526808,4.444147211089744,3298.8000000000006,0
Limestone,15.095375011540336,394.49075030667535,None,0.002794384,0.4026267638691178,784.0,1
Sandstone,8.402761298929642,791.5064480381616,Anticline,0.2558198031929346,1.240471055826624,1786.9999999999998,0
Sandstone,9.983426068823864,415.1029871390737,Dome,0.9303069129868882,1.3137635390620654,3096.0,0
Shale,22.077538606559663,358.7207958099623,Anticline,0.035195002,3.270833689949632,3068.599999999999,0
Shale,11.744363991776435,911.6680216509668,Dome,0.490102082,2.526697059479593,4281.0,0
Sandstone,14.489784579207553,684.1591876147161,Dome,0.9654395601267742,2.478739811124834,3353.0,1
Limestone,19.466636198800664,109.11842011878306,Dome,0.7645566325310303,3.7511599936214846,3144.080828559325,1
Sandstone,26.58864649367153,15.187954014593936,Fault,0.8866131428716211,2.286683400079041,3088.0000000000005,1
Limestone,21.06470295590712,309.48323777079537,Fault,0.1908493330635847,3.8479426045842824,2498.0,0
Shale,2.472179155858446,851.3561780592992,Fault,0.7208252280828008,4.591202511427769,3810.0000000000005,1
Limestone,9.807186719299766,305.5083315004873,Anticline,0.051703,1.193121218731984,3794.363533499127,0
Sandstone,5.226320252141729,583.5171843461688,Dome,0.7414321317725453,1.9271089324973742,2334.0000000000005,1
Limestone,2.950347647706394,934.6024447,Fault,0.759965612868498,2.4221259769596952,1839.0,1
Shale,18.263938805411808,901.5701123637074,Dome,0.5871917004671171,2.869308679267934,4383.000000000001,1
Shale,9.609305308094271,660.6929752,Anticline,0.8153541341503657,1.8927358269837915,4858.0,0
Limestone,16.133488042241297,452.5917328032219,Dome,0.3937204065321951,0.8432797966324268,3297.5,0
Limestone,11.754126677405957,516.8499522299884,None,0.2922268549036079,3.6740341550394646,2787.3999999999996,0
Limestone,7.050790190664335,786.8802819260877,Fault,0.5018537136166513,3.2145205487390616,3163.195366625976,0
Sandstone,6.235311642589471,641.8193914798875,Dome,0.6804156412736363,0.2000221111181355,2693.0,1
Shale,18.75989879112699,809.2236668078247,None,0.4735519079754193,2.1341420380716034,2099.0,0
Limestone,17.987917801321622,369.7164667563425,Anticline,0.7163079820812245,2.837039677,2736.4,1
Limestone,28.580185994972272,512.2945910411854,Fault,0.5036216419696016,3.012222832137292,1162.003834225383,0
Limestone,28.524559797492945,119.22698838416004,Fault,0.6562086405905786,2.6498176328466974,3481.333333333333,0
Sandstone,22.553123630489345,108.45383037866368,Dome,0.3567216993306794,3.252499922569702,3214.0,1
Limestone,16.81739427003146,812.1695091950244,Dome,0.907639293309544,2.448370040315619,866.0,1
Shale,20.611174517474417,851.3561780592992,Fault,0.1250108200898436,3.985890291306556,3161.0000000000005,0
Shale,0.8468627895211911,536.0791670924575,Dome,0.012619862089148,1.673977704868295,4567.0,1
Sandstone,9.2071353958371,13.413168200138331,None,0.3391655910423244,3.125809056840492,1752.9999999999998,0
Limestone,14.708702836081036,944.285349784892,Fault,0.8681466487286567,2.506132058954158,3804.0,1
Sandstone,20.168479575394564,497.32221335201433,None,0.5384755359211867,2.1844401805036675,3112.6,0
Limestone,29.017907625790965,317.6839687645696,None,0.9818172099648392,1.7647220736875897,2758.333333333333,1
Sandstone,6.891069460864031,596.8498026499458,Dome,0.7928087754730776,0.9159520047673332,2601.2500000000005,0
Shale,20.19334044373586,829.3659458749223,Dome,0.5430340811915565,2.3619608696286893,3468.6666666666665,0
Shale,8.56344348747664,503.76063699991363,Fault,0.619183779,2.742784899687931,3436.0000000000005,0
Sandstone,14.643526303012049,148.37631034316948,None,0.9501076426861392,2.6114375042780478,1936.0,0
Sandstone,19.36787618249426,19.52964752868306,Anticline,0.3531876007629875,0.097383852,957.0468212205002,0
Shale,13.284881111529725,34.61668180292158,Anticline,0.8617848465377039,4.54592875734095,2842.4999999999995,0
Limestone,7.704274069007191,322.97517592950555,Anticline,0.310696658,4.273600682052966,2241.0,0
Shale,20.90264444806213,573.3043962074565,Dome,0.6877962983449674,2.0553724543763896,3149.7999999999997,0
Shale,0.8920878388380782,517.7541817497258,None,0.45778504559260697,3.35246447639519,2113.0,0
Limestone,23.668353718047804,911.6038128390176,Fault,0.071427647,0.2999700314763104,1706.0,0
Limestone,29.832458026766204,621.5572347712667,None,0.1503115512677629,3.326957358830734,2559.76947978188,0
Limestone,25.76284289516112,477.3609370832135,Fault,0.7599670316957243,1.6385167442255943,2619.0000000000005,0
Sandstone,7.114333979331336,425.4937370896542,None,0.3859214304531903,4.365436976073449,3878.0,0
Shale,6.313790165296028,795.2923731995993,Dome,0.2778943978407497,4.223474558977914,2734.0004529820394,0
Shale,13.921896243311297,356.1043920322545,Dome,0.4636043222908866,4.3940404949726695,3000.7999999999997,1
Sandstone,24.25184646912069,364.0098352895996,Dome,0.1087958463809548,1.1937455552113196,550.0,0
Sandstone,18.893549442854802,712.3424792,None,0.41779019348023433,3.3830572408154183,4807.0,0
Sandstone,20.17169438396113,275.734842300891,Anticline,0.32898640301689125,2.869407953826288,3949.000000000001,0
Shale,13.708165496947467,242.3434156701626,Dome,0.2889535655280361,1.820474292720085,2299.5,0
Sandstone,13.360838856080411,515.3346662932939,Anticline,0.637006215993158,2.4373595338996163,638.0,0
Limestone,10.299029075872228,715.0958814391463,Anticline,0.752343973,3.3871276182272543,572.0,1
Limestone,20.170448029285943,174.38711939274606,Fault,0.9203285766270388,2.665607397482073,3628.0000000000005,1
Limestone,1.1392790270881958,253.30199286119648,Anticline,0.3333666380761962,0.1794538212885515,2874.0,0
Sandstone,16.87137987907003,245.3680573994556,None,0.8658860907297334,3.676239529843195,2373.0,1
Sandstone,14.894527677143712,651.9273490522717,Dome,0.2871081798440068,2.1338271075235458,4731.0,0
Sandstone,23.06760133713505,610.2832081903512,Dome,0.2866301301469175,0.582603736,3667.0,0
Sandstone,16.49293654,521.0065856963545,None,0.7024941626624895,3.606642115448506,3101.0000000000005,0
Sandstone,6.410944247109852,341.5421324768648,None,0.123253708138059,4.842628157556095,1955.9999999999998,0
Limestone,13.727259967512952,543.0823694286527,Dome,0.7279023831125928,4.217448777970051,641.0,0
Sandstone,11.230926705899774,986.4612783007098,Anticline,0.7631864379628072,0.128524301,1585.5,1
Shale,7.324848261,362.5918160155959,Dome,0.2686179570937993,1.7536725471915728,2260.6,0
Limestone,29.555236652720243,430.30727192084873,Dome,0.242180718,2.9399492912013034,3297.5,0
Shale,9.438867268055963,778.550847237524,None,0.5581922352997577,3.686093582184702,2270.3333333333335,0
Shale,18.08678647816306,734.6492577135955,None,0.9207131235687668,0.1459876100974039,1593.0,0
Limestone,12.01743982603593,737.8654929383877,Anticline,0.16894708722579962,1.9201235856482208,2238.4,0
Shale,16.04137250350831,564.8788814570216,Dome,0.6760280258751092,3.6285390857884456,2927.000000000001,0
Shale,14.919629357040153,603.2273331147115,None,0.486172214015077,4.512583562102894,2740.0,0
Sandstone,17.98408299791877,384.7227078611164,Anticline,0.6509513742876992,1.6208526056790757,3006.4,1
Limestone,25.025992427254412,982.4413433929524,Dome,0.5755271474497833,2.417041760701712,2853.0,1
Sandstone,25.902900435653017,49.77321988344462,None,0.7153705396675714,1.2875700090030184,3128.0,0
Sandstone,4.248517349598516,54.36034948629906,Anticline,0.8183383356344703,3.2517820099293058,2367.0,1
Sandstone,16.136421295537378,986.3497260959284,None,0.5298458033394685,4.043059012634368,1671.0,0
Limestone,19.23797127770609,329.9142352848134,Anticline,0.5736798202909772,4.563144990341432,3770.0,0
Shale,15.986293040902419,693.0146437922976,Dome,0.4440386630403745,4.697912357845619,2605.0,0
Sandstone,14.807084634973307,556.2572946085377,Anticline,0.8967600477056256,4.478153694421932,607.0,1
Limestone,29.9495627,485.5702756250092,Dome,0.1144206801560226,0.3343428859467712,2785.0000000000005,0
Limestone,6.5477961808118845,87.99496754,Fault,0.5036217387046137,4.563570431968743,1162.0029341441862,1
Shale,28.22639719024454,533.3574380632072,Dome,0.3385973542543528,0.28333859364698466,4219.000000000001,0
Sandstone,10.62462590278485,463.29718095307913,Anticline,0.068620289,3.829399079,927.2114843637863,0
Sandstone,1.6657509842745166,456.64711569013247,Fault,0.7692706817234536,3.509768886642932,1899.0,0
Shale,25.349125609203043,178.25422059734862,Dome,0.282008336773056,0.2833365443885993,4600.0,0
Shale,21.79813311995607,761.7800065280328,Fault,0.001365926,3.0783317750670087,1901.0,0
Shale,26.75679309769688,149.36890683286032,Anticline,0.4123175780831248,2.397319723,755.0,0
Limestone,17.49373206376805,525.2919336143765,None,0.7371069804033034,4.363991489495106,2649.2,1
Limestone,14.832537370997516,583.8385931678188,None,0.02291006,4.780833922486925,2860.7999999999993,0
Sandstone,7.416153567918997,869.9293544,Dome,0.1813879870312804,1.3570007976897573,550.0,1
Shale,16.701969232776534,801.3977313532916,None,0.4672508481440207,3.0094849332814357,3095.8,0
Sandstone,9.37991510363131,594.2036619560101,Anticline,0.5795184612220051,3.724621336414999,1303.0,1
Limestone,1.8661527457707288,713.7439031,None,0.8414506733068134,2.066816979719724,1748.0,0
Sandstone,11.218414034372024,337.8826900003158,Anticline,0.9449086867499136,2.115436849269521,2327.0,1
Sandstone,27.009367187234727,476.09348330467014,None,0.5622276802249899,1.745204978452592,1784.0,1
Sandstone,3.816746608110322,425.4937370896542,None,0.2556436715589626,2.372592667570699,778.0,0
Limestone,18.63679591440502,572.5333341051368,Anticline,0.5061812493101415,4.145400871751714,2926.0000000000005,1
Limestone,22.61304606135157,700.541891825313,None,0.4283518101139932,0.3268520648865419,1700.0,0
Limestone,11.289796406473515,675.7801624052272,Anticline,0.6899129725565383,1.0184836855464807,3757.8,0
Limestone,9.189029906626129,425.57024517944336,Dome,0.5942535671999187,3.5265453026103333,808.0,1
Sandstone,7.502474067418254,670.7324881253477,Dome,0.7928087754730776,0.37650103399782037,2132.666666666667,0
Sandstone,24.09018091377004,316.2577348717951,Dome,0.34324069913409416,0.1553400440815627,661.0,1
Limestone,29.23048369572092,619.033227728729,None,0.4340461631098501,3.5695737085125296,3038.2000000000003,1
Limestone,14.926780014279252,519.9436251500622,Dome,0.7931143766896918,2.561809576772325,3438.000000000001,1
Sandstone,29.48580353566261,561.5586220459556,Anticline,0.9946622988722544,3.9902122167670746,962.8496234308445,1
Sandstone,6.086195277427038,179.3055902727377,Anticline,0.6203378054437996,3.105375718497045,1837.0,1
Limestone,8.500922066733546,369.7164667563425,Anticline,0.980533871,4.521051568033964,2736.4,1
Shale,9.966167128419649,362.9816030388729,Anticline,0.7748652675011075,3.731210310789495,2313.8526342736363,0
Sandstone,12.135232691270096,424.1099764417345,Anticline,0.3984876891393349,3.7899749888783534,3449.0000000000005,0
Sandstone,0.4370146425383669,229.1805526058712,None,0.3643056900542747,2.0918751056537355,4118.0,0
Sandstone,22.03050106005887,582.9971718956407,Fault,0.5515324893305936,2.1683113913651852,1978.0,0
Shale,0.9433786517684261,413.03342263648153,Dome,0.5861886479057387,4.892511916,2996.0000000000005,0
Shale,0.4119956424773485,761.0027462034302,Fault,0.1214452669621364,1.9935256328644928,2819.5,0
Limestone,13.438309206231098,505.8449113070472,Fault,0.57160322460941,1.142535727572327,4703.0,1
Sandstone,14.382156046166577,667.5231542979183,None,0.6551089707147064,2.0536178498121407,2373.0,0
Limestone,11.43689858,159.39741232337042,Dome,0.6211640962755061,1.2281990483054457,3297.5,1
Limestone,7.704274069007191,804.2187667296118,Anticline,0.1075462619547223,3.602341585548351,2272.0,0
Sandstone,20.463334197182622,48.75190994809152,Fault,0.826453621157074,2.3547494880218682,765.0,1
Sandstone,15.173185016076328,179.7041478609418,Fault,0.5615359031013367,3.11820134885494,1697.7526231736783,0
Shale,22.570055339336548,795.8457035405712,Dome,0.7291343839138855,3.655697793238597,2734.0,0
Shale,29.78312959538201,688.7993035202478,Anticline,0.2323087763821816,3.4193449891904235,1256.9999999999998,0
Sandstone,15.436853710448952,539.8399387,Anticline,0.7391028574658923,3.305185163284175,647.0,1
Limestone,14.199786359769867,767.1327543775501,None,0.7036189940216878,2.13088785119025,4381.000000000001,1
Limestone,21.176473340451647,518.4738129931476,Anticline,0.6616048816209097,1.5214592925741977,1777.0,1
Limestone,29.19782649091476,497.2733430140364,Fault,0.2309898731999522,2.4948567843521734,1340.9590625149438,0
Sandstone,22.3702801959119,429.7613913780745,Dome,0.2953711827074859,2.081435512192685,1940.9999999999998,0
Sandstone,16.763053719129548,366.3501413,Dome,0.4586536164091378,1.6918560162865564,4514.0,0
Sandstone,10.275732954079922,253.1900205649396,Fault,0.5082519696529233,1.0395409208988649,2777.3999999999996,0
Sandstone,18.30947424084633,460.0498609972324,Fault,0.4003108992311129,2.6970473063999325,4480.0,0
Limestone,17.217874083689466,129.1484956901033,Anticline,0.4540584697855848,3.807346644686584,3445.1999999999994,0
Shale,13.306776290651392,947.9222984510604,Dome,0.1393058666727579,3.276345873988189,4575.0,0
Sandstone,9.85156498849816,408.2927566799032,None,0.6001004087694592,2.3372759319620178,2122.2000000000003,0
Shale,15.091312426710642,496.0290986885328,Anticline,0.6551364772498361,3.5458662657979474,3548.0,0
Sandstone,7.793832485134811,472.99373072855786,Dome,0.8628773560533926,3.2707984143639792,2427.0,1
Shale,5.752086521707994,742.9180579,Fault,0.8803787251861742,3.272396434366027,3252.0000000000005,1
Limestone,7.366518778334732,828.4072511450194,Dome,0.42442796712464376,4.074916822392704,852.0000000000001,0
Limestone,22.87333566,604.0532442252015,Dome,0.0160771455452219,3.439897888227788,2963.324985565852,0
Limestone,14.220187978453351,764.6579673703475,Dome,0.209182252913474,3.056272532113788,760.0000000000001,1
Shale,20.063361280729453,537.1030962097522,None,0.1374154998264681,2.7886580068735936,1596.3999999999999,0
Shale,5.929176617733905,758.6502322,Dome,0.7104198012406638,3.001011040350806,2734.002981472693,0
Limestone,5.8267495219168985,514.9221581560447,None,0.30504523813422324,2.5413850197158783,2603.0,0
Shale,25.754107577947888,384.042058805215,Dome,0.9644367331750016,1.3542742118572464,2069.6,0
Sandstone,21.84036773388592,892.8498004533589,Anticline,0.3685986951861589,0.6019858774064746,3112.0,0
Limestone,6.4546686487216665,346.1051999947523,Anticline,0.0597666076413462,4.130551646787951,3105.0000000000005,1
Limestone,23.63226564907109,547.1328203888982,None,0.43558461753258637,1.619393375987664,2139.0,1
Shale,22.37152998614362,155.33874296983214,None,0.5111308308149758,2.999132846781553,2331.0,0
Shale,0.4649472547857092,357.1888166279816,Dome,0.24554867449042675,4.829151989990087,4558.0,0
Limestone,16.48027934708273,362.40823576720703,Dome,0.4390099911996094,4.7550100620450815,2534.0,1
Sandstone,26.70414160340741,825.3677418708844,Anticline,0.6435375145433193,3.4405277536390386,4882.0,0
Shale,11.591044114104209,689.1630104383643,Anticline,0.7078652030027721,4.322081560674681,3626.0000000000005,0
Limestone,19.37277533814098,802.6158688915245,None,0.4525289066993148,4.688254925958368,4809.0,1
Limestone,13.143349530998856,764.6579673703475,Dome,0.2976637947582136,4.645854396735861,3252.0000000000005,1
Shale,6.104639836659375,716.8370861392206,None,0.1521707161131296,0.7059299228985917,4102.0,0
Limestone,11.474725733058191,405.7525143449239,None,0.7311079607181669,3.2656820540906173,3417.0000000000005,1
Limestone,4.353167201893507,207.3825230604197,None,0.7997149245278878,4.639909527167927,2479.0,0
Shale,29.243095302612392,480.2878278153315,None,0.6728346362480758,2.9075791716093944,2343.2,0
Limestone,4.474224778192123,462.8994223635856,None,0.9501234554573654,1.5520015096658173,1970.0,0
Sandstone,19.1496671937548,47.21193107202261,None,0.49369085496935,3.321967074045084,3479.0000000000005,0
Limestone,24.394499650914423,507.27659820073177,Dome,0.9482437133026532,2.3525639512064007,2735.0,1
Sandstone,21.81141485337132,827.4905733955715,Dome,0.595069613136218,3.890897433578888,3046.2,0
Limestone,16.41914232344053,294.06272391399364,Fault,0.0281840523451168,2.217600921953748,634.0222912815098,0
Shale,29.93932366674781,905.9705456741044,Dome,0.41943987648995046,3.151248537678081,2606.0,0
Limestone,0.048035626,490.8600906146052,Dome,0.2533587822148069,1.9021618624436765,3227.9999999999995,0
Sandstone,28.31784850429373,572.3107056778439,Dome,0.4382092811112116,2.2345254590175374,2892.0000000000005,0
Limestone,1.6532891982200026,518.0928669354122,Dome,0.4021589972736478,3.5584805553923737,4206.0,0
Sandstone,24.76374977388856,880.0255278744846,Anticline,0.1189756594327186,4.968353234599424,1150.0,1
Limestone,8.012250223689971,755.6756695214056,Dome,0.5759725270143488,4.393095278524896,3547.0,0
Shale,16.659920532996455,882.7318132361906,Dome,0.6172012976101957,1.7977992896208121,2269.0,0
Limestone,13.584411426327502,803.9277907593271,None,0.3425235073667625,1.8739330730163208,4370.000000000001,0
Shale,18.32312192055116,149.25329478972915,None,0.9868617025302162,2.526546396768579,4906.0,0
Sandstone,15.397815137113268,95.7758419625046,Fault,0.3837267594912731,4.609840627541645,2039.0741427438793,1
Limestone,0.8683295023010118,555.3767127,Dome,0.4766196381514483,3.1093728049100022,3297.5,0
Limestone,21.22606313236331,764.6614540669603,Dome,0.8239170278274891,3.4552227246812404,4001.0,1
Sandstone,2.420093021735321,436.6552272035015,Dome,0.3156136260212207,0.6624676684007214,514.0,0
Shale,26.02924844,894.0936860834902,Fault,0.6326436363041963,3.358989483,3424.0,0
Shale,28.291856922209146,746.1183741269676,None,0.5936131072488539,0.3572554374352865,2050.0,0
Shale,20.283761927648708,497.70520115299655,Fault,0.1348463625187238,4.129075632208297,3423.999039507197,0
Limestone,15.698308873632595,866.7416207002298,None,0.3598985097939225,1.95257486389319,2649.2,0
Limestone,20.36702526690622,691.3825329979651,Dome,0.5195956326039297,1.032358497680835,1230.0,0
Limestone,26.60522708494821,753.5062791,None,0.039873622,0.9822546668631005,1817.4469489572327,0
Shale,17.069495829123685,814.7392332329769,None,0.3208242558583879,4.6709683792655285,4263.000000000001,1
Sandstone,3.958959588718853,694.1515408859941,Fault,0.4940936226060306,1.8524082639311112,3579.0,1
Shale,20.82217000592953,851.3561780592992,Fault,0.4270158164574551,3.515080612687116,3602.0000000000005,0
Shale,0.7261813326758948,878.9221571278405,Fault,0.2698971895557781,2.1915469306861928,2408.0,0
Shale,10.687843463788772,851.3561780592992,Fault,0.1776682298391592,3.8657987489382832,779.0,0
Sandstone,20.98018398757929,497.2773950230579,Dome,0.4824402023486874,2.178430528755272,4478.6,0
Shale,1.0862178446215487,512.6988057934744,Anticline,0.095109374,1.4601104200651216,697.0,0
Sandstone,24.804213383430984,655.1564887303274,Anticline,0.2569485115808476,3.7918016114546633,927.1964450991686,0
Limestone,16.970645164230174,842.0887438,Fault,0.703753508,1.7708436983319635,3576.006333031536,1
Shale,21.72697642835848,730.077239845835,None,0.434836785624284,3.577786147829097,2130.0,0
Sandstone,0.9980391350807527,900.3346225746774,Anticline,0.4047915943205342,1.0775769917642142,3121.0000000000005,0
Sandstone,12.071806944432904,706.1297524021352,Dome,0.0298107228538261,1.9120734691724408,1685.0,0
Sandstone,4.688511286493286,560.6117236717911,None,0.3822307080175047,4.576216550138411,1752.9999999999998,0
Shale,24.30775760098594,533.1529950331019,Anticline,0.1901781355239925,4.54592875734095,2842.4999999999995,0
Limestone,9.013017106535447,556.506218368663,None,0.3473337657310634,0.19600749541263726,2623.1999999999994,0
Sandstone,1.881665142433764,432.95003853533257,Anticline,0.533132050599334,1.0272935481518364,4711.0,1
Shale,11.069628379732697,20.08018056187317,Anticline,0.6560077089045355,4.54592875734095,2842.4999999999995,0
Sandstone,29.72137675869315,593.1795270282046,Anticline,0.4814464104827508,3.1249023665487985,3009.0,0
Shale,26.63618795553991,858.9165099432364,None,0.8206600394112492,4.670972209542769,4559.0,1
Sandstone,12.321277361749988,965.872936283272,Dome,0.3773484566398125,2.113039396370533,1303.0,1
Limestone,8.343874664598372,820.8735532241725,Fault,0.46548914217548204,2.082439935268466,2634.0000000000005,1
Limestone,14.032685082665122,541.8678393975384,Dome,0.3847804357456618,1.4393435762435538,2975.0,1
Limestone,25.49839487835565,452.9522325351525,Anticline,0.1338729691127451,1.8033056209159302,729.0,0
Sandstone,16.623784900748227,675.7597401625384,Dome,0.9980480217275736,1.4950599664605484,550.0,0
Limestone,16.426449640224916,636.8197320435804,None,0.1745104023908695,2.940210022717138,2460.6666666666665,1
Sandstone,4.006292685166535,228.43105830416707,Fault,0.2888246505798262,2.5135605403066386,1029.0,0
Shale,18.61113756371163,253.01682051124504,Anticline,0.3486752584137937,2.3111324543894747,4280.800000000001,0
Sandstone,3.678841499340197,464.8083399532655,None,0.3673768866473845,4.842628157556095,4327.0,0
Shale,17.01386122597119,772.283827541371,None,0.100666386519343,0.4850981574620028,1974.9224109794745,0
Limestone,10.36970806625578,483.0285575569968,Fault,0.3877415283268735,4.336131793996858,2962.0,0
Sandstone,12.336122016355622,719.0894267142154,None,0.37125940699170296,2.303825064041119,2509.6,0
Limestone,13.244527896867634,598.036788635086,Anticline,0.052673156,2.7694421898443293,2118.0,0
Limestone,5.182702687386297,299.0821330479075,Anticline,0.7973244634002504,0.3561201436786083,4208.0,1
Sandstone,28.0362073686558,591.1990778111843,None,0.7405210369587861,2.8743828334285464,3313.2000000000003,1
Limestone,23.601250221219274,500.73124744687607,None,0.3533983534076544,1.498327476524809,1810.1346043520248,0
Shale,5.7339626534669055,752.611896455854,None,0.063957897,2.323768875903147,1693.8,0
Shale,14.990496908487128,266.071048731359,Fault,0.5593709600611061,1.8932828825457009,3493.0000000000005,0
Sandstone,21.0343265989996,82.34626101822857,Dome,0.0115210120260433,4.0880526545862175,2378.0,0
Sandstone,17.388973746054546,440.91884876084674,Anticline,0.4154964455368388,3.6268257642185104,4609.0,0
Sandstone,20.3517565650904,509.84772371213296,None,0.075248018,3.8341517100369673,2518.3999999999996,0
Sandstone,22.04125710795077,823.5241294691941,Fault,0.5333990721877534,1.8621852810367407,1940.9999999999998,0
Shale,13.723668409325473,177.58011055603728,Anticline,0.1203804646651247,3.625673132908408,2067.0,0
Shale,18.145182880877435,512.6985900822012,Anticline,0.1812116173712074,4.014165221251037,2566.0,0
Sandstone,6.251987208549949,838.8585430547553,Fault,0.9233400629358105,2.325544781179655,4341.0,1
Limestone,4.624425730090024,148.96281396413397,None,0.7031071510992242,0.2579905677408406,1794.667086700354,0
Sandstone,18.727222109925545,898.2460265,Fault,0.8625743540614568,1.6724030406202832,1241.9999999999998,1
Shale,9.423294572681122,615.9092954997778,Fault,0.5811733862614729,3.0948670419119257,3490.0,0
Shale,14.160129241413413,542.4360213285102,Anticline,0.3567566791976942,3.3037235933028657,2316.4,0
Limestone,7.324426815207216,524.0807768503068,Dome,0.46246656747952636,3.045423469467241,2513.3999999999996,0
Sandstone,11.378501751826336,425.7282007650153,None,0.5783104301259233,0.020428275,3319.0,0
Sandstone,5.597354978,375.4557390179425,Anticline,0.2707418134894911,3.784244159771453,1758.0,0
Shale,14.766969455472248,502.9750036213445,Fault,0.5112067433256329,3.2231782639354387,962.0,0
Limestone,2.248801304100392,544.3924759,None,0.5285371104310213,0.6100493692538023,3305.5000000000005,0
Limestone,14.578328609367437,631.6541810124597,Dome,0.5173819588480452,3.2543262506628374,2936.0000000000005,0
Sandstone,25.52855698,672.7949159419937,Dome,0.2050815841460749,1.2665421040673925,2625.3999999999996,0
Limestone,27.9192742905588,841.2039375300477,Anticline,0.1973414181912892,3.387127334375547,2553.0,1
Shale,13.52118174751157,511.49782684693014,Dome,0.9912958069003978,3.990084176252881,2734.0001914168697,0
Sandstone,28.12984381849776,397.8100970025904,Fault,0.8067817123525782,2.7327713561193843,1723.5,1
Sandstone,15.279734000874587,364.1945971929494,None,0.41591698962367596,3.4436347444085955,3756.0,0
Limestone,25.667666822266906,115.57462849294788,Fault,0.533361284962814,4.230434308861835,1162.0059858023217,1
Sandstone,13.04247330542932,486.9225265386232,None,0.42197136794374085,4.489976392558432,3048.6,0
Shale,25.65235157909064,935.3348924193516,None,0.04039968,2.2499789358497018,1097.0,0
Sandstone,12.134731933557282,967.4342286049944,Anticline,0.5331320505993339,3.175693684174339,2331.0,0
Shale,27.932708715240445,495.1204704317337,None,0.6144085656883589,3.946907441872528,2611.3999999999996,0
Sandstone,20.427516378517545,382.3281092744481,Fault,0.3032124702229035,3.751318961608268,4710.0,0
Limestone,14.23304680862205,522.1236694477707,Dome,0.6684854273067788,2.4140548823371124,2884.4,1
Sandstone,12.075591821834328,823.4453844616573,Fault,0.5699873195387432,2.8903178343376337,1689.0000000000002,0
Shale,19.62013668117847,657.9499807987787,None,0.8819596764854412,1.9532156442997048,3745.599999999999,1
Shale,10.662980140444848,488.09402179331937,None,0.6529081054429361,4.489001848483012,908.0,0
Shale,28.36114948844333,512.6988057934744,Anticline,0.8136115153461169,0.9391798114228529,2974.0,0
Sandstone,13.115161486805317,640.7702261897077,Anticline,0.5560857175327985,0.24921325043863132,520.0,0
Limestone,22.46095435317465,531.8294708635716,Fault,0.7599670316957243,1.7015240979899078,1042.0,1
Sandstone,3.583466518928573,241.4320770954416,Fault,0.5001590062825443,2.286683400079041,3561.0,0
Sandstone,11.95927482639192,820.6759482131972,None,0.6381394884910242,1.1885641012637738,709.0,0
Sandstone,2.8472532380203863,137.5986673,Dome,0.3055311663448841,1.6537914360022166,2278.5,0
Limestone,24.46463296740408,642.2312356866411,None,0.3264311485232382,2.247972521834916,891.0,0
Shale,26.48469488035481,920.6326628190851,Dome,0.5905354396820256,2.856368096024826,2784.0,0
Limestone,4.177405337823286,649.8828986343244,Fault,0.390729056,0.9869283457761674,1942.8369018528285,1
Sandstone,16.136421295537378,850.1898151382004,None,0.7699681218792903,3.2766940256861083,2373.0,0
Shale,29.501616613817177,324.58141124663865,Dome,0.6726378237101542,1.9453431527890364,1298.0,0
Limestone,18.58847780834767,648.4985963059289,Fault,0.5588323175548174,2.3297481318278184,2337.496291707034,0
Sandstone,24.220368636011056,429.2191929379365,None,0.2464342807936556,0.5897975567377695,2568.0,0
Limestone,3.857894578816575,653.9144222922857,None,0.8154722372311751,2.517742364881289,2833.9999999999995,0
Sandstone,20.13664669038953,931.8512103,Anticline,0.5255437364597197,3.1249023665487985,948.0,0
Sandstone,3.9423714856580543,400.5621624593538,None,0.345773614938602,1.9893297452741685,1963.0,0
Sandstone,5.260027241305798,519.244472442679,Dome,0.7928087754730776,0.3436313993831436,2132.666666666667,1
Shale,13.105801096713796,851.3559520794798,Fault,0.2907342284586226,0.1511514582059958,564.0,0
Sandstone,14.824728106554131,72.81423672935144,Fault,0.2654058875949064,2.0720032386816483,2022.0,0
Limestone,22.087194304015,601.7855989958042,Dome,0.5416671588490702,2.797508337564414,2222.0,0
Limestone,13.159470553079537,224.68229571156704,Fault,0.7599668337874277,0.0414590407582277,1875.0,1
Shale,10.418629984580235,502.99483210917754,None,0.4625971702144329,2.4642414049219825,1598.0,0
Limestone,26.73600219190807,764.6579673703475,Dome,0.9410270826575748,2.380456949421679,2055.0,0
Sandstone,12.22362693277701,451.5574189196602,Anticline,0.7475662341798232,4.169952628847214,4661.0,1
Limestone,27.452500000742244,975.4628515637172,Fault,0.5399810521144203,1.7708436983319635,4762.0,0
Sandstone,24.577026363072605,588.517093,Fault,0.6313287383662733,1.8319327878757168,1619.6000000000001,0
Sandstone,8.402761298929642,337.66578854592126,Anticline,0.1246714551682017,2.152190032557403,4844.0,0
Sandstone,16.406435213622988,601.7828385459622,Anticline,0.4791146416942832,2.9836365808680436,3206.4,1
Shale,2.42125362581958,179.05618884605295,Anticline,0.943011852493166,1.113803338293235,2248.0,0
Limestone,26.80905760038401,501.9459724218311,None,0.8030193822993665,1.444077031489339,2026.0,1
Shale,12.645264330763755,530.9034546727479,Anticline,0.6856783801661783,4.1616959004434015,4172.000000000001,0
Limestone,25.26046984520232,520.1482286,Anticline,0.2910067943791646,2.1056014214575174,2874.0,1
Sandstone,19.52499664684455,360.9608165538712,Fault,0.8524118339657175,3.125472792806932,2603.5222523005527,1
Shale,23.5743793640512,379.26374102069,Anticline,0.411430576,0.9265204176196729,1966.0,1
Limestone,11.474725733058191,850.9517990478633,None,0.7729354869865064,3.545608039194305,2160.0,0
Shale,12.247806325554045,688.1250852090379,Dome,0.7213665637012986,3.7062558535824337,4145.0,0
Shale,11.908439188028783,772.3361498242721,Fault,0.7877714800885685,3.457791834127716,2317.0,0
Sandstone,20.299339044595424,724.9354323305433,Dome,0.4153657945775393,1.7263002175726778,1442.0,1
Limestone,13.602375804794024,394.652310804624,Anticline,0.338754112,3.0569951008488627,1541.0,0
Shale,8.570987821342936,399.9268202451188,Dome,0.41943987648995046,2.376091711862145,1344.0,0
Sandstone,28.67529441525491,765.3880076876984,None,0.8089854006711885,1.7285135242536325,3582.0000000000005,1
Limestone,12.944471921374653,345.0526604169304,Fault,0.7599670316957243,3.33228891745038,4171.200000000001,1
Limestone,7.986945044964307,828.4072511450194,Dome,0.490928414608381,2.456578588745608,1903.0,1
Limestone,26.99229235226615,705.2343693464669,Fault,0.86136292042323,1.029196434976381,2370.2,1
Shale,24.67483947870681,769.5040307035139,Fault,0.3145571160256278,0.7863172362366866,1940.0,0
Shale,7.405934560860871,578.1110764796556,None,0.080217799,2.316305330501081,2805.7999999999997,0
Limestone,27.081165313360685,793.5047786220363,Dome,0.5765403407558173,3.115465636569529,2300.0,1
Limestone,22.85027628640988,684.0272349162383,Anticline,0.7100813483041662,3.554824903117549,3351.0,0
Shale,0.4388477663302714,778.550847237524,None,0.1818806981515873,4.2268107829025645,2270.3333333333335,0
Shale,8.806043773759813,851.3561780592992,Fault,0.647209134,1.1394654885496336,4407.0,0
Limestone,15.652296773727437,478.7024430128539,Fault,0.8618149048230889,0.3282535845952417,1487.0,1
Sandstone,3.9317589241287116,347.6999789278232,Anticline,0.5541551844723496,3.440527753639038,4755.0,1
Sandstone,20.090519173898176,179.7037262287058,Fault,0.2544827540985316,1.7698192847111205,1697.7562940786852,0
Sandstone,22.485492454703422,199.20695862991005,Dome,0.855817856,3.2032658291005625,4104.0,1
Shale,7.199680916098725,214.52652179906084,None,0.4715163713960514,4.670972209542769,2680.0,1
Sandstone,7.097037756333001,782.1706643551797,Dome,0.065940888,2.815558772016764,2535.0,0
Shale,16.928505052002958,851.3561780592992,Fault,0.7905536795565471,1.5022539502534742,3518.0,0
Shale,19.453647425443044,471.80525717365697,Fault,0.1474706048866119,1.9210869574731224,2783.2000000000003,0
Shale,21.45801247527733,734.6493247969013,None,0.6981684110959824,1.5268442211268374,3217.0,0
Shale,5.282478990951487,483.7654453505799,None,0.5789889159986902,0.4414887393375805,1517.0,0
Sandstone,13.425086690985244,466.4780069790548,None,0.5175934161264422,2.1308804763170968,3293.3333333333335,0
Limestone,10.698267386231583,263.1978510892827,Anticline,0.0242258624127993,2.202704438612189,4186.000000000001,0
Shale,14.385577113340617,381.3984469022993,None,0.6093840414710975,3.2471710970698155,2841.8,0
Sandstone,13.669581025013747,934.9768827206937,Fault,0.6445716291604069,0.05995622,2589.6,1
Shale,13.472959050358273,651.5257837828746,Dome,0.9663334338056436,1.6623561346169042,2811.0,1
Shale,22.61341803259246,66.20472245787717,Dome,0.4707481621908956,3.377693857713972,2760.0000000000005,0
Limestone,9.440956024445839,63.81290633237315,Anticline,0.44595264755446945,3.127348422026608,2982.0000000000005,0
Shale,21.900051632425843,301.3883785594831,Fault,0.9525967490548112,2.8174800170554786,3495.0000000000005,0
Sandstone,21.270045339791388,423.0562718108486,Anticline,0.5541551844723496,3.4405277536390386,1679.0,0
Limestone,10.250237214553623,801.5708776255838,None,0.8255406915073545,3.505976576954816,1030.0,1
Sandstone,2.9605568327976184,449.4839419941965,Fault,0.6830496366025821,1.668392605061411,2737.9999999999995,1
Sandstone,3.6563850534415088,186.0223041322496,Anticline,0.586558561,2.8862863111826975,1549.2500000000002,0
Limestone,3.738401570349821,719.4922361861549,Fault,0.7599656392394784,4.408409979071345,1744.0,0
Shale,25.05197836,920.6336172,Dome,0.2679950245636093,3.1838792751798364,2783.0,0
Limestone,24.17378597874704,594.3511658889405,None,0.4143160644629787,1.378682265439034,3384.0,1
Sandstone,5.942865501608687,421.4563725,None,0.7830674701590162,2.997168931367349,3631.0000000000005,0
Shale,15.138570738230868,589.5415566439649,Fault,0.5779071425018961,3.6460379461490655,2096.3999999999996,0
Sandstone,21.196494068484807,103.0701507125452,Fault,0.4597268239492019,3.751318961608268,3320.0,0
Shale,25.936240247462507,946.5559189818068,Dome,0.3733291924250302,4.382226227669086,4138.0,0
Limestone,6.728202547257158,624.9606599060237,Anticline,0.0617843442287701,0.5260346449650821,3810.5,0
Shale,27.50883339307466,293.1815591903339,Dome,0.41943987648995046,4.593217798928516,4674.0,1
Limestone,18.791068911166718,792.3769670917366,Dome,0.43234199854777444,2.3958909575126515,763.0,0
Sandstone,15.225272834079943,670.7830424313938,Fault,0.5064470516860743,2.994390192441832,1734.4,0
Limestone,29.37789874213549,469.36673654640333,None,0.6077214042619692,0.4216635743476748,4356.0,0
Sandstone,25.254760930957875,567.0028193377677,None,0.2817295914496609,2.0133450041668977,511.0,0
Shale,29.162380064236714,32.06352732111296,Anticline,0.20470684404927017,3.733429713215803,3466.0000000000005,0
Shale,8.683091040900658,415.0334871,Anticline,0.5694582351929555,4.202857758565885,3329.0000000000005,0
Sandstone,20.374750372306703,692.6438287448136,Anticline,0.44256991141316293,3.2495827959256642,3206.4,0
Shale,26.36307749378744,630.2905835571983,None,0.2810543711738185,0.09313844299999999,2830.0000000000005,1
Sandstone,11.008842210216017,707.8247035766694,Dome,0.2898954920513712,4.677840853830501,2964.0,0
Limestone,8.160077211929691,426.6397720300028,Anticline,0.692411959,2.4281639751090283,3014.666666666666,1
Sandstone,29.116640121854875,688.6948816038567,Dome,0.77350277,2.041175537918874,4368.000000000001,1
Sandstone,23.120759122807016,879.9182592546076,Dome,0.6959581889000698,2.3330295597197126,3347.0000000000005,0
Limestone,22.47473469529595,557.2668871715883,Fault,0.2721550150962677,1.6463193824310671,4066.0000000000005,0
Shale,7.483746128796969,760.9006806815829,Anticline,0.1698815872711478,1.1234724589017793,2999.9999999999995,0
Shale,17.88367177353776,32.030594766610456,Dome,0.5042201961067061,3.5631348155565545,3008.6000000000004,0
Sandstone,6.788320024314211,515.9819785010135,Fault,0.2012993485600898,4.236444060601743,1029.0,0
Sandstone,4.109466669285835,778.6421909241682,Fault,0.849859045769893,2.1880455111065045,2623.859294821533,1
Limestone,12.928240095549809,252.8901184039876,Anticline,0.6784721492734374,2.6632748967200675,4333.0,1
Sandstone,14.481404192308034,771.7998678895021,Anticline,0.057766299,2.652496351912648,2127.0000000000005,0
Limestone,11.55307808469089,661.4889541273938,Anticline,0.5673818949211468,3.447427653752487,3197.6,1
Limestone,8.575243459902284,299.0821330479075,Anticline,0.896934621,0.36158507429675907,940.0,0
Limestone,5.988864229797526,116.90136973588014,None,0.5285371104310213,4.213201561,3305.5000000000005,0
Sandstone,25.73751216730703,613.4262172159133,Fault,0.9344306600118266,1.0573588818311248,1595.0,1
Sandstone,5.789520238170858,715.2869669287907,Dome,0.4383556535203163,1.2383176825831508,2943.7499999999995,0
Shale,19.04019605560055,559.6630344636383,None,0.5016032223091584,4.670972209542769,3682.0,0
Limestone,19.616838520980828,243.75891221465704,Dome,0.5719940118321925,2.1633249303631557,3573.9999999999995,0
Sandstone,12.41036036955781,641.7518554745932,Anticline,0.071200098,2.6524963519126485,1549.25,0
Shale,14.044258256122074,844.5211257218833,None,0.4735519079754193,3.675805611733778,2099.0,0
Sandstone,27.306391046032697,476.09348330467014,None,0.5622276802249899,3.616155754773561,4009.000000000001,0
Shale,20.693737419385982,505.3535128184036,Dome,0.947344902931878,1.7242819071431637,1972.3333333333333,0
Sandstone,16.482538386225652,590.7228591527435,Fault,0.9566343228639368,3.50194754650382,4373.0,1
Sandstone,7.097037756333001,490.7940204852866,Dome,0.37625830614143785,1.383422216606633,3165.3999999999996,1
Shale,1.6407952372880297,502.99483210917754,None,0.462597170214433,4.806505347,2040.0,0
Sandstone,9.365756513591638,491.11581882275385,Fault,0.7531525089812836,2.830432005340392,3452.0000000000005,0
Limestone,11.382275293519895,674.5572182987835,None,0.1370999467988329,0.022844313,2377.0,0
Sandstone,7.86363928353996,519.34881412535,Fault,0.960066983,2.3329667193134482,3160.8,1
Sandstone,8.402761298929642,314.2615569319667,Anticline,0.7029492911786699,3.578886758330413,4966.0,1
Sandstone,20.28315077443056,513.9844633805153,Anticline,0.092977993,4.510645961466308,927.1965351113362,0
Sandstone,1.893191073466387,192.9805604812345,Dome,0.053154085,1.2200186469798495,4650.0,0
Limestone,25.291108407831096,764.6579673703475,Dome,0.4711120202722413,3.836878486258047,3367.0,0
Limestone,1.633981421005127,367.62936996876516,Anticline,0.49654832411185074,4.096310023610145,2273.0,0
Sandstone,16.323691207014253,442.6296844602536,None,0.9483265830361624,2.8364937631921534,3950.7999999999997,1
Sandstone,20.41016152061964,468.6442780644719,None,0.541038513973118,4.2224337216130605,849.0,1
Limestone,4.136558080680313,294.99948021475205,Dome,0.6501417346469641,3.532052664251142,635.0,1
Limestone,11.824081403478845,493.5251902730216,Anticline,0.5892124617985096,1.9333514000150085,2172.0,0
Limestone,6.468171268698768,291.96933875374583,Anticline,0.889201498,2.5217116495413503,3388.5999999999995,1
Shale,26.26216875365503,288.9144911561888,Fault,0.9875857415385744,4.871903912955228,3910.0,0
Shale,16.08835621631174,328.1131223911126,None,0.4025224211322065,3.231410727047126,2628.7999999999997,0
Shale,26.869587587495303,434.52266906424336,Fault,0.6142459997742593,2.543833996,2686.1301025073344,0
Limestone,2.8197278824980607,560.1987344363614,Anticline,0.7989525124169056,0.0224662341446008,4001.0,1
Limestone,15.063511983392532,583.0532286243517,Anticline,0.8302240972854418,3.162679593271471,2736.4,1
Shale,12.073100222601166,791.7956858575739,Fault,0.8486879268829328,2.6694130199331165,2479.0,0
Limestone,29.94702077486161,29.95160965972626,None,0.48152982810727346,1.6557011946261575,3013.0095501238384,0
Limestone,15.741587788685472,372.71911607281135,Anticline,0.8199798080824369,1.970226275944096,3227.7999999999997,1
Limestone,10.124409770246944,981.1500645158392,None,0.3790221954662697,0.9051602118800068,1429.0,0
Sandstone,12.743500245725588,752.3707154103787,Anticline,0.33776411739176676,0.09344227500000002,2157.6,1
Limestone,19.92302013443673,849.8256320937236,Dome,0.9822397558535072,0.7870784221286681,3297.5,1
Sandstone,28.892823926934074,422.06153220842367,Anticline,0.6498179052937505,2.6227001135198043,3095.2,0
Sandstone,7.953397512454463,574.3764725702654,None,0.6662630261917867,3.542239229081416,2317.0,1
Sandstone,10.179685069671333,584.9918962787557,Fault,0.2395077440403048,1.274632830104545,1715.6795777001878,0
Limestone,4.423578014247035,706.6127707016238,None,0.48156840944596274,2.715374133315683,3345.2000000000007,0
Sandstone,9.138070673225714,298.8948925199658,Anticline,0.5021600558228149,3.9564638463366397,3644.0000000000005,0
Shale,1.9707634946897765,727.3773446094484,Fault,0.5675128214213389,4.248529616,2713.9058395247903,0
Sandstone,10.503649723621487,339.7459808325356,None,0.6621234406352879,1.4285980361710244,3635.2,0
Limestone,21.268928013713325,776.8143050873379,Fault,0.2984349382175756,1.5239449983678992,2383.3147230846153,1
Limestone,23.816869655835504,300.11336746638614,None,0.7099551052298295,4.305828813525919,812.0,1
Limestone,12.90166035573823,730.1814024785713,Fault,0.2769642808422072,3.987620744676513,2391.855761014348,0
Limestone,0.0278825060988319,439.7713004209427,Fault,0.961790748,3.6109195967963044,1360.0377235810756,1
Limestone,19.00376392489093,395.034538510887,Fault,0.49658415826825736,1.9449504334705534,2403.0,0
Sandstone,21.43242304411493,454.94190804366747,Dome,0.5119359291455199,3.2754565542369294,1612.0,0
Sandstone,15.175044131918733,618.9742354155114,Anticline,0.3694086112049382,3.261407822099464,2489.0,0
Shale,0.5514296932572615,567.7520999136402,Fault,0.5035350465581336,2.7627895272072647,2209.6000000000004,1
Limestone,28.772527268472103,488.3132809556352,Anticline,0.2562536141943354,3.2086535379550534,1853.0,0
Sandstone,16.136421295537378,189.73614177228544,None,0.9445149232882092,0.3834960830755984,2481.0,0
Shale,0.1957623128666097,476.8497878049445,Dome,0.2350971152707522,4.858418752851003,2734.0,1
Limestone,25.12592502228167,469.3667721003101,None,0.142001819,4.156103314036943,2278.0,0
Shale,7.239480915962225,734.6492577135955,None,0.474332833575607,2.9191758818513143,2589.0000000000005,0
Limestone,21.03033801285122,483.0285575569968,Fault,0.2232293918609331,4.546321162116608,634.0010525853567,0
Shale,17.637069746844436,512.6988057934744,Anticline,0.7257696736145556,1.851739356427112,632.0,0
Limestone,10.69705422905264,678.1952473481965,Fault,0.4996320077497422,4.346937929940312,2433.4999999999995,0
Shale,6.042189276400567,565.2404286345959,Anticline,0.8435487928283237,3.8791467585736807,1287.0000000000002,1
Shale,22.58542425274152,736.4184096679353,None,0.8875092610569176,3.20979342785787,2779.0,0
Shale,27.14299025040354,448.5474592141993,Dome,0.7062888140390073,2.6697820429028125,2733.9964149676593,0
Limestone,0.7847502697025954,589.7915570711647,Fault,0.7325558607170338,3.038421202256348,2703.09011482989,1
Limestone,29.282580725987152,764.6579673703475,Dome,0.5135774021274628,4.055565664493978,1605.0,1
Limestone,17.237273219113963,75.25721980898551,Dome,0.4287161758478628,2.3556394249847723,3579.0,0
Sandstone,15.079123823299776,293.3162851456059,Anticline,0.7256781334885183,4.979870292573251,1585.5,1
Limestone,14.881281780497492,467.47597441871574,Anticline,0.3806630043099652,4.336055512576823,3275.0,0
Sandstone,12.090939338482098,440.21607832510574,None,0.4857413566168542,1.7696309752219097,3154.0,0
Limestone,21.934720333647515,654.9116250323746,Fault,0.3807582907181833,2.488100326623235,1854.7134083916471,1
Shale,22.77716938970985,456.430514843239,Fault,0.0518010334158101,3.386642753610171,4422.0,0
Limestone,13.59744393982594,193.18071917020663,Anticline,0.4805476585172839,1.849306791203672,2993.4,1
Sandstone,23.610850055128527,133.86558848756454,Fault,0.1295786640840797,0.2641918747777366,3149.7500000000005,0
Limestone,10.732642898811427,641.3629535117722,Dome,0.3655732620752621,2.652970729001347,2733.0,0
Limestone,2.239152932382864,502.85297830861526,None,0.463645305922566,3.930714909346324,2506.8,0
Limestone,15.682804246856094,329.4730027738752,Dome,0.6421337952941157,2.4865547256530034,1041.0,0
Sandstone,15.626221099046573,63.36275849883087,Fault,0.1750311458180289,1.5419522800069196,2410.5,0
Shale,18.866186909645265,644.9185914771903,Anticline,0.5823966042362146,4.54592875734095,2842.4999999999995,0
Sandstone,7.031102720336265,633.569320866415,Dome,0.5555703262347981,3.4470565477391046,3718.1999999999994,0
Sandstone,14.108450332470357,327.94922390807545,None,0.24994108461855927,0.0214355070846677,1556.0,0
Sandstone,13.835608790806548,367.40789570216776,None,0.4906997864365599,4.842628157556095,2893.8000000000006,1
Limestone,15.426031200280178,746.5080908,Fault,0.486207065,1.7708436983319635,1388.0,0
Sandstone,2.268910915036484,679.5182578969274,Anticline,0.9664644373617358,2.2337530134538475,4892.999999999999,1
Sandstone,17.783128226105543,574.0795497857683,None,0.5233487127302546,1.9347292496265114,2066.0,0
Sandstone,17.33543386125684,486.79865570407344,Anticline,0.040873977,2.059248961661613,3597.399999999999,0
Sandstone,8.402761298929642,85.55796460503912,Anticline,0.5052106190319509,4.368159015931358,3594.0,0
Limestone,23.637928153133004,259.4928935566177,Dome,0.3296795737301249,2.5361891056391785,2803.3999999999996,0
Limestone,19.70605953156286,512.5195870727982,Anticline,0.7372375500202536,4.039808653818803,3180.0000000000005,0
Limestone,12.423320268881419,393.73664150254274,Fault,0.2256850933452208,4.059151887482343,1249.8000000000002,1
Limestone,17.821483967004333,21.91109746258144,Anticline,0.021740808,1.9636078131903192,3039.4999999999995,1
Limestone,12.52443754190771,671.9943912,Fault,0.4638331530395194,3.3958854992943053,2393.3999999999996,0
Shale,3.013726490429053,256.7247780841542,Anticline,0.3369286726470791,3.6913296170613354,3218.0,0
Limestone,29.75667587842475,257.51274602237527,Anticline,0.1820675115742895,1.2647642566678536,4066.0000000000005,0
Limestone,4.760366210690547,285.3111987413825,None,0.6323226459442498,4.250519139114519,1817.445791211321,1
Sandstone,2.2890736252223864,491.8949689071296,None,0.6177062213946729,2.293049080445745,2701.7999999999997,0
Limestone,0.5750366257493333,74.47692849730292,Fault,0.6898820108350104,1.7708436983319635,4508.0,1
Shale,15.03161306948698,552.6601919380391,None,0.9404892871061282,1.4179001519453505,2544.2,0
Sandstone,25.06117590852738,694.186808,Anticline,0.024714379,2.8528050418521587,1549.25,1
Sandstone,13.016641454564384,706.1297524021352,Dome,0.5126696531760021,1.9120734691724408,1700.0,0
Limestone,4.365519011622748,816.9508055564537,Dome,0.5759726544274413,2.889555862799281,3533.0,0
Sandstone,13.416412223813552,444.23452145580393,Anticline,0.1169454714930804,1.592636022449871,2000.0,0
Sandstone,14.678377831548094,741.9191486668418,Fault,0.9233400629358105,2.0715675390282096,3338.0,1
Shale,3.941593538522871,130.2515501364737,Fault,0.2818597300006575,3.2429518983147414,4841.0,0
Sandstone,29.088478167130138,425.4937370896542,None,0.6943854525115413,1.4166115768219871,4319.0,0
Sandstone,8.402761298929642,78.76131395740352,Anticline,0.3466437466405287,1.330480462047741,2445.0,0
Sandstone,14.624563554260126,764.479977,None,0.5844489043115128,0.6785703850050268,2373.0,0
Sandstone,7.627774829667917,572.3107056778439,Dome,0.4382092811112116,1.4340321853560047,2110.0,0
Limestone,23.5975041249452,194.1892768393261,Fault,0.4130566232135032,2.796014423251174,2012.0,1
Limestone,19.079245055315873,366.96219617405967,Fault,0.44223928852558203,3.923879156351176,2198.0,0
Sandstone,19.163785297298087,240.84461723470724,Fault,0.5303469437939918,3.109309770413222,2585.5999999999995,1
Shale,6.816230334960133,382.6980581431969,None,0.4744937464412506,2.2501738085993064,4583.0,0
Shale,20.815894856271967,600.4144630031549,Fault,0.5169113485238089,2.8853985333416223,2983.0000000000005,0
Shale,20.93148922659879,499.2316347268396,Fault,0.7515215980912536,1.0646194118585544,3981.0,0
Limestone,26.85195866553737,541.168223750829,Fault,0.603534816768224,3.9263676875699822,615.0,1
Limestone,29.55911496861856,530.3654012573872,Fault,0.3550937422346901,1.7331444283616608,2886.0,1
Sandstone,16.083816552978355,466.70835610697316,Anticline,0.3361215358346487,0.3428240346304873,3084.8,0
Sandstone,29.94585163433357,68.85788855193866,Anticline,0.6342869146210478,1.588300037285742,927.1965706506867,1
Limestone,27.72861212383984,689.9184109814075,None,0.3612617290703949,1.7184247199020162,2058.0,0
Shale,28.49699004738228,618.5465792754335,None,0.4136168493493947,3.2932908382069894,2389.0,0
Sandstone,20.00807956,486.80367633588213,Anticline,0.396433959559615,2.7720522729962016,763.0,0
Shale,6.894190242679953,477.6397883492488,Anticline,0.7356308622353479,4.446664823720554,3264.0,0
Shale,14.11237044252702,833.0987167,None,0.8911166744533762,1.8731693480143323,4204.000000000001,0
Limestone,4.454495490158532,724.7955478855336,Fault,0.49330408540536913,1.253761348592357,4236.0,1
Sandstone,16.97346151058417,444.2945391337532,None,0.918991384,2.7917251934123395,4761.0,1
Limestone,26.793412239674176,566.4648038022708,Fault,0.5716032246094102,1.5941094805302942,4649.0,1
Limestone,15.605838231716568,641.3629535117722,Dome,0.1486375556620661,0.7514750668463854,2733.0,1
Limestone,17.23727105464058,472.6446274890077,Dome,0.070803514,3.5193456446980806,1290.0,0
Sandstone,29.75088220117356,683.0445704975162,Dome,0.6566489242366188,2.2658404615069987,2735.8,1
Limestone,19.102851511329813,626.5478997201008,Dome,0.6665052297530069,3.3878261288743805,3229.7999999999997,0
Limestone,5.906636153270507,587.9087052504725,Fault,0.57160322460941,3.9666861096397774,4498.0,0
Sandstone,8.729981686939892,645.1937574241763,Fault,0.849859045769893,4.833287186462648,2623.859294821533,1
Shale,0.7059748324229631,456.430514843239,Fault,0.5237509769185301,2.380153724225856,4076.0,0
Shale,17.55890485002934,452.29001176192656,Dome,0.4014538203037721,0.44621433089416856,4881.0,0
Sandstone,29.88890412735677,970.094472483144,Dome,0.6566489242366188,2.198617014587121,2735.8,0
Limestone,3.370934458469569,505.4271470269039,None,0.2841628057048742,1.81175809354734,2749.0,1
Sandstone,0.4553064686048069,251.32140799811089,Anticline,0.2716367974120967,1.7632201556836464,1491.0,0
Sandstone,9.959594142981082,542.0467263929587,Dome,0.742985323,4.566780987674451,2739.0,0
Limestone,20.391773880052742,652.7705938159612,None,0.28552242663567057,2.589935437643221,1171.0,0
Sandstone,22.035853026122332,509.7133157887509,None,0.5129188569285008,0.8278556290977057,1982.0,1
Sandstone,18.612919957188268,418.6064931000431,Fault,0.0377591395984007,0.5173961332688654,1592.0,0
Sandstone,3.0168819625033305,303.28956051145167,None,0.8156933772444657,4.845735904791225,3488.0,0
Sandstone,13.202132251994954,661.7206957671441,None,0.5233487127302545,3.809355669768696,2066.0,0
Sandstone,25.233219268166103,514.5727880043945,Anticline,0.084798016,2.8528050418521587,2127.0000000000005,0
Sandstone,13.92611847,319.1509561767031,Fault,0.8366531276266775,3.507517288437452,2728.2,1
Sandstone,26.18490702459961,436.12801006778756,Dome,0.5817750597777686,3.786778853525263,4438.0,0
Shale,6.819662132100824,297.6772034028156,Anticline,0.5508725788472912,3.3459247050139584,2541.0,0
Limestone,9.462491737760503,149.19951505605354,Fault,0.3706630679132212,3.1150379281226632,3898.0000000000005,0
Shale,13.478236408699496,976.8574309,None,0.5104116095567737,0.6645924770067646,4594.0,1
Shale,7.023079949119218,772.3361498242721,Fault,0.638010807,0.0112285423882763,2317.0,0
Limestone,2.5276613225391387,621.5572347712667,None,0.6972743463759475,4.331689485,2559.76947978188,0
Limestone,21.38333028650493,369.7164667563425,Anticline,0.041384196,4.536325402972386,2736.4,0
Limestone,28.947858045054776,704.5799856093962,None,0.4686160204999928,2.6717807645012916,3117.0000000000005,0
Sandstone,5.5611833724753446,98.95979071389512,Fault,0.5305061,3.097301619503111,1139.0,0
Shale,19.775222844141208,665.1352438232178,Fault,0.8718355763999104,2.130557181800678,2330.75,0
Shale,6.203930281324324,243.5586983264489,None,0.7648619871874375,4.670972209542769,3717.0000000000005,0
Limestone,5.173391669215773,369.7164667563425,Anticline,0.4363858749678805,0.9562695572267172,2736.4,1
Sandstone,7.485092390482253,531.9544413772003,None,0.8680980942840464,4.757069571786354,3468.000000000001,0
Shale,17.245171135796248,920.6327075397609,Dome,0.7816100492305522,2.617008343433673,2737.0,0
Shale,8.750803521647581,167.14538850887328,Dome,0.8806608784415548,1.0768846085253792,4086.0,0
Sandstone,18.608264678739623,546.9759353745852,Fault,0.8173624033727843,2.293186527826715,2297.2,1
Limestone,22.35724458517324,469.3667238770419,None,0.6074358208951647,0.2523950651356754,4394.0,0
Shale,13.426555653181856,812.6437212414854,None,0.904979834,0.4959207343709143,2461.0,1
Limestone,14.557721981222091,605.4176223875304,Dome,0.4449376980079407,1.7638304994309564,1725.4,0
Shale,8.775783797013213,261.2954100204625,Anticline,0.5760584760447399,2.2945723663230915,3270.7999999999997,0
Limestone,18.32878498296764,797.6204909244154,Anticline,0.5932425196406093,1.8731168751732814,4706.0,0
Shale,8.666473645170523,483.8281372485967,Dome,0.8186274411366156,1.9033055056410049,3141.4,0
Shale,5.923464512733951,36.56962128999226,None,0.5096875881559546,4.052942636108462,2588.0,0
Sandstone,24.03492201525476,214.32160070221525,Anticline,0.525821056,2.4982173559061915,3387.0000000000005,0
Shale,25.12352684504201,626.4334719113863,Fault,0.33659970292334296,2.946563479588912,1765.0,0
Limestone,2.8298227887313088,604.2152854149977,Fault,0.1244408107609442,3.4610803092223867,3410.0,0
Shale,14.11237044252702,76.08340677274677,None,0.2079523404978106,4.681371988347329,968.0,0
Shale,0.1110722049725054,762.8614335504442,None,0.1555653971088704,4.770339224900685,1955.75,0
Limestone,5.695579808129074,385.20371381452964,Anticline,0.9798009951323444,1.0879185693397797,2542.6000000000004,1
Limestone,5.165924382708992,469.3667274733215,None,0.3536065020777995,2.1014413533067526,4243.0,0
Limestone,0.5293548053581754,748.8357626565293,None,0.5077712076882921,3.9924468130410045,2934.0983214580424,0
Limestone,5.721779627726839,849.189425443113,Fault,0.6174300547940902,3.521570137895188,2404.2,0
Sandstone,26.000740451981848,433.92226459766346,Anticline,0.54665194032504,0.7531641314359616,3327.0000000000005,0
Sandstone,27.319290475036365,565.9947331645827,Anticline,0.4276195286232819,1.5200659175828153,2251.2140278577995,0
Sandstone,8.306099084760367,648.0223327092637,Fault,0.1365669267033004,3.896533255942157,1029.0,1
Sandstone,16.797650156424,937.9730425,Dome,0.46049735667258535,3.164912690982674,1037.0,0
Shale,27.38677334209726,534.7128636096627,None,0.8640959241006102,0.1647708755731897,4526.0,0
Limestone,21.460923456866688,600.5817623700112,None,0.6011978054901025,4.806623590581084,4918.0,0
Sandstone,8.402761298929642,479.5149397056711,Anticline,0.2384237004953555,2.3974113890584894,3248.0,0
Limestone,28.24598730853324,234.0184395751256,Anticline,0.6645134329822682,3.387120529483223,3716.0,1
Shale,14.511414971721395,842.1301465885884,Dome,0.2719345612096417,4.089247268,1350.0,0
Limestone,17.407422920146143,664.1345936506257,None,0.3681680002560942,2.1904670770744663,2420.2,0
Limestone,1.692040732823714,764.6579673703475,Dome,0.2448885294769801,3.5584805553923737,3982.0,0
Shale,22.116576707139146,403.8262432,Fault,0.1635517113229464,1.0186717054988907,3435.0000000000005,0
Sandstone,9.863228624777722,172.1192641130055,Dome,0.006825011,3.7403340112600976,1012.0,0
Limestone,17.39816947113297,620.6642047079314,Dome,0.46148885271330936,4.217448777970051,641.0,1
Limestone,9.321459849343425,274.43620725566973,Fault,0.5036199436230384,4.846351262142614,1162.0428289740655,1
Sandstone,13.569421051540065,325.3542773814633,Dome,0.5614216779983453,1.6058565525006048,2483.9999999999995,0
Shale,16.182464399908273,610.6222412120505,Dome,0.5409203070273668,3.600274376099696,3714.0,0
Limestone,28.00713250372944,357.0102711173016,Anticline,0.4901288613365966,1.465829903654576,2874.0,0
Sandstone,8.682412249041231,336.19216365854845,Fault,0.8866131428716211,4.029436138975405,2866.0000000000005,0
Sandstone,27.43325188462015,127.42978670000001,Dome,0.6026344867524884,3.432535925251206,1691.0,1
Sandstone,13.53143459111326,416.36695224238395,Fault,0.8021566365011741,2.286683400079041,2879.1999999999994,1
Limestone,7.050790190664335,747.7454629255186,Fault,0.1035886546320291,3.2145205487390616,3281.8002817732436,0
Limestone,12.988516482899346,742.0849391427196,Dome,0.43590932423635925,2.863552644025536,1805.0,1
Limestone,10.843959854955465,192.08770890900053,Fault,0.1392784731442603,4.898450516955189,687.0,0
Sandstone,24.646067336690585,756.1714177,None,0.6621234406352879,3.1356130968635596,914.0,0
Limestone,0.8937151209786653,367.62936996876505,Anticline,0.4965483241118508,0.5251403239006613,728.0000000000001,1
Shale,26.362395710307894,832.9422561961218,Dome,0.41943987648995046,0.7662610792182672,591.0,0
Shale,1.9271572757137767,10.850867608802329,None,0.9345311515910516,4.5917778858228315,2213.0,0
Sandstone,15.10615048000323,502.471636959967,Fault,0.8646679381948985,0.2327979941209784,2138.0,0
Shale,3.9416145328077525,587.0028111539349,Fault,0.7662316622037167,4.180114583703884,1737.9999999999998,0
Limestone,27.89375167891509,145.94435719249913,Fault,0.7599663367529694,0.3325419773329091,3502.0,0
Shale,9.090525209,843.4136662284454,Fault,0.4312773456598117,3.454380300079816,3731.0,0
Sandstone,21.537980728203053,695.8647100328645,Dome,0.1282551121204175,1.916487981755085,1793.0,0
Sandstone,25.62782366992008,491.11581882275385,Fault,0.7531525089812836,3.131830769257453,1397.0,1
Sandstone,8.963486131627548,784.7210967,Fault,0.8915500494128707,2.211348715513246,2039.3953234749033,1
Shale,18.96360365746954,242.3434156701626,Dome,0.3363401228791364,0.7329920678142804,2299.5,0
Limestone,5.096177832134289,518.8941093472988,Fault,0.6986744858617018,1.2174123830291044,2424.6,1
Sandstone,21.06247701,432.91817214627594,None,0.7420645728115838,3.3158219078567712,4414.000000000001,0
Limestone,11.68548077836226,399.94821495057283,Fault,0.9669886314359232,2.7629947100446164,3769.333333333333,1
Sandstone,15.409992516167565,271.1757393,Dome,0.4842254340297413,4.819578952929148,3819.0,0
Sandstone,17.136417288443926,100.78643167960912,Dome,0.5777914549604904,1.501427945827194,3965.0,0
Shale,22.84376500308476,851.3561780592992,Fault,0.4008149291642394,0.9069052385018977,2543.0,0
Shale,24.097902018813848,960.2460009792868,Fault,0.4151921642311283,3.7705182580216814,1048.0,0
Sandstone,23.86980691984326,170.82258113572115,Anticline,0.4123342156333225,2.6470198167836347,4648.0,0
Shale,25.640251241527903,174.93513828570175,None,0.9856609574568044,1.5953257760982749,4148.0,0
Shale,20.09909772,920.6327102226945,Dome,0.2381857055995619,2.907613650824641,710.0,0
Sandstone,3.6566424759681135,523.4585335907267,Anticline,0.2840286682027823,3.1249023665487976,1420.0,0
Limestone,13.058781725629023,764.6579059946949,Dome,0.4815780819368983,3.280355585,4148.0,0
Limestone,0.2611844118763073,595.9856413572427,Anticline,0.6362079392351035,2.787752705863635,3594.0,0
Shale,18.270868341207475,628.2168698613801,Fault,0.4838334649172963,2.6570789221620483,3376.2000000000007,0
Shale,28.23144780115131,263.3097990645211,Dome,0.7260807566781885,2.5520077941191186,2323.2000000000003,1
Sandstone,21.727635824974,593.8670491391318,None,0.2329130542531116,2.308289865687463,1959.0,0
Sandstone,6.2483302546063735,791.6968939624128,Dome,0.6549481120981441,2.507093544239502,2278.5,1
Limestone,23.427580691582712,764.6579673703475,Dome,0.1043350528690824,4.731605888322709,1013.0,0
Shale,6.549093354345369,856.7116282934091,Anticline,0.47951578626725017,4.429535456049871,3827.7500000000005,0
Limestone,6.218189372030029,463.9401031076208,Fault,0.067528187,4.909495272389989,2274.0,0
Limestone,14.649289284775351,988.8487951473136,Anticline,0.7940037392048925,0.6913149202789277,1523.0,1
Shale,29.86422457040443,413.2572740595376,Anticline,0.1966320424660023,4.656388030691378,937.0,0
Sandstone,21.06247701,743.6357858106401,None,0.99528340314173,0.37767460374334694,4414.000000000001,1
Limestone,2.6445647440993336,568.4185785306207,None,0.7148429288450242,1.4209920830412641,2513.0,0
Limestone,11.474725733058191,762.3463582307401,None,0.6724799495825067,1.1441660210978206,4095.0000000000005,0
Shale,29.49194098844461,307.03823062694414,Fault,0.1932001274783916,3.2723964343660277,1073.0,0
Shale,9.996258317239263,657.689804542534,Fault,0.5145800271758225,2.143380579060379,1983.2,0
Shale,25.26320587450535,436.0300595469064,Anticline,0.3488348548717886,1.9684697669875435,3511.0000000000005,0
Sandstone,14.247211928036064,792.4976633775714,None,0.000332968,3.635262797763816,2373.0,0
Sandstone,5.273514474911455,639.5055933850225,Fault,0.8866131428716211,2.210531638964987,2539.0,0
Shale,1.6317224556693355,734.6492577135955,None,0.2116708270045032,0.7231294715676501,1722.0,0
Shale,17.87837141771706,523.6255757283163,Dome,0.5692722966880595,2.638647166213336,2577.0,0
Sandstone,17.69086084546165,732.2222178528352,Dome,0.4660200092671068,0.8373890517218381,3660.3999999999996,1
Shale,10.295215716218507,850.3607706203857,Anticline,0.5394547674855362,2.7826710711332545,3739.3999999999996,0
Shale,11.744363991776435,302.1869269390051,Dome,0.1920097765235945,4.852435453185322,3903.0000000000005,0
Limestone,18.780889004750573,553.3893996794591,Dome,0.0223288305533833,0.1344819428842852,2790.2,0
Sandstone,18.48762121712437,546.9586329752063,Dome,0.1748078937751861,1.2200186469798495,550.0,0
Limestone,18.712311782627868,620.1230355421649,None,0.949112054,1.9251534061641267,2526.188074847859,0
Shale,27.81012480304225,884.0083453035638,Fault,0.09386466,2.5586562289697437,2846.5,0
Limestone,7.704274069007191,416.1048027295004,Anticline,0.4317817358510307,4.464692088,2486.0,0
Shale,16.92366944214507,894.3840692995707,Dome,0.197452324826008,2.034178836613867,2405.4999999999995,0
Shale,13.921896243311297,765.2373216677314,Dome,0.8408336909140859,4.268022030066841,3301.5999999999995,0
Sandstone,2.871871642331919,685.7247184287315,Dome,0.2378206472764918,0.7800690801176896,1972.341660441127,0
Sandstone,22.657579412758373,937.1513097083896,None,0.5433500089901222,3.968475919186902,4625.0,1
Shale,7.827557389505043,734.6492577135955,None,0.6179035655664339,3.232773184572257,987.0,0
Limestone,15.930671109119853,546.8745913477427,Dome,0.5485531826671688,2.5856620047325576,2239.6000000000004,1
Sandstone,9.37991510363131,570.5568478540856,Anticline,0.6597772031108123,3.105967888059435,803.0,0
Sandstone,20.160592865416053,510.5093603483035,Fault,0.9233400629358105,4.858993509416028,1403.0,1
Sandstone,1.4423690545935064,353.52447315382966,None,0.059442088,2.595865732505281,1737.8818141257962,0
Sandstone,12.20467942195395,270.88129059416684,Anticline,0.088741167,0.314311921,1636.0,0
Shale,10.234479774590492,888.1208371566353,Dome,0.6580988848075032,0.038194973,3762.0000000000005,0
Shale,10.554150192310574,670.6493143475612,Fault,0.43419367707345946,3.4888524817197433,2215.0,0
Limestone,29.303831184827587,31.262933249999996,Fault,0.7023145183857498,1.7708428881746967,2649.8036143007835,1
Limestone,3.443907817538403,282.8734284521032,Anticline,0.060021798,3.387127596064449,4233.000000000001,0
Limestone,22.69002809,250.74873648860796,Fault,0.4502066161151195,1.7708436983319635,2237.0,0
Limestone,0.742946327,469.8206210265454,None,0.4525289066993148,4.094375852194706,3454.0,0
Sandstone,25.58779151563744,170.82258113572115,Anticline,0.5963766176932567,3.7936043375338775,1884.0,0
Sandstone,19.319056873460102,410.86070345442306,None,0.8985831804077546,2.328927865899863,3483.000000000001,1
Sandstone,18.856320926365832,657.5541115039566,None,0.8535314430998039,1.3415784518762,2499.0000000000005,1
Sandstone,15.206051926186976,286.62038410458365,Fault,0.5114626128730154,4.270499135539415,2275.4,0
Limestone,12.877849786108134,135.58572464557295,None,0.3389257169697096,2.449580558022473,2684.7499999999995,0
Sandstone,6.497375568817226,631.1085906022258,Dome,0.1357441844518385,4.103504181430317,2964.0,0
Sandstone,17.315148798719886,217.79476120431355,Anticline,0.5938298741151422,2.580773926278657,4813.0,0
Shale,25.553710159816248,606.9193411834832,None,0.4442289230681953,2.2870020727921907,2808.0,0
Limestone,12.411986927409895,890.0737414321105,Dome,0.6786687470929363,2.529662274196187,4514.0,1
Sandstone,7.736050537705043,557.0672943,Anticline,0.4981787517013673,4.49901359,2550.4000000000005,0
Shale,25.44544494839841,253.31599057854925,Dome,0.5827463140176092,1.9861641986382965,3072.2499999999995,0
Limestone,4.937344341405085,530.0586144356514,Dome,0.5942460053504046,2.2496933106947874,1789.0,0
Shale,12.248271611370942,184.3796817023796,Anticline,0.2836883856556068,4.211806373,4409.0,0
Limestone,20.73317610161553,483.0285575569968,Fault,0.8563373248357075,1.7708436983319635,3445.0,1
Sandstone,2.090720901903589,856.7153304569763,Anticline,0.4000396444040072,3.255838390412661,2754.3333333333335,0
Sandstone,1.8565710504142567,608.1014027200953,None,0.082738685,4.538231329941651,3071.0000000000005,0
Sandstone,4.110627301,410.8588691933852,Dome,0.7150318415582864,4.985676125006254,774.0,1
Sandstone,25.07349212563804,160.14817476968398,Anticline,0.4638940204404267,3.1249023665487976,1415.0,0
Limestone,9.061207965300406,511.80508634710066,Dome,0.5786858540450647,1.1466473470204277,3499.7999999999997,1
Limestone,15.907098284945587,564.0529690127017,Anticline,0.7372375500202536,1.915054378105661,1558.0,1
Limestone,5.352482896904873,558.9452220011107,Fault,0.8091638049477762,1.0505275129467189,3395.0,1
Limestone,12.68587975491017,753.4278973615803,None,0.1092661113548973,2.0026535809644983,4245.0,0
Shale,25.123487852503857,817.9778852984394,Dome,0.3976847260806038,2.9596883935314895,2734.0,0
Shale,10.554150192310574,761.0027462034302,Fault,0.4721967027581214,2.9255209291158666,2215.0,0
Limestone,7.33690761440033,801.5708776255838,None,0.693075113,0.7826285471154915,3564.0,0
Limestone,4.233289449979479,351.9947992788363,Fault,0.1220315151785847,2.9717489605293936,2985.5,0
Shale,16.982149393444953,822.4524367614523,None,0.1687010289402437,1.799047386343167,1719.5000000000002,0
Limestone,28.406405890230708,877.9543357222321,Fault,0.389259786,0.024701525024786102,3760.0,0
Sandstone,20.37597453603508,798.4747235497592,Fault,0.7651696096585132,3.751318961608268,3834.0,1
Limestone,24.52695988633791,600.1390726103,None,0.275127409,2.080402385844163,3174.0,0
Shale,18.434573325348936,585.4077409,Fault,0.5169113485238089,3.335594605886161,4630.0,1
Sandstone,29.90427542043327,549.5884873541228,Dome,0.4835772911480591,2.5383010393807486,1646.0,0
Shale,12.859328376255952,423.4332224882946,None,0.1826889349073418,3.421706314123562,4742.000000000001,0
Sandstone,10.207190186900464,713.0590217233876,Fault,0.8319121741195065,1.857006822999998,3871.0000000000005,1
Sandstone,9.37991510363131,604.6012743834409,Anticline,0.4926704770578641,0.5200033791523034,3568.0000000000005,1
Sandstone,24.609784064424897,159.59915719697128,None,0.5746320826366554,4.7229019747905845,2160.0,0
Shale,3.5859260864123343,950.3931330373912,Fault,0.403813523794513,1.4816979949924498,863.0,0
Shale,13.920012845892789,512.6988084077608,Anticline,0.193110212,2.015044999659599,1652.0,0
Limestone,9.207205725204052,655.9440253495238,None,0.6946740820999837,2.8631197564625226,3474.0,0
Shale,15.250664626937768,314.0104797732149,Fault,0.6266841164806818,3.440933910842308,2639.0,0
Sandstone,16.532074050398215,481.5377610206614,Fault,0.6539112958043054,0.9334077240856548,2320.1999999999994,0
Sandstone,17.341584905194505,756.3155386115398,Fault,0.01979873,3.2521062560645717,1290.0,0
Limestone,12.557468565944674,293.86278631104847,Dome,0.549752965778357,1.5851134595742715,1477.0,1
Sandstone,25.786691907538103,572.3107056778439,Dome,0.4382092811112116,3.105721945346567,2624.0,0
Sandstone,7.090282299846288,541.4315334085525,Fault,0.9992460918840256,3.151308734704022,1723.5,1
Sandstone,14.336022098821147,63.06364494937564,Anticline,0.5293611877204011,4.757712175511338,2089.0,1
Shale,22.417084141186507,804.1395872452761,Dome,0.6078720109915183,0.2833365443885993,3233.0,0
Limestone,21.806307184193148,213.847490466518,Anticline,0.0114924696335375,1.9636078131903192,3039.4999999999995,0
Limestone,12.302182890616912,432.6516291392159,Fault,0.45681327289348056,2.868272046544244,634.0,1
Limestone,24.756341137788933,483.0285575569968,Fault,0.2858381446639287,2.298554842241844,2076.0,0
Limestone,18.62456410517676,751.8647772526306,Fault,0.7599649291743313,0.6152509658312894,3547.0,0
Sandstone,8.467874112387985,476.09348330467014,None,0.5622276802249899,4.298814972946715,1223.0000000000002,0
Limestone,18.97416607234432,121.56661785681082,None,0.5547821196371128,3.309021753412085,2268.0,0
Shale,26.054284536083088,772.2839933485276,None,0.5521956513689377,2.4728243510482355,1974.9220476339888,0
Shale,0.094227181,920.6333227812064,Dome,0.023322331562675,2.863270527128392,2561.0,0
Shale,14.978924646517573,921.2373354401824,Fault,0.4897784812686751,0.9887090040057578,1704.4,0
Limestone,25.19993282,763.2358988142303,Dome,0.5195956326039297,0.06784785,1165.0,1
Limestone,18.45193889573434,813.3302469090371,Fault,0.2585303612677231,4.808957519056091,2837.000000000001,0
Shale,8.134267601417642,284.77640161763554,Dome,0.3623037631704236,1.2237197029941504,3836.0,0
Limestone,0.11879829036428251,490.6698521546747,Fault,0.6621095442869706,2.9026330776229914,1661.2,1
Limestone,7.174276363035696,526.0537946881796,Fault,0.6656648349426617,1.6162573800029558,3465.0000000000005,0
Sandstone,7.281489542658927,422.99284777382286,Anticline,0.34012345132345956,3.7466375684122784,3927.0000000000005,0
Limestone,25.71574971178766,604.2700379143639,Fault,0.15462449679336274,2.409938983879927,1344.0,1
Shale,20.35053436722044,580.9714214567072,Dome,0.5233834787426083,0.2833365443885993,2336.6,0
Sandstone,17.957853222140123,645.0902547797484,Dome,0.52901500395761,0.043963065,2680.5999999999995,1
Sandstone,15.383361841488222,252.43425889719967,None,0.2464342807936556,1.5453766620647018,2737.8,0
Sandstone,11.505967215954064,360.33841950739094,None,0.3052290446498356,4.462426012788093,2843.0,0
Limestone,17.49828591,519.9235745368777,Dome,0.569944716,1.0700142391000749,2198.0,0
Sandstone,12.957714205640686,465.8915250670893,Anticline,0.47147362343721966,2.2686343356256873,1305.0,0
Shale,27.93077978925203,254.20024017649428,None,0.8819596764854412,2.9739728569287847,3590.0,0
Limestone,15.707594556643588,620.1230355421649,None,0.8614449345657882,3.9322170196089967,2526.188074847859,1
Sandstone,15.200573725620083,137.78190517166723,Fault,0.012976671,4.804380675599667,1029.0,0
Shale,4.937978210987241,452.7782805937402,Fault,0.7005988109481615,2.1291437478074093,2830.6000000000004,0
Shale,13.454886358685497,666.8906102755908,Anticline,0.047751941,4.723546118629061,2971.8000000000006,0
Sandstone,12.567876718122568,301.6513241351766,None,0.5147444939556894,4.390289763959169,1733.1154614636375,0
Sandstone,7.097037756333001,321.3785857562815,Dome,0.916000543,0.3559914724276619,4962.0,1
Sandstone,7.2021222146269945,219.57555722514584,None,0.2464342807936556,4.126694877621672,3046.0000000000005,1
Sandstone,4.153064799881829,420.51874666289,None,0.2563127132609458,2.4956471963237723,1110.0,0
Sandstone,19.365359844152152,663.0180453209418,Fault,0.5939100944487234,0.9224446776063612,2887.0,0
Shale,4.120852379060227,561.1835033078252,Fault,0.41594492076776746,2.883874434676732,3091.3999999999996,0
Sandstone,25.75108220158976,200.86667087994843,None,0.6630288804436608,0.6641305222110766,3442.0,0
Sandstone,7.559400588178282,380.36204174750026,Anticline,0.4431020803108879,0.7628722933680493,3318.000000000001,1
Shale,2.428491060670682,512.6988057934744,Anticline,0.7006122236383164,1.8985261132194435,2999.9999999999995,0
Shale,24.988121769559832,837.1851085176824,Fault,0.25028050929873774,1.5552588454780043,2214.0,0
Sandstone,14.13251188451776,422.06153220842367,Anticline,0.23992834055169446,3.349593577353161,3095.2,0
Sandstone,20.66287622434096,631.1085906022258,Dome,0.3219830872841239,3.978176460867336,2964.0,0
Limestone,25.1564762107438,501.9844600190368,Anticline,0.3881709095177397,3.0575444318833966,3507.5999999999995,0
Limestone,29.57767976910053,476.0753395517942,None,0.380599119888637,2.3737783685670526,4188.000000000001,1
Limestone,14.001842813038513,469.4922802381263,Fault,0.3727527200671731,2.881715064907993,634.0,0
Shale,0.5186413429008963,822.3170698910029,None,0.5096875881559546,4.436510529,3423.000000000001,0
Sandstone,14.071201399978886,304.54972728735424,Anticline,0.54665194032504,2.390639861204308,3179.0000000000005,1
Sandstone,15.704336111512818,457.66392051909355,Anticline,0.132796715,2.2406667248887326,2529.6000000000004,0
Shale,11.08062390268297,239.04948867162005,Dome,0.7928035347662441,0.2833365443885993,3296.0000000000005,1
Shale,15.36901040661242,497.1485671771149,None,0.5065986961834594,1.238859144510842,3837.0000000000005,0
Sandstone,16.167612177598564,367.7078757942896,None,0.5433500089901222,4.986706677641488,3690.0000000000005,0
Shale,21.731590679941338,526.8723970694081,None,0.938495158,2.139190213476996,788.0,0
Limestone,29.86913500784425,616.6011788978451,Dome,0.099767123,3.5584805553923737,4130.0,0
Sandstone,23.667810718466384,597.380259201541,Dome,0.7319420550777613,2.178991874271645,4169.0,1
Limestone,29.94667351827152,65.85869935686127,Anticline,0.3083234218197314,2.030224662413441,530.0,0
Limestone,10.673793834629793,270.8256565313619,Anticline,0.9080744025295908,4.748427462847649,3081.0,0
Limestone,18.45273862109965,101.48507094002726,None,0.503062183,1.3783836624059944,4527.0,0
Shale,19.59868622704088,376.7736344452144,Dome,0.5279262865259846,4.682880420368659,3468.6666666666665,0
Limestone,18.00310370963667,843.8437248385727,Dome,0.39963190585374947,0.4095266961887694,3945.0000000000005,0
Limestone,10.20648715366004,743.0338645,Anticline,0.6588093656672728,2.003829460221634,4430.000000000001,1
Limestone,17.145663749722353,638.4117914756077,None,0.2983909218698807,4.520978180338841,3148.3999999999996,0
Sandstone,14.724393695492786,838.6624894527029,None,0.41591698962367596,1.3664893336448811,4771.0,0
Shale,16.319193338549024,379.51986710123134,Fault,0.5039434426996526,2.6431628092124955,1383.0,0
Limestone,16.425536521799835,965.4767785179718,None,0.8406006225041451,1.7703864554298934,2758.333333333333,1
Shale,0.3201686354650235,851.3561780592992,Fault,0.9126176982038638,1.651153001679175,1382.0,0
Sandstone,23.475004331408808,732.5718880272464,Anticline,0.533132050599334,2.690663363814446,2761.9999999999995,1
Sandstone,16.87665603819142,199.452002,Dome,0.6207108637359489,1.3974902661570416,1175.0,0
Shale,19.932237642823665,584.7920660875272,Dome,0.527819191,1.9787221244584918,2616.0,0
Limestone,22.976052769875945,621.5572347712667,None,0.1976065813908587,3.4821776827447835,2559.76947978188,0
Sandstone,6.391059595297925,657.5541115039567,None,0.7441995248606165,3.1437492659723114,2499.0000000000005,0
Limestone,1.5872229981199315,962.0319159569558,Anticline,0.5181339133443376,1.9661971586259708,3890.0,0
Shale,9.424762855954363,128.6150207791464,Dome,0.4305594639799944,4.201648063316591,3328.1999999999994,0
Shale,20.987895990705844,680.9232662490342,Anticline,0.5694582351929555,1.7863946505202204,3164.5,0
Limestone,3.3715779687457745,889.2965141410352,Anticline,0.734825420946108,2.852372556458254,1749.0,0
Limestone,9.877183006839731,776.6269187000811,Anticline,0.070330592,3.2940904910402677,3808.857131078343,1
Limestone,9.078695488,417.4323902539091,None,0.8607197057335678,1.9132507324844505,2714.5999999999995,0
Shale,14.395779082956645,173.2686382139375,None,0.4641417980634341,3.4364443310411037,2736.2,0
Shale,8.557064464434987,735.8635081359939,Anticline,0.1622158648025313,2.0088154960801226,2952.0000000000005,0
Shale,1.8427538777949803,851.3561780592992,Fault,0.266716486,1.5597500459290805,2127.0,0
Shale,14.175463284587558,964.4248674006028,Dome,0.5950084216966989,4.803394189790293,3225.0000000000005,0
Shale,4.893440253500363,565.240428634596,Anticline,0.8435487928283237,0.011162765720543697,501.0,0
Limestone,1.800245777670354,369.7164667563425,Anticline,0.9554621436287786,0.1066103674035634,2955.9999999999995,1
Shale,3.7384518956737423,734.6492577135955,None,0.9833675603649452,2.9703532717584684,1733.0,0
Sandstone,15.399491996997146,364.92071629353774,Fault,0.6071647894367418,2.295315843777085,3697.8,0
Shale,5.316451706363761,961.5059915919592,Fault,0.068506806,4.455145093056261,3590.0,0
Limestone,15.054611266215327,740.1259337433745,Anticline,0.5259726664963321,1.8472087128948065,3197.9999999999995,0
Shale,16.370781238944787,659.6687998560175,None,0.4146501777952039,4.875895681273455,3061.600000000001,0
Limestone,26.14465625272165,443.3462719927515,Anticline,0.066486803,1.595211214550785,2736.4,0
Sandstone,6.055255060912743,47.99201436133316,None,0.5636143788243874,2.078003879667439,3192.8000000000006,0
Sandstone,7.908163194206442,976.9544854,Anticline,0.36103750775176907,0.045122773835915495,2754.3333333333335,1
Shale,14.594578070645081,964.3734304427946,None,0.65136867331493,1.996002587258024,3086.0000000000005,0
Shale,21.68306028032387,920.632238080293,Dome,0.7361459716682507,1.5166232014029923,2923.0000000000005,0
Limestone,17.58624498571527,263.1072157036857,Fault,0.1258188499383126,1.7708445110308773,2076.0,0
Limestone,6.77518896670176,910.4359999623466,Anticline,0.1569783951306561,1.992203474311533,3426.0,0
Limestone,27.18302786041277,299.0821330479075,Anticline,0.4481308598747677,2.40625641185786,1096.0,0
Limestone,12.537224513862284,626.2743326910683,None,0.47236717627650937,1.7397685410859431,3275.2,1
Limestone,12.988516482899346,742.0849391427196,Dome,0.4359093242363593,1.8344257581874448,1330.0,0
Shale,23.53609556054686,823.9867113584706,None,0.5936131072488539,4.4897378372458165,2050.0,0
Limestone,20.84482737984377,202.81581948507,None,0.5547820716595102,0.1125838803516188,3218.0,1
Sandstone,16.57438409317963,345.9292199241532,Dome,0.4842254340297414,3.888077046792694,2492.0,1
Shale,19.20581605611096,684.3868155289772,None,0.6348213175298393,4.232551351923034,1920.120750039802,0
Sandstone,12.794467923901738,470.2051471726457,Dome,0.6736333548384608,2.264837399244535,4437.0,1
Limestone,4.111584084844663,734.9732975681239,Fault,0.7599645939492361,2.737721604471486,2954.0000000000005,1
Limestone,14.991179972569878,895.5008713757999,Fault,0.7425931846422301,1.894049773856001,3464.0000000000005,1
Shale,12.78893152210278,20.07855794760122,None,0.1746383806863545,4.5917778858228315,1633.5,0
Limestone,6.112664575498313,595.6049807245323,None,0.48349177566574736,3.972005049459725,4254.0,1
Limestone,20.47797839343916,766.3556295937851,None,0.36108924505378587,0.6874977707871206,3057.5999999999995,0
Sandstone,12.212303381369408,836.1484646443813,None,0.383360519,3.5952886050683035,4514.0,0
Shale,19.43466914473307,797.2797297561937,None,0.2049610188775588,0.5694053461519683,1700.0,0
Sandstone,14.482075613287465,297.61559540751614,Anticline,0.6015346226306262,4.566131607080588,642.0,0
Limestone,25.37895768,324.9333294293467,None,0.1499166281434496,1.7184247199020162,3245.0,0
Limestone,24.11265708035288,564.2536092719029,Dome,0.6998045959075474,3.1083135060180775,3218.0,0
Sandstone,9.189128352501752,785.9669711628461,None,0.4129319444946872,1.276780154494494,2560.9999999999995,0
Shale,15.74699960177515,384.042058805215,Dome,0.8515308052874937,1.900815154176221,1886.0,0
Sandstone,15.377517093975312,794.9346113955422,None,0.4939871570724811,4.406085769231054,2257.0,0
Sandstone,0.4055181509916017,333.71283203258076,None,0.5420516843968386,2.332759225670389,1572.0,0
Shale,29.86857179,48.56761234298115,Fault,0.5266605750125107,1.66145855090117,3040.6000000000004,0
Shale,25.0924679,453.3153613818894,None,0.1506582319889182,4.619056349789275,1949.5,0
Sandstone,17.824255882693727,631.1085906022258,Dome,0.6533947321528386,4.476597776786127,2964.0,0
Limestone,21.79490239012268,426.6397720300028,Anticline,0.3963434458310367,0.9234902720568576,3014.666666666666,0
Shale,17.21875554900658,538.0988719204735,Fault,0.37025625987166444,0.576129107,1946.1999999999998,0
Shale,11.250878752053712,795.0029570659558,Fault,0.7031208595259555,3.6188621013851088,1312.0,0
Sandstone,1.1425890179795783,513.8672656340136,Anticline,0.4340637040757383,2.642464448,1821.0000000000002,0
Shale,15.90623224913994,778.9594188,Dome,0.8068680434228418,1.0754846627192494,1043.0,0
Shale,14.294004887881234,744.1926265973365,Fault,0.3171774980077146,4.560373805125683,2640.0,0
Shale,14.385577113340617,577.3462771003008,None,0.667292182,3.662251654544681,3281.0000000000005,0
Limestone,3.4546736220861107,902.2739838175064,Fault,0.152732394,3.177446516366349,2970.0000000000005,0
Sandstone,12.747622296492807,779.7968724124082,Fault,0.6559345231079605,4.997590657077265,4559.0,0
Limestone,25.82396810746485,607.2529479931276,Dome,0.1692159001394912,2.3525639512064007,2576.0,0
Limestone,19.97573298648832,887.0198176677837,None,0.8994998836588509,3.505414745706967,1810.1190910332518,1
Sandstone,20.90085334310245,431.153053266484,Dome,0.3732549590164754,3.7970572344344062,2948.0,0
Shale,19.974924829555874,20.299085130806105,Dome,0.4691259078935094,3.3535575311137222,2989.0,0
Limestone,17.252112572562446,973.9614705822066,Fault,0.2209132027965997,1.7708436983319635,3248.0,0
Limestone,12.974541995713501,938.8213670365952,Fault,0.7154771286876792,2.4143393068694032,3216.0,0
Limestone,25.90670408994929,324.5270356704462,None,0.7070517267140926,1.5314349676316754,1596.0,1
Shale,23.237162495230947,950.7620372473652,Dome,0.41943987648995046,3.5514114224528397,2981.0000000000005,0
Sandstone,12.887256383537878,65.02050301646214,None,0.3843273459401633,1.970066544850722,1364.7999999999997,0
Sandstone,0.4054092691854771,504.1407240895483,Fault,0.6178896429091016,2.5422891557993847,3352.0,1
Sandstone,4.267657193304463,32.588418199226496,None,0.4195710886763511,1.758921162485297,2670.471765273224,0
Shale,8.976960129031816,83.65234797917884,None,0.5936131072488539,4.848130095830979,2050.0,0
Limestone,9.397994297418313,369.7164667563425,Anticline,0.4747550617686376,4.389618061166637,2736.4,1
Sandstone,16.68984021771238,225.0341247680805,Fault,0.3784750507273715,2.083934958,1029.0,0
Shale,19.084582645860376,561.9630742,None,0.7228458753432891,3.7940656654665417,1100.0,1
Shale,16.120214905295434,894.2132104869287,Fault,0.045962297,3.587733841441669,3424.0,0
Sandstone,7.672311046449012,425.4937370896542,None,0.6108386565849336,1.874705731763235,842.0,0
Limestone,16.692279108071858,571.2788823642134,Dome,0.1757725100474607,3.886708945221773,3422.2,1
Limestone,9.876918460241836,456.4106336802527,Anticline,0.3504225718160924,3.3871275703736297,1509.0,0
Limestone,15.38802064932338,447.1527020472782,Anticline,0.5293367877699884,3.225174171721755,2700.0,0
Limestone,1.9673721793990893,483.0285575569968,Fault,0.052111329,4.004823823839091,634.0075669142252,0
Shale,12.4843610292182,650.5988199284426,None,0.5951851611213723,3.248889156983832,4696.0,0
Shale,0.154188827566809,913.4995252,None,0.510353543053064,1.8671027412232155,2204.0,0
Shale,19.003923577073177,472.5009148671854,Anticline,0.7076419399589526,3.030968123671645,2801.0000000000005,0
Sandstone,15.26051852052237,600.680054803037,Anticline,0.237657811527138,3.5446139869493343,3617.0000000000005,0
Sandstone,22.91889588976854,878.8713887,None,0.4249723732990934,0.48954160149749115,1752.9999999999998,0
Limestone,13.85775612617205,251.40532406152795,Anticline,0.8564264888586445,4.967170246847806,3432.9999999999995,1
Shale,13.83138171023119,526.5722893979038,Fault,0.411636664453557,0.6739654319126015,1230.0,0
Shale,14.385577113340617,577.3459054285803,None,0.9198480247021956,2.593831144422252,4075.0,0
Sandstone,21.02597097376286,324.3054954558985,Dome,0.6149164442947797,1.7001206764798988,1312.0,0
Limestone,20.00315729351692,536.3200091699205,None,0.24426732596965423,2.805263695620347,500.0,0
Shale,17.13999014915786,416.6348542316326,None,0.7165485499146202,1.2551892523820551,4789.0,0
Sandstone,13.168663787518556,286.9974661292138,Anticline,0.5570068206893427,1.3600152796559457,3659.0000000000005,0
Sandstone,25.51130757899117,758.3183208947813,Dome,0.2243821301307512,2.7384269643865435,2923.0000000000005,0
Limestone,10.244082198253272,93.46289041516724,None,0.2851957483051497,0.2888959603155466,3635.0,0
Limestone,9.341458197,367.62936996876505,Anticline,0.49654832411185074,3.411228155247091,2587.0,1
Sandstone,22.440142091142103,673.8594763953217,Fault,0.5343014355843049,4.094535567687299,1994.0000000000002,0
Shale,9.17440533850992,525.7935707940028,None,0.45392388674460943,4.708765689557922,3712.0,0
Sandstone,8.223703381253925,15.262704704146524,Anticline,0.7044078611526604,1.1960993098431572,1726.6,1
Shale,2.0798499116329427,512.6988129267148,Anticline,0.2883414277946858,4.569990880198577,2254.0,0
Sandstone,8.003161908717718,657.5541115039567,None,0.9348617942523624,1.5147904059781816,2499.0000000000005,0
Sandstone,10.846241962621155,185.74109275404464,None,0.7953253540081879,4.413620721372294,1752.9999999999998,0
Limestone,2.1716819479293106,751.6203987649673,Anticline,0.3159092869583198,2.186707622601948,2996.7999999999993,0
Limestone,9.382233485652003,389.94379883034657,Fault,0.2507319775120247,1.125626342849586,4772.000000000001,0
Sandstone,12.744855995307017,349.7326231531206,Dome,0.2253287263287753,1.1483534631542291,1126.9226627076382,0
Limestone,25.13619810358088,96.55295095645069,Anticline,0.4878248502545447,3.387121492941062,3673.0000000000005,0
Shale,27.38793014,674.3843943009421,Fault,0.25442710076751,3.7976316799421497,4612.0,0
Limestone,21.6053132027195,212.58748929296613,Dome,0.1577436728855272,3.364001390922396,3134.1999999999994,0
Shale,8.140978906170316,816.0394004899447,Fault,0.2594880232378819,0.7253166804632692,3424.0,0
Shale,13.797691794836465,540.7539484,Anticline,0.2708391648379551,4.602586339236048,1221.0,1
Sandstone,25.117890214155263,360.52271515680025,Anticline,0.5528741639400008,0.9399665981484224,3952.0,1
Sandstone,14.038610871956145,989.9906343741916,Dome,0.0293176087787859,1.9930047772045216,4028.0,0
Sandstone,1.656675622290854,794.0494495749934,Anticline,0.7827466179397833,3.440527753639038,806.9999999999999,0
Limestone,1.6131693498595012,427.7053985173428,Anticline,0.9080744025295908,0.9356860429891072,790.0000000000001,0
Sandstone,26.474105848294062,479.5675699791157,None,0.45873187365980006,1.3029458793512692,1998.3999999999999,0
Limestone,8.631553034700879,404.08633592208355,Dome,0.372157428,1.936222300248617,3346.5999999999995,0
Limestone,20.29024008531444,436.4329717014668,Anticline,0.7297754492782069,3.1662632263042996,4551.0,1
Limestone,13.363587892028637,980.0061211798222,Anticline,0.8659659535008205,1.9636078131903192,3039.4999999999995,1
Sandstone,20.277336355633732,216.0174993736269,Fault,0.49336911928029276,2.6859213744115564,2477.6,0
Sandstone,9.530840926414864,817.5950428138415,Dome,0.4289951106401645,4.347284703290246,2389.0,0
Sandstone,15.440085721554828,456.3856685118926,Dome,0.084694212,0.4226438782175323,3366.0,0
Sandstone,7.890775072283521,607.66778919513,Fault,0.46626135561282184,1.389636560214571,2385.6,0
Sandstone,19.74247754247571,675.7597195342747,Dome,0.1440203580516995,4.696180049532559,550.0,0
Limestone,19.41679608637974,357.0092277277172,Fault,0.7408763850136038,2.0383622907405794,3998.4999999999995,1
Limestone,20.07797387530973,892.1380852943712,Anticline,0.4540584697855849,4.875713496930505,3026.4000000000005,0
Limestone,9.729866374,423.3360183111499,Dome,0.5555246109560178,2.1092433847443908,3602.0000000000005,0
Limestone,13.180268375299399,679.1375699519523,None,0.4060124613502888,2.149622832609376,2613.0,0
Shale,27.082913638935263,580.4584494130215,Dome,0.24554867449042675,0.1688278861023262,1972.0,0
Limestone,14.073989921288579,601.6270510937728,None,0.3281085611065191,0.4162239068430029,2171.6,0
Sandstone,13.472501780283402,155.26052939565238,None,0.08051501,3.3937431820486808,2743.0,0
Limestone,19.221610368663118,612.6193866359074,None,0.5373744980186232,2.232309541990344,3557.600000000001,0
Limestone,18.669089372220785,476.37861763361116,Fault,0.800509646,4.4508165306938015,3825.0000000000005,1
Sandstone,14.720318338021722,704.3566651957216,Anticline,0.612402908,2.815183359762863,3652.750000000001,1
Sandstone,15.590550934511306,425.4937370896542,None,0.031379688,0.1468314973402384,4680.0,0
Sandstone,7.3955971691394895,914.5431932300604,Dome,0.4594415118736513,1.1937455552113196,550.0,0
Shale,13.210708968596222,488.01225921684045,Anticline,0.5458572510825379,3.5458662657979474,2836.7999999999997,0
Sandstone,24.44381002570976,168.5380088521419,Fault,0.7370186364578603,4.1159799847010605,1861.9999999999998,1
Sandstone,14.506495523711072,256.1550104309914,Anticline,0.7167099074051587,3.1249023665487985,597.0,1
Limestone,17.848604663424318,685.1696246997369,Fault,0.6070867812025507,0.9840117294700823,3279.6727028579244,0
Shale,15.97979542381083,458.31106940955976,Fault,0.577675803486974,4.730449253970458,2583.7999999999997,1
Shale,15.656529844738296,438.5259999986058,Anticline,0.7145834712104601,3.344087969800829,2997.8132592879683,0
Sandstone,6.516926593590324,170.82258113572115,Anticline,0.3816110738671604,2.150753764868787,2337.0,0
Sandstone,16.837078745479115,394.34787758265037,Dome,0.222446167759865,1.3996888581513345,1265.0,0
Shale,9.711924768,438.9869805613728,Dome,0.47380210138933015,1.5788377961258526,2963.0,0
Shale,25.332070295715965,473.4411304896044,Fault,0.9168305757134468,1.470095355968717,3424.0,1
Limestone,26.13794055810472,600.3302910261336,Dome,0.4373496004208548,2.878089749558704,3785.0,0
Shale,14.481851624303502,479.7968042135943,Fault,0.9088182628016864,4.826207544557667,3424.0,0
Sandstone,25.73292437358088,265.2076853794598,Fault,0.5981178785355357,1.7196384827603894,4730.0,1
Limestone,24.1724067653436,777.5561115855855,None,0.8246156607450085,1.6452876492564223,2758.333333333333,1
Sandstone,27.528020887857007,366.6304118816459,None,0.5233487127302545,2.8614384697212865,2066.0,1
Shale,24.170261371281125,326.5182467341028,Dome,0.42586155782321844,0.8310774726170594,3468.6666666666665,0
Sandstone,5.170476424348899,207.69599195605485,None,0.565449235,4.984532073523976,1421.0,0
Limestone,16.534240085842015,696.9873494815862,Fault,0.48501447949327603,2.0224350725821343,3002.2000000000007,0
Limestone,20.40303394695342,220.77947276438857,Dome,0.3556333218073557,3.016754304553533,3325.0,0
Shale,11.69295504176326,357.4783050729978,Anticline,0.71380865,0.3074583560145477,4794.0,1
Shale,18.897042378033788,420.8122052020684,Fault,0.4695770484256961,4.628367469645987,4881.0,0
Sandstone,10.762672860638212,82.40848733196727,None,0.3748395897286839,1.5832021113629495,4468.0,0
Shale,9.225893865,297.6772034028156,Anticline,0.8731025656089301,3.2459539246219644,2775.0000000000005,0
Limestone,15.433573032046185,527.2211045776162,None,0.5547657468308265,4.4463257741247375,3697.0,1
Sandstone,12.825226727779487,454.9553415301824,Fault,0.15124025,4.564205794779278,4029.0,0
Sandstone,20.00806252671651,592.5311131146675,Fault,0.5523233686554994,3.4661347472156474,2592.0,0
Limestone,12.678170642518756,434.1724273761256,Anticline,0.38558205554185354,4.863735152107712,3157.4,0
Sandstone,18.301300363732544,180.5134015566517,None,0.958577682,3.5098430162173906,4061.0,1
Sandstone,17.867349560094446,403.3616438302558,Fault,0.6234639420254688,4.256991786838806,3020.6,0
Limestone,1.2320451837121629,470.8136523269735,None,0.4193366573987367,1.7184247199020162,526.0,0
Shale,10.791595857308089,510.4225629122407,Dome,0.9033968005033816,0.34272899550415903,2734.0,0
Limestone,10.07530461117948,764.6579673703475,Dome,0.055151124,2.078136192687966,1897.0,0
Shale,5.387993443202878,523.6069827933181,Fault,0.4482771458307305,4.740262714604359,3424.0,0
Limestone,10.250237214553623,801.5708776255838,None,0.44712270698279355,1.9539619053357835,2162.0,0
Shale,25.680032246794585,851.3561780592992,Fault,0.770525279,4.3644392498015785,4181.0,1
Sandstone,9.497602797259535,551.4802126346993,Fault,0.3537959854689051,3.4626522164099343,4632.0,0
Limestone,16.614703219011766,518.4738129931476,Anticline,0.077320245,0.069077382,4273.0,0
Sandstone,15.585256407000685,112.48233084190052,Anticline,0.5566311832277173,3.4228576509530364,2723.0,0
Sandstone,17.381104232833092,520.4781259128849,None,0.4754237757026106,2.7939755771530104,1335.9999999999998,1
Shale,22.45082500285859,297.6772034028156,Anticline,0.1903609380056821,3.2459539246219644,4816.0,0
Sandstone,17.62043373729084,754.7170035272349,Dome,0.1400680054965923,2.024646099702137,2106.0,0
Sandstone,1.9275816886383312,889.3488993892987,Anticline,0.5247980137199302,3.1122495862751958,3599.0000000000005,0
Limestone,16.368409609228728,511.3219860099428,None,0.043167514,1.4499770158665086,2282.758500119065,0
Sandstone,3.974068620535641,699.1248040423823,Dome,0.7826827605564662,2.7027655914091295,2488.0,1
Limestone,14.47206673053982,537.4720765968727,None,0.42076182101995396,2.669594686694161,2975.2,0
Sandstone,10.279156623271183,417.19211839549104,Anticline,0.3621874501542984,1.9740160000233309,2447.3999999999996,0
Shale,4.264225607937532,525.5388063205048,Fault,0.5708694983075259,2.259395283518348,2713.9058395247903,0
Sandstone,5.849902125630592,212.88202708080615,Fault,0.4393163078576527,4.787793142528651,1029.0,0
Shale,9.284015207259127,577.4659022083462,Fault,0.9004116380886182,2.817348015312455,3678.000000000001,0
Limestone,6.297541372441545,705.5783404152731,Anticline,0.5673608506813306,4.611088012,2289.0,1
Sandstone,8.374323996669133,29.455326738722245,None,0.048744855,3.6284799323295363,2907.0000000000005,0
Shale,25.90439684738439,451.4564308507653,None,0.2511002237065345,4.383970732724636,2739.0,0
Shale,1.098890927964582,194.1852312691761,Dome,0.6843747219540787,2.8877323245103472,2966.0000000000005,0
Shale,10.740970931553932,331.050553395308,Fault,0.5352467027966409,1.7191406690402904,1816.0,0
Shale,1.2086683720362634,920.6336172,Dome,0.83673757,3.5966127690236016,1768.0000000000002,0
Sandstone,17.940273519862487,475.36420003320757,Dome,0.7928087754730776,3.790915551350835,2132.6666666666665,0
Shale,11.46229200675719,219.75115697869552,None,0.7487236352966626,1.4027905858641982,4530.0,0
Shale,20.44380346275816,225.6137361432565,None,0.7721756842822425,2.914901011482576,1949.5,0
Shale,14.385577113340617,174.21589156048844,None,0.2228005374084801,1.822777444105292,2535.0,0
Shale,18.78967054968585,565.240428634596,Anticline,0.8435487928283237,1.9125711223614883,2863.0000000000005,0
Limestone,26.83213165945521,318.93674228214144,Anticline,0.4540584697855848,1.5995149675286369,3445.1999999999994,0
Sandstone,27.841552506865444,55.21691420398422,None,0.080063663,1.2094815202972398,3596.0000000000005,0
Shale,7.526204151483315,47.49497969784901,None,0.1400004827007425,4.670972209542769,611.0,0
Shale,3.349077881881848,505.3535128184036,Dome,0.0282310529490681,2.1923456764746407,1972.3333333333333,0
Shale,4.148495202142431,220.04643589098748,None,0.45631996527135416,2.694752554206594,1862.4744202553713,0
Limestone,20.38297692677862,505.72125132387225,None,0.5952839734290631,2.2700208787820038,4714.0,0
Sandstone,21.687920167158108,447.8442483327554,Dome,0.7928087754730776,2.897432407281828,2132.6666666666665,0
Limestone,19.19325604711268,370.7191907899009,Fault,0.614332477,0.072443403,3938.0,1
Sandstone,26.50694185110571,564.5628168182344,Fault,0.8103325075758355,3.188376787384076,2999.0000000000005,1
Sandstone,25.32557687472245,432.50546371208765,Fault,0.8599387467334852,2.62592413148232,1396.0000000000002,1
Sandstone,15.249612252178759,632.1757151501749,Dome,0.6342974105203304,2.5505247029999993,4880.0,1
Sandstone,20.85359447837302,321.5605176376067,None,0.48434184032716726,1.720416412688385,2920.1999999999994,1
Sandstone,22.94636490265406,219.2047055343965,Dome,0.6076463832614718,1.3974902661570416,4821.0,1
Limestone,21.330028858494337,768.4385610396832,None,0.4525289066993148,3.979679190271773,3998.0,0
Limestone,1.7753121559062546,447.1552992055492,Dome,0.448554856,2.3525639512064007,3433.0000000000005,0
Shale,17.493834703586078,659.6687998560175,None,0.4784524213004441,2.8700337212399623,2720.0,0
Limestone,11.066385637313939,329.7483395,Anticline,0.5798955982277842,1.6354888804889596,2883.0,0
Sandstone,6.483779950462867,692.5646895330862,Dome,0.1740673836633701,0.0598113147937173,2731.1620988873537,0
Limestone,24.984957056072272,519.716973395574,Fault,0.1730845728204018,1.5194312897886741,3112.0,0
Limestone,5.769296881008824,627.8786480475645,Dome,0.5173819588480452,0.5951328897153568,2936.0000000000005,0
Limestone,6.124996775,368.829045934574,Anticline,0.6279200053822082,4.1369514116957555,3242.7999999999997,0
Sandstone,4.0060269948224825,463.6177385154533,None,0.5725531936410988,3.718094397581651,3602.25,0
Shale,0.1413727656672347,262.02607297650104,Fault,0.571183163880119,4.517717962676069,3026.9999999999995,0
Sandstone,26.35247589134885,610.2832081903512,Dome,0.2866301301469175,1.4177301226290742,2572.0,1
Sandstone,12.04492831694629,657.5541115039567,None,0.264067136,1.3485038262284188,2499.0000000000005,0
Shale,23.22753443102013,734.6492876586271,None,0.3166730049572162,1.8588056061141462,3840.0000000000005,0
Shale,0.475555267,734.6490029198467,None,0.5247539386260373,2.1782889870325257,3752.0000000000005,0
Sandstone,17.988827053797642,425.4937370896542,None,0.1765012225180556,0.8524243194803555,783.0,0
Sandstone,18.555811761545566,286.5134269381637,Anticline,0.47972890077452524,2.8218923044438156,2934.0,1
Limestone,23.30409996419664,859.4734869040279,Anticline,0.15766059505334,1.9636078131903192,3039.4999999999995,0
Shale,25.542172436744217,933.4421236428268,Anticline,0.5938762253652211,3.545865896899714,853.0,0
Limestone,15.41882405131456,535.3691822962617,Anticline,0.3945716984632386,4.642249184721258,4611.0,0
Sandstone,24.577026363072605,588.517093,Fault,0.9882360298548316,4.246881376942287,2478.0,1
Sandstone,20.72854098803868,707.8247035766694,Dome,0.5556965087937408,1.6939325269177397,2474.7999999999997,1
Sandstone,17.442145097962086,572.3107056778439,Dome,0.4382092811112116,1.9510551440373733,1519.8,0
Shale,13.908662230303497,321.7005047481922,None,0.3491192701442519,3.2376833413559654,2398.0,0
Shale,12.308784088318395,423.6131429031028,Anticline,0.2349282632907515,2.0481408311994205,2999.9999999999995,0
Limestone,10.752323716679316,959.6665276359414,Anticline,0.7970839554491036,2.8510245657109468,3726.0,1
Limestone,4.483087755548826,764.6577887448992,Dome,0.8545050923182005,4.493685309489611,2637.0,1
Shale,0.1465339806075583,849.8137142582692,None,0.051515593,4.5917778858228315,2213.0,0
Sandstone,19.90087602044044,604.0284677931735,Anticline,0.413013288125442,4.555664053952283,2191.2,1
Limestone,5.502160458,63.95376209649546,Anticline,0.89249246,3.4126838768463523,3432.9999999999995,1
Sandstone,24.171143774436107,462.2737193594538,Dome,0.589431483,1.3094986780003697,4654.0,0
Shale,14.794379562302813,536.8389998850372,Dome,0.45499193864593984,2.4658412032803945,3569.0000000000005,0
Shale,11.397338632368744,299.6487803517005,Fault,0.36026413355722325,2.2776570797253712,1715.0,1
Shale,28.639204821486945,163.29775362299625,Anticline,0.6059057453155382,4.892096995533231,1199.0,0
Limestone,8.527177952549778,588.9975113,Fault,0.1579414856036813,0.2547554289683174,2500.333333333333,1
Shale,10.73883583598294,579.9146886074709,Fault,0.6162935561852966,2.3522315693681555,3424.0,0
Shale,10.228434049278292,636.8937791045696,Dome,0.042753537749293,0.28334238509325044,4242.0,0
Limestone,15.77265461216394,309.52448705941237,Fault,0.6570008866315482,1.42230579327909,2692.0,1
Limestone,11.46161647533171,620.3463251713711,Anticline,0.45050924640582185,4.107255515,2989.0535870055373,1
Sandstone,7.983238685078975,436.8136617981066,Anticline,0.1006443943119624,1.87579332292182,2671.9999999999995,0
Shale,12.649356247310802,99.33627433594476,Anticline,0.945117528887336,2.7579719932250693,2977.0,0
Sandstone,18.64281823421407,643.8806362,Dome,0.4842254340297414,0.4706575011835529,1459.0,1
Limestone,3.3446306351634583,478.7024430128539,Fault,0.4983579342944377,0.6410447599415541,3351.0,0
Limestone,8.168569821244025,846.2203536553466,Anticline,0.3091925993094502,4.844764943266464,4820.0,1
Limestone,8.864037738802779,795.4213699438524,Fault,0.5141705467076019,4.035395781,4839.0,0
Limestone,21.20513567341624,367.6262738148654,None,0.4525289066993148,2.745640904846676,3751.0000000000005,0
Sandstone,24.3918839164236,179.70457079341378,Fault,0.6989423919685712,3.4585170893767296,1697.7532225069808,1
Shale,27.276971293845044,271.6857464418211,Dome,0.47380210138933015,0.041466547,3717.4,0
Limestone,19.556211890333678,264.15758363555426,Fault,0.2086055520348674,0.3810948419429033,3284.0000000000005,0
Limestone,15.630313001769414,532.9769319630751,Fault,0.1194814283730788,3.244910991189221,2265.9999999999995,0
Shale,5.415546851772708,225.68106458127056,Anticline,0.091349227,1.0823543164481015,3280.0,0
Limestone,7.642461220101566,991.44025986653,Dome,0.8244615590929387,2.1150847621940656,4716.0,1
Limestone,13.335561451860583,559.6274231950766,None,0.6179981421042179,3.1091979324700962,2477.0,0
Limestone,6.196032119160192,466.83668699191566,None,0.3354249075038966,1.2940293925094617,3820.0,0
Shale,8.749306303947476,710.7142916703932,Fault,0.1038913544143139,3.0372329475521953,1170.0,0
Sandstone,0.5559370078299986,255.35471996601052,None,0.4169886032835049,3.694217546272632,1696.3335385107418,0
Sandstone,8.578063030809576,365.49814470994164,Anticline,0.5910475548566881,0.094994728,2042.0,0
Limestone,12.604123422765856,425.2065286305006,Anticline,0.0311623532005033,4.101806741979125,2605.0,0
Limestone,25.888921394264266,356.480327402214,Fault,0.4271956027974696,1.0162238171635651,3133.6000000000004,1
Shale,14.506109916908802,530.9034546727479,Anticline,0.03976637,1.353240066090104,3789.0,0
Limestone,1.8734259359252243,876.9561959174257,Fault,0.3861958209102295,1.7708436983319635,4916.0,0
Sandstone,15.68192034170564,543.0260605372627,Dome,0.036296278,0.6609196516904825,3907.0,0
Sandstone,19.545470499866774,987.22724037631,Anticline,0.035071279,2.593987437480739,3911.0,0
Shale,16.63070043649107,330.2691926847717,Anticline,0.6053856080126564,3.3288953648004123,2628.3999999999996,0
Shale,18.11390975787288,739.868361,Anticline,0.3190440313536626,3.757536802854549,3544.0,0
Shale,18.41938368820181,179.48414253376384,Fault,0.3539108246830671,3.465148344491846,2491.0,0
Shale,12.34123714237768,873.9479993410911,Fault,0.4333204589626509,4.0564679952297835,4881.0,0
Limestone,28.20662416713855,764.6579673703475,Dome,0.32464739,0.8630161462056485,2455.0,0
Limestone,17.284779894778985,50.00930904123458,Dome,0.2347375812130953,1.762016491004735,3297.5,0
Limestone,22.057536489203805,600.9232973065414,Dome,0.4359491504351223,3.1379911985435176,2213.4,0
Limestone,23.195505037762747,483.0285575569968,Fault,0.7327402143357924,1.7708436983319635,2705.0,1
Sandstone,4.215219093257798,445.6659237,Fault,0.9344306600118266,4.945927642637952,1595.0,0
Sandstone,17.08512026044927,735.2881749799924,Dome,0.33459245360965834,3.3133343111237474,4956.0,0
Limestone,10.529309536252086,659.7195496728634,Anticline,0.4082974381575707,4.5535707132902905,3839.3333333333326,1
Sandstone,0.4722873898703095,746.1463728004168,Anticline,0.6191600246627044,3.1249023665487985,4299.0,1
Shale,5.103462519278445,817.1407297,Fault,0.150019361789862,3.215007215880639,2680.0,0
Sandstone,15.183368349485214,511.5244196266536,Fault,0.9566118541638586,3.2544198007496017,2161.0,1
Shale,1.244975015492383,913.5974559,Anticline,0.1486888723949803,3.545864442531822,3800.0,1
Limestone,17.306498249308373,287.6166453631901,Anticline,0.9511270322673776,3.3285812466998363,2874.0,0
Sandstone,20.66431510769961,288.83700372583706,Anticline,0.36103750775176907,1.5501266547954569,2754.3333333333335,1
