Rock_Type,Porosity,Permeability,Trap_Type,Seismic_Score,Proximity_to_Oil_Field,Estimated_Reservoir_Depth,RQI,FZI,Reservoir_Quality,Compaction_Factor,Hydrocarbon_Potential,Normalized_Depth,Depth_Adjusted_Perm,Oil_Presence
Limestone,17.667992248366925,834.2774716830587,None,0.7059325391660635,2.431354554240388,2228.0,0.21577012154504654,0.00012212486767702226,14740.007902683437,1.060429208060921,1.7163722940878896,0.4456,374.4512889062202,1
Limestone,27.66575784153853,578.1580343906811,None,0.5458064856189166,2.6061575229330955,1610.0,0.14354287653730277,5.188467178794628e-05,15995.18017359249,1.0433105588978056,1.422457678561414,0.322,359.10436918675845,0
Sandstone,28.85594623043996,404.79068472927247,None,0.1675304883042765,1.1431362932448643,2344.0,0.11760539445637713,4.075603465476239e-05,11680.618233130861,1.0636735884520487,0.19151018140565274,0.4688,172.6922716421811,0
Sandstone,0.4109565122674363,887.8366734954275,Dome,0.026851954,2.6735317963985428,2800.0,1.4594803587096945,2.0919425172950423,364.86226280280346,1.07652385244407,0.07178955281443104,0.56,317.08452624836696,0
Shale,16.490538409697347,562.2888023922533,None,0.500169229,2.0644401493267903,2772.5,0.18335465817935703,0.00011118779364507248,9272.445093192175,1.0757445111603952,1.0325694378054258,0.5545,202.8093065436441,0
Shale,16.654791893704644,979.1547836002072,Anticline,0.044456614,4.927771473864251,3556.0,0.24076076680244096,0.00014455945672515205,16307.619152586856,1.098171185544409,0.21907203429379407,0.7112,275.35286377958585,1
Limestone,8.342985451990693,384.0118223933495,Fault,0.4785086131694892,0.4393391793391438,2837.0,0.2130302134051076,0.000255340506861698,3203.805047620149,1.0775733116567499,0.2102275814165952,0.5674,135.3584146610326,0
Shale,13.11154565526563,263.80664411970764,Fault,0.3750412944949018,4.602918595445432,2837.0,0.14084634031184023,0.0001074216145182517,3458.912858537959,1.0775733116567499,1.7262845484905103,0.5674,92.9878900668691,0
Shale,10.309874078054525,384.00204698571395,Fault,0.500169229,0.6728042533643175,867.0,0.19163275237774832,0.00018587302902724635,3959.012750137888,1.0230948454596374,0.33651598467315136,0.1734,442.9089353929803,0
Sandstone,28.418999982602006,728.1063284167923,Anticline,0.1943209733839072,4.097615610479682,2741.0,0.15893613771784684,5.5926013517416834e-05,20692.05373460923,1.0748525043845978,0.7962526539815049,0.5482,265.6352894625291,0
Limestone,10.87947043827561,33.59159718497384,Fault,0.7515463074381062,2.480208479564591,2909.0,0.05517484181804401,5.071463921987475e-05,365.4587885483851,1.079618435924743,1.8639915244934482,0.5818,11.547472390846973,1
Limestone,8.582697660937818,734.7339174894475,Fault,0.4785086131694892,2.480208479564591,989.0,0.29052451532901724,0.0003385002324517069,6305.999075048361,1.026387166319498,1.1868011199276598,0.1978,742.9058821935769,1
Shale,12.221468373574211,383.99419233187365,Anticline,0.002468503,3.759427143094821,3371.0,0.17600713835816725,0.0001440147230906701,4692.972877220167,1.0928339931420108,0.009280157181010995,0.6742,113.91106269115208,0
Sandstone,14.973259743228196,634.1815908237148,Fault,0.4814464104827508,4.130235932686231,4155.0,0.2043517138544993,0.00013647777261522454,9495.765683777145,1.1156316317647388,1.9884872642386622,0.831,152.63094845336096,1
Limestone,21.51361705416581,481.2427330125042,Fault,0.4785086131694892,2.480208479564591,2837.0,0.14850976928908424,6.903059067899853e-05,10353.271868131173,1.0775733116567499,1.1868011199276598,0.5674,169.6308540756095,1
Sandstone,27.100080195681155,415.34959468715306,Fault,0.262535695495924,2.480208479564591,2837.0,0.12292812445830074,4.536079730047861e-05,11256.007325265511,1.0775733116567499,0.6511432581573781,0.5674,146.40450993554919,0
Limestone,14.082955585116128,989.5304395413664,Fault,0.1510131174271062,1.1960002058466537,2837.0,0.26320693167738146,0.00018689750889760477,13935.513230181503,1.0775733116567499,0.1806117195283639,0.5674,348.7946561654446,0
Sandstone,10.323186536325814,286.0760246118568,None,0.972293584,0.565441445,916.0,0.16529643672406732,0.00016012152463041606,2953.216165638732,1.0244159001431998,0.5497750891011889,0.1832,312.3100705369615,0
Sandstone,24.68108765151619,926.2819662,Fault,0.5663996947604685,3.502660577959986,2837.0,0.19236192093737256,7.793899671417257e-05,22861.64639780096,1.0775733116567499,1.9839058822060622,0.5674,326.5005168135354,0
Sandstone,16.793871665392928,383.97951620395236,Anticline,0.3683973702210215,2.5658539647403695,889.0,0.15014409673437704,8.940409914158058e-05,6448.50271726884,1.0236877611893451,0.9452538529815337,0.1778,431.92296535877654,0
Sandstone,24.16577740728171,930.5987384063446,Dome,0.4814464104827508,4.622035604,2800.0,0.1948545235357366,8.063242504129929e-05,22488.641967824904,1.07652385244407,2.225262450669273,0.56,332.35669228798025,1
Shale,12.704460277479985,268.5770756383549,Anticline,0.3998664630365941,0.9394875997220088,618.0,0.1443730091819901,0.0001136396242175724,3412.1267888892176,1.0164080091178223,0.3756695835675792,0.1236,434.5907372788915,0
Limestone,24.56240431152575,383.9619601210955,Fault,0.4785086131694892,2.480208479564591,2837.0,0.12414759483482163,5.054374696395914e-05,9431.028904740275,1.0775733116567499,1.1868011199276598,0.5674,135.34083895703048,1
Limestone,27.45501413923665,85.54256832457025,Anticline,0.0424307372486445,4.491105152302406,1853.0,0.055425542787480006,2.018776697997397e-05,2348.5724228576933,1.0500084610176135,0.19056090267337694,0.3706,46.164364988974775,0
Shale,22.04277866548136,467.3440950980539,Anticline,0.500169229,0.9246253835458446,3171.0,0.14458220972578217,6.559164428402831e-05,10301.562448866074,1.0870932307434567,0.4624691652019544,0.6342,147.38066701294667,0
Shale,15.881718640426003,818.0587612502019,Fault,0.40116516,2.480208479564591,2837.0,0.2253580879743321,0.00014189779650213425,12992.179077511137,1.0775733116567499,0.9949732315378859,0.5674,288.35345831871757,1
Limestone,19.19325604711268,383.97334960102853,Fault,0.4785086131694892,2.480208479564591,2837.0,0.1404448636296196,7.317406868583266e-05,7369.698814160052,1.0775733116567499,1.1868011199276598,0.5674,135.3448535780855,1
Limestone,8.677317084590046,384.01000790731615,None,0.4785086131694892,4.474661893329106,3630.0,0.20888544790133323,0.0002407258440195653,3332.176602267713,1.1003133538222298,2.1411642569792715,0.726,105.7878809662028,0
Shale,23.646027896001183,873.5996978849483,Anticline,0.05055571,0.7842682618428609,2741.0,0.19085642597368427,8.071394773494296e-05,20657.162826125696,1.0748525043845978,0.03964923880793174,0.5482,318.715686933582,1
Limestone,14.082955585116128,805.2062877826419,None,0.4785086131694892,1.5914257655823412,2772.5,0.23743039885169434,0.0001685941544136003,11339.68438769918,1.0757445111603952,0.7615109360509987,0.5545,290.4260731407185,0
Sandstone,6.939425467868805,775.5227203791055,Dome,0.9464028250221004,0.6530452377138107,2800.0,0.33194425232220576,0.00047834543919981104,5381.682116709663,1.07652385244407,0.6180438578395796,0.56,276.9724001353948,1
Limestone,25.654960349144183,383.9599506146424,Anticline,0.4785086131694892,3.5295905529913747,4751.0,0.12147500839799419,4.734952100678123e-05,9850.47730867801,1.1332801541596986,1.6889394805680333,0.9502,80.81665977997103,0
Shale,10.616254655867069,384.0006946636072,Fault,0.8837599988343822,2.480208479564591,1979.0,0.18884695618224687,0.00017788472705661848,4076.6491625787085,1.0534983583964421,2.191909043009028,0.3958,194.03774364002385,0
Limestone,14.082955585116128,383.98764562686114,None,0.4785086131694892,2.080402385844163,2772.5,0.1639613060583296,0.00011642535195638591,5407.6809585963965,1.0757445111603952,0.9954904604847872,0.5545,138.49869995558564,0
Sandstone,1.3574756705666358,490.9560134610545,None,0.5668191233856312,2.742432230479576,2772.5,0.597152029516604,0.0043989888177321185,666.4608435917672,1.0757445111603952,1.5544630328249345,0.5545,177.08061802021805,0
Sandstone,10.523328690309365,384.00110065768257,Anticline,0.4814464104827508,4.590473966002695,2741.0,0.18967902775064682,0.0001802462256313602,4040.9697996613654,1.0748525043845978,2.2100672133465142,0.5482,140.09525744534204,1
Limestone,14.082955585116128,383.98764562686114,None,0.4785086131694892,2.677574508,2772.5,0.1639613060583296,0.00011642535195638591,5407.6809585963965,1.0757445111603952,1.2812424644810576,0.5545,138.49869995558564,0
Sandstone,27.562419144127546,449.1646395768422,Fault,0.8214021435154072,2.480208479564591,2837.0,0.12675752805389245,4.5989260736171426e-05,12380.064060737905,1.0775733116567499,2.0372485614794438,0.5674,158.3238066890526,1
Sandstone,13.607184288455244,403.8571608012647,Fault,0.093827307,2.480208479564591,2818.0,0.17106430946841247,0.000125716170106955,5495.3588132351115,1.077034272441009,0.23271128243611008,0.5636,143.31339985850414,0
Sandstone,1.7844048932516865,680.0608172985144,Anticline,0.1274218279575865,1.978923909869468,4066.0,0.6129948443309702,0.003435290088304575,1213.5038500962103,1.1130198880429254,0.25215810198454175,0.8132,167.25548876008716,0
Limestone,4.7534411156971785,514.9651624888995,Dome,0.8303256805947012,4.261122900390785,2800.0,0.3268244310771048,0.0006875533389860244,2447.8565765264134,1.07652385244407,3.538119772364646,0.56,183.91612946032126,0
Shale,10.589449256588672,384.0008114106516,Dome,0.6986102220544285,2.638647166213336,1883.0,0.18908585091958172,0.00017856060909110448,4066.357106921971,1.0508383389214624,1.8433858827115872,0.3766,203.93033001096737,0
Shale,13.10273453541225,383.9909770907384,Fault,0.500169229,1.1534806172432643,2371.0,0.16998444701161777,0.00012973203918022414,5031.3318368135115,1.0644301689283442,0.5769355109930077,0.4742,161.95317464813934,0
Shale,10.49410063534738,945.4210062567576,Anticline,0.785467266,2.5658539647403695,2307.0,0.29803664065965746,0.0002840039856829444,9921.343182429799,1.0626376663160697,2.0153942986398787,0.4614,409.80537765789234,0
Sandstone,10.365683641494343,384.00179768137036,Fault,0.4814464104827508,4.955003200466857,1072.0,0.19111611202713888,0.00018437386151945798,3980.441152530201,1.0286330776679404,2.38556850479531,0.2144,358.2106321654574,0
Shale,14.082955585116128,860.8659355444238,Dome,0.6703759104353387,0.1702469077678126,2800.0,0.24549943945053213,0.00017432380437952487,12123.536735011563,1.07652385244407,0.11412942579364851,0.56,307.4521198372942,0
Limestone,19.49856294497668,383.9726208634702,Fault,0.4785086131694892,4.120968983332601,2837.0,0.13934085618498326,7.146211573549885e-05,7486.914317054039,1.0775733116567499,1.9719191531289626,0.5674,135.3445967090131,0
Sandstone,8.231538156077624,384.0124434396403,Anticline,0.3645701572242519,2.5658539647403695,3676.0,0.21446765288740677,0.00026054383618334806,3161.013080582,1.1016470775413747,0.9354337833398666,0.7352,104.46475610436352,0
Sandstone,16.723229014907997,301.5053549243487,Fault,0.4003445182163753,2.054822582002169,2929.0,0.13332668909817752,7.972544595264638e-05,5042.143099621002,1.08018721452004,0.8226369566117866,0.5858,102.93798392773941,0
Limestone,10.953352660071467,543.6677761516655,None,0.8539461723304547,3.5618385169913642,3166.0,0.22121924665589798,0.00020196487187189188,5954.984882105984,1.0869500987285927,3.0416183680439586,0.6332,171.72071261897204,1
Sandstone,24.51321297500284,383.96205268789527,Dome,0.4814464104827508,1.4925169527352444,2800.0,0.12427211257638131,5.06959706600301e-05,9412.143571857638,1.07652385244407,0.7185669294790368,0.56,137.12930453139117,1
Shale,22.89450173236684,383.96520713543913,Dome,0.8182675681595905,2.634577229,3786.0,0.12859082610466252,5.616668473848842e-05,8790.692099930904,1.1048429757709541,2.1557891023024625,0.7572,101.41711757407266,0
Shale,3.403865751197221,384.0532258721967,None,0.2329575268227728,0.2641072144222833,916.0,0.33353325756979185,0.0009798660756596533,1307.265622183181,1.0244159001431998,0.06152576348786687,0.1832,419.27208064650296,0
Sandstone,2.3694179809869507,384.0699577299903,None,0.036851821,1.110555463,4928.0,0.3997734765353997,0.0016872222619365755,910.0222638023371,1.138574980256299,0.04092599113304812,0.9856,77.93627389001426,0
Limestone,14.082955585116128,65.94048392,Anticline,0.3549232709728912,2.5658539647403695,2741.0,0.06794520421159521,4.824640949901492e-05,928.6369063064243,1.0748525043845978,0.9106812820044135,0.5482,24.057090083910982,0
Sandstone,27.349160692059105,329.9445653009475,Anticline,0.9533860725310008,1.6503539641449605,3211.0,0.10906317492048331,3.9878070171327076e-05,9023.706935887201,1.0882389655968467,1.573424484162132,0.6422,102.75445820646138,1
Sandstone,23.780777185481337,383.96345338059814,Fault,0.4814464104827508,0.9466847258948884,4196.0,0.12617158845715828,5.305612489998379e-05,9130.949332211956,1.1168368556708466,0.4557779631409408,0.8392,91.50701939480413,1
Sandstone,10.783938655618307,963.8790087422656,None,0.4814464104827508,1.9811137006628776,2574.0921629774202,0.2968603566588313,0.0002752800865611105,10394.412101714774,1.0701383905164,0.9538000799423412,0.5148184325954841,374.453961907626,0
Sandstone,23.449063363296315,492.220860916582,Fault,0.7496685021052901,2.480208479564591,2837.0,0.14386226903435184,6.135096605160465e-05,11542.118156369193,1.0775733116567499,1.8593341757840258,0.5674,173.5004797027078,1
Limestone,14.082955585116128,383.98764562686114,Fault,0.4785086131694892,2.480208479564591,2837.0,0.1639613060583296,0.00011642535195638591,5407.6809585963965,1.0775733116567499,1.1868011199276598,0.5674,135.34989271302823,1
Limestone,3.216671826254624,384.0558383413048,None,0.093585341,1.280756023,2772.5,0.3431021632119453,0.0010666371384594772,1235.3815949010757,1.0757445111603952,0.11985998915025883,0.5545,138.523296065394,0
Limestone,1.4117513838005669,384.0938749700732,Anticline,0.1276023083151414,2.5658539647403695,2732.0,0.5179278062730086,0.0036686899139329932,542.2450594983228,1.074597781186995,0.3274088887004286,0.5464,140.59073022330645,0
Limestone,10.287363560265797,981.8954190562532,Dome,0.4785086131694892,1.3635980492912108,784.0,0.3067681172175818,0.0002981989655760312,10101.115153991213,1.0208610262544837,0.652493411486958,0.1568,1252.4176263472616,1
Shale,10.230605167681016,384.0024034140418,Fault,0.500169229,4.172744499574079,2837.0,0.1923738148369945,0.0001880375712716515,3928.5769727696265,1.0775733116567499,2.087078399165958,0.5674,135.3550946119287,0
Limestone,1.3920865804537697,209.87575731657128,Fault,0.3717660508266061,4.854603534973963,2837.0,0.38554729701463974,0.002769564066115524,292.16522532297097,1.0775733116567499,1.8047767845261518,0.5674,73.97806038652494,0
Shale,10.275179616781255,91.0235193,Anticline,0.6228761490206036,2.5658539647403695,739.0,0.09345698115392961,9.095410945546608e-05,935.2830101590553,1.0196519591328066,1.598209236506729,0.1478,123.17120338294994,0
Shale,2.68698072948932,384.0641485975727,Fault,0.9651525524330384,0.9849652791947028,2837.0,0.37540431185943135,0.0013971232012921046,1031.9729661694005,1.0775733116567499,0.9506417532726877,0.5674,135.37685886414263,0
Limestone,18.34939258169977,383.9754257890875,Anticline,0.4785086131694892,1.396037694821342,581.0,0.14363838622614009,7.827964091268809e-05,7045.715829529294,1.0154181193929455,0.668016061281291,0.1162,660.887135609445,1
Limestone,1.442769312361063,384.0928711000096,None,0.3238960277710513,2.3309790261852106,4353.0,0.5123294526634766,0.0035510143463272016,554.1574075197473,1.1214640323924472,0.7549948473990231,0.8706,88.23635908569024,1
Sandstone,1.1309317474455838,384.10411963067537,Anticline,0.3824577834543116,2.5658539647403695,3603.0,0.5786766155376786,0.005116812900908703,434.39554321496723,1.0995312681339342,0.9813308200220591,0.7206,106.60674982810862,0
Limestone,9.592295862230849,661.5721498786039,None,0.924428752,0.8397710218370713,4839.0,0.2607696070315024,0.00027185317339748535,6345.995795847699,1.1359095251259221,0.7763084776826086,0.9678,136.7167079724331,0
Limestone,1.712842815296518,799.1659376312119,Dome,0.4785086131694892,2.987010477696605,3501.0,0.6782493330635363,0.003959787360558952,1368.8456345013267,1.0965817356750303,1.429310241205336,0.7002,228.2679056358789,1
Shale,11.078676051004443,383.9987257786946,Anticline,0.8438589879562556,3.038809915092034,3598.0,0.18486326024324454,0.00016686403627307435,4254.197486900646,1.0993864984661972,2.5643270595409984,0.7196,106.7256047189257,0
Sandstone,14.339986351629342,823.2724847,Dome,0.9088747762369326,4.785082165674167,2800.0,0.2379178789530165,0.00016591220738922373,11805.716194269975,1.07652385244407,4.349040482602446,0.56,294.02588739285716,1
Sandstone,28.26473751,975.8762272642452,None,0.528607823,1.3218214234291292,2191.0,0.18450347025412503,6.527690914831532e-05,27582.885405872996,1.0593964456588125,0.6987251450336331,0.4382,445.40220322421055,0
Shale,14.082955585116128,86.54360149780703,Fault,0.933811275,0.3540450002631073,2837.0,0.07783953366799425,5.527215732346739e-05,1218.789696069606,1.0775733116567499,0.33061121310306757,0.5674,30.50532305174728,0
Limestone,8.188499841944635,425.2543334060401,None,0.789180652,1.5606939583163577,2772.5,0.22628295916800437,0.0002763423869276962,3482.1950418816305,1.0757445111603952,1.231669475596564,0.5545,153.38298770280977,0
Shale,25.749912953427742,161.88516874571937,Anticline,0.9116078569574888,1.09191065128162,4376.0,0.07873091460259828,3.057521582499869e-05,4168.529003653235,1.122143507105914,0.9953943288038934,0.8752,36.993868543354516,0
Limestone,14.082955585116128,846.5887411309996,Fault,0.4785086131694892,2.480208479564591,2837.0,0.24345516207464388,0.000172872207544235,11922.471640207243,1.0775733116567499,1.1868011199276598,0.5674,298.409848830102,0
Sandstone,3.5103517457383857,384.0518031555667,Fault,0.4814464104827508,2.480208479564591,1117.0,0.32843485055593735,0.0009356180643568318,1348.1569176611183,1.0298527942813773,1.1940874697352533,0.2234,343.8243537650552,1
Sandstone,14.082955585116128,383.98764562686114,Fault,0.4814464104827508,4.379370293002227,2837.0,0.1639613060583296,0.00011642535195638591,5407.6809585963965,1.0775733116567499,2.1084321077407147,0.5674,135.34989271302823,0
Limestone,2.482149104612147,658.9638864541313,Anticline,0.4785086131694892,4.403783073716316,2408.0,0.5116188322240868,0.0020611929850363714,1635.6466207338626,1.0654678385020375,2.107248131303265,0.4816,273.65609902580206,1
Sandstone,0.5511496361431323,53.40803241908207,Dome,0.4814464104827508,3.0007201921625697,2800.0,0.30909940912347356,0.2517272500148828,29.435817634897695,1.07652385244407,1.4446859653797792,0.56,19.074297292529312,0
Limestone,13.420516470168767,444.2715538511193,Fault,0.0309809532778618,3.275584650696701,2837.0,0.1806630287651566,0.00013461704634597026,5962.353705686417,1.0775733116567499,0.10148073502091576,0.5674,156.59906727216048,0
Shale,23.595776613107738,576.1738895646441,None,0.635897117,4.027688190407572,2772.5,0.15516340335406736,6.575897284426411e-05,13595.27038847275,1.0757445111603952,2.561195308455122,0.5545,207.8174534047409,0
Sandstone,3.427114157741875,767.1619974228103,None,0.4814464104827508,2.4443392314482524,3565.0,0.4697955547704615,0.0013708196842792354,2629.151742649249,1.098431496593617,1.176818348982927,0.713,215.1927061494559,0
Sandstone,10.832013960798754,383.99976555297735,None,0.4814464104827508,1.9448582065412667,2743.0,0.18695647980058025,0.0001725962323139344,4159.490821413299,1.0749091177388312,0.9363450024372132,0.5486,139.99262324206248,1
Shale,6.771831715173823,277.7208206362613,None,0.6183533789785556,4.529201460711521,3078.0,0.2010855158102302,0.00029694405334918845,1880.678661148735,1.0844340576459952,2.800647027305579,0.6156,90.22768701632921,1
Shale,1.3930096644843692,95.67612070042756,Dome,0.500169229,0.3200392626465576,2800.0,0.2602282027675986,0.0018681004834515892,133.2777607960686,1.07652385244407,0.16007379124765722,0.56,34.17004310729556,0
Limestone,28.226288024841267,383.9555402223437,Anticline,0.1530848188414082,4.485118235163952,1041.0,0.11580924570129751,4.1028861322245644e-05,10837.6396670494,1.0277936689039946,0.6866035125123701,0.2082,368.8333719715117,0
Sandstone,3.183762556947073,384.0563132949852,Anticline,0.4814464104827508,2.5658539647403695,2741.0,0.34487107196798716,0.001083218568594154,1222.7441100277083,1.0748525043845978,1.2353211811471856,0.5482,140.11540069134813,0
Limestone,11.144578309783029,72.74276918015178,None,0.7422218355242104,4.798270978604871,3823.213972167623,0.08022186289605594,7.198286078319796e-05,810.687487598673,1.1059262739038076,3.561381493082657,0.7646427944335246,19.02660162619914,0
Shale,16.931861410169688,262.3631814855381,Fault,0.6395403505502881,1.820055276742264,1724.0,0.123602922618581,7.300019745279871e-05,4442.29702804433,1.0464474475897245,1.1639987897086492,0.3448,152.1828198872031,0
Limestone,14.082955585116128,800.6104516311846,Fault,0.3393125961930803,2.2949225346733444,2837.0,0.23675184434892962,0.0001681123276417529,11274.961431301736,1.0775733116567499,0.7786961233020169,0.5674,282.20319056439354,0
Limestone,11.658928368213084,383.9963683480156,None,0.4785086131694892,2.435525839508468,3869.0,0.18020377708280563,0.0001545628992576311,4476.9861522234805,1.1072605619011753,1.1654200918016528,0.7738,99.24951365934753,0
Shale,0.3148092341983333,384.1631953848846,None,0.500169229,2.5005076870000003,2772.5,1.0968918109100065,2.3874145300499685,120.9381213463002,1.0757445111603952,1.2506770019153635,0.5545,138.56201817308732,0
Limestone,22.55028516068758,799.9629800524445,None,0.4785086131694892,1.380931449627795,2772.5,0.18702022441488478,8.293474919817038e-05,18039.393318176055,1.0757445111603952,0.6607875928435285,0.5545,288.5348891081856,0
Limestone,11.630854645170205,439.4698314660326,Anticline,0.4785086131694892,3.5742338760508523,4532.0,0.19301380287378317,0.0001659498022820993,5111.409730718872,1.1267629964920503,1.7103016951725014,0.9064,96.97039529259324,0
Sandstone,14.082955585116128,383.98764562686114,Anticline,0.4814464104827508,3.199724676,2741.0,0.1639613060583296,0.00011642535195638591,5407.6809585963965,1.0748525043845978,1.5404959597932828,0.5482,140.09034864168592,1
Sandstone,20.22592868594789,30.76996396585368,None,0.4814464104827508,3.9011378203328735,1307.0,0.03872923387810926,1.9148309320904845e-05,622.3510968425428,1.0350186741669662,1.8781888003977643,0.2614,23.542436087110698,0
Shale,10.960855016441025,63.90843732496674,Fault,0.500169229,3.079180529258252,3192.0,0.07582048020397902,6.917387383580029e-05,700.4911158462685,1.0876945910543365,1.540111351270912,0.6384,20.021440264713892,0
Shale,11.056233773972137,383.9988194190702,Fault,0.7299256078573148,1.698923054401658,3521.0,0.18505080820592143,0.00016737237289750145,4245.580716426552,1.0971594510960452,1.240087443186936,0.7042,109.0595908602869,0
Sandstone,8.896127689,384.0088578491604,Anticline,0.4814464104827508,2.861539357278404,2741.0,0.2063002552320746,0.00023189893675555425,3416.191833133181,1.0748525043845978,1.3776778520168051,0.5482,140.09808750425407,1
Sandstone,14.082955585116128,383.98764562686114,Anticline,0.9482686497881704,2.5658539647403695,2741.0,0.1639613060583296,0.00011642535195638591,5407.6809585963965,1.0748525043845978,2.433118874697974,0.5482,140.09034864168592,1
Limestone,13.626432592957425,383.98916735520504,Anticline,0.6448478776969538,2.5658539647403695,2741.0,0.1666855868270295,0.00012232518356504983,5232.402505391549,1.0748525043845978,1.654585483643142,0.5482,140.09090381437616,1
Shale,0.1174231720617191,384.20875844047634,Anticline,0.068410485,3.226329795332583,2741.0,1.7961242415126448,13.500040987004425,45.11501114997552,1.0748525043845978,0.22071478606865272,0.5482,140.17101730772578,0
Sandstone,7.597584508971487,384.01614448504347,Fault,0.3812351856571038,2.480208479564591,3730.0,0.2232372273333635,0.00029382658010550244,2917.5951105345225,1.103214816186723,0.94554274017513,0.746,102.9533899423709,0
Sandstone,5.076091550317554,384.0347692226062,Fault,0.9116035178596232,4.583906123905556,2837.0,0.27311792094588067,0.0005380476656863975,1949.3956470790233,1.0775733116567499,4.178704948090575,0.5674,135.366503074588,1
Shale,5.833429332950658,384.0283468727418,Anticline,0.500169229,0.2254598595568901,2741.0,0.25477060530163204,0.00043674242158473923,2240.202223332002,1.0748525043845978,0.11276808412501801,0.5482,140.10519769162414,0
Limestone,11.34797645343319,383.99761668922963,Dome,0.6728679604557496,0.1689407771725964,4510.0,0.1826563182818594,0.0001609593737098379,4357.595912363842,1.1261103800111256,0.1136748361739342,0.902,85.14359571823273,1
Limestone,20.68749196599689,383.9698877980387,Fault,0.5020576469023181,1.266669603204824,2837.0,0.13527710802734846,6.539077247725215e-05,7943.373969006653,1.0775733116567499,0.6359411603877069,0.5674,135.3436333443915,0
Sandstone,19.84343449839304,118.15449778435668,Anticline,0.6014901356630435,2.5658539647403695,2741.0,0.0766207425258445,3.8612641643284785e-05,2344.5910374744076,1.0748525043845978,1.543335849343243,0.5482,43.10634723982367,1
Shale,18.471781603355183,354.0160900822093,Dome,0.500169229,1.546047661591784,3891.0,0.1374632970099534,7.441799603400726e-05,6539.307900072285,1.1079022543180121,0.7732854668956156,0.7782,90.98331793426094,0
Shale,11.261048165975172,383.9979717920869,Fault,0.500169229,0.0340997250127639,4218.0,0.18336004433777675,0.000162826800520925,4324.2196559874665,1.1174840978519438,0.017055633168746136,0.8436,91.03792598200259,0
Shale,16.422445211391775,852.2956000522116,Fault,0.500169229,0.5631636020574088,3885.0,0.22620690643838964,0.00013774252465246554,13996.777795767723,1.1077272104235434,0.281677104641917,0.777,219.38110683454613,0
Sandstone,11.494451572382133,658.5043140498072,Anticline,0.7897302916754999,2.5658539647403695,4997.0,0.2376647829104282,0.0002067647868311251,7569.145948050224,1.1406457601767996,2.0263325999711497,0.9994,131.7799307684225,1
Shale,11.028027030353817,383.9989373816538,Fault,0.500169229,2.480208479564591,3424.0,0.1852873407707278,0.0001680149497827112,4234.75066107202,1.0943603699642463,1.2405239629830838,0.6848,112.14922236613721,0
Sandstone,2.0940196384388674,743.1559152843336,Anticline,0.4814464104827508,1.4104653840781969,2741.0,0.5915333604943911,0.002824870166620743,1556.1830810274057,1.0748525043845978,0.6790634962746223,0.5482,271.1258355652439,1
Sandstone,9.098488182135814,21.471554831096483,Dome,0.4814464104827508,1.4733356084573574,3596.0,0.04823660988776493,5.301607137598291e-05,195.3586878828125,1.099328595936346,0.7093321401282143,0.7192,5.9709551810613135,0
Limestone,11.47453381747783,970.2175365819662,Dome,0.4618422923253076,2.518039269,3610.0,0.2887331726939141,0.00025162954529282946,11132.793933819805,1.0997339776961645,1.162937028160102,0.722,268.7583203828161,1
Shale,11.155673622812714,383.99840594225924,Anticline,0.500169229,4.789580434201964,3861.0,0.18422410654091698,0.00016513938357266857,4283.7608883721905,1.107027311363964,2.395600753008282,0.7722,99.45568659473173,1
Sandstone,28.541905859373184,35.845425514207626,Anticline,0.960862816,2.5658539647403695,4539.0,0.03518884671929968,1.2328835675051334e-05,1023.0967605156877,1.1269707264951667,2.4654336660051963,0.9078,7.897207647985818,1
Shale,24.99102792,383.9611613084574,None,0.6588872657669321,0.5210321876892565,2772.5,0.12307822844311467,4.924896600376199e-05,9595.584102455283,1.0757445111603952,0.3433014735231372,0.5545,138.48914745120194,0
Shale,10.83686443201911,383.99974487907525,Dome,0.9211471375918332,2.638647166213336,2760.0,0.18691463016879775,0.00017248036213919128,4161.353177184463,1.0753904516587247,2.4305822842722167,0.552,139.13034234749105,0
Sandstone,1.680069268170005,511.20257365808624,Fault,0.1127305321295289,1.9323037207439704,2837.0,0.5477250075186643,0.0032601334831585077,858.855733812364,1.0775733116567499,0.2178296266753364,0.5674,180.1912490863892,0
Sandstone,10.89036318124487,989.1900540345654,Anticline,0.5562377257002904,2.4336402408483155,2947.0,0.299259769419453,0.0002747931950835498,10772.638943711654,1.0806993714531885,1.353682512742174,0.5894,335.66001154888545,0
Sandstone,24.129141388665506,239.6898882607808,Dome,0.9973573486647108,4.294228598346688,2250.0,0.09896544240344583,4.101490426424131e-05,5783.511203277816,1.061043760231222,4.28288044940723,0.45,106.52883922701369,1
Sandstone,24.745613024613107,114.36016398981168,Dome,0.4814464104827508,2.638647166213336,2800.0,0.06750219951423252,2.7278451112563576e-05,2829.912363523175,1.07652385244407,1.270367206703893,0.56,40.842915710647034,0
Limestone,14.31144675538064,383.98690242481615,Fault,0.8915732810387438,4.403415235255876,1089.0,0.16264701005400822,0.00011364819562554585,5495.4081088162975,1.029093689624091,3.925967369073073,0.2178,352.6050527316953,1
Sandstone,9.738275055304848,384.00468097462505,Dome,0.6094464071756721,1.874549190044989,2434.0,0.19717728792214162,0.00020247660576677885,3739.5432058554875,1.066197616833186,1.1424372689469848,0.4868,157.7669190528451,1
Shale,2.151952134447251,384.0744041765829,None,0.85030881,3.55092643,1218.0,0.41948943481872675,0.0019493437056697198,826.5097338543538,1.0325956489969652,3.0193840270908483,0.2436,315.3320231334835,1
Shale,11.14040744219981,383.9984691798603,Fault,0.1640217446287633,2.5359594400906564,3809.0,0.18435030362498167,0.0001654789598867485,4277.899403844651,1.1055123800877262,0.4159524916714512,0.7618,100.81346001046477,0
Sandstone,28.82488251240565,383.9545712564701,Dome,0.4814464104827508,4.292051269,1487.0,0.1146003110581836,3.975742520680246e-05,11067.445406568835,1.0399365664309088,2.0663926770679852,0.2974,258.20751261363154,1
Limestone,28.16630925426819,383.9556384424998,Anticline,0.2701470804941095,2.5658539647403695,3929.0,0.11593250000359982,4.115998974414156e-05,10814.613252291432,1.1090115081700098,0.6931579575488467,0.7858,97.723501766989,0
Shale,26.33541933049693,103.2979494462052,Fault,0.7727564386560676,3.803879566692749,2837.0,0.062187826662569216,2.3613759812267163e-05,2720.3948146462867,1.0775733116567499,2.939472427034074,0.5674,36.41097971314952,0
Limestone,10.930876387650667,383.9993459945946,Fault,0.061113576,1.0677837074784102,3088.0,0.18610900998463098,0.00017025991639141636,4197.449384005613,1.0847196778442276,0.0652560807585436,0.6176,124.35211981690239,0
Sandstone,8.232351630011255,712.4795365249507,Dome,0.5717191004250424,2.2527738065388543,2800.0,0.2921150209669852,0.0003548378811979705,5865.382073860842,1.07652385244407,1.2879538141354923,0.56,254.45697733033956,1
Limestone,18.53599963,635.2013198232381,Anticline,0.7712572199178752,2.879768994014751,2741.0,0.18381347179804458,9.916566436511338e-05,11774.091429219054,1.0748525043845978,2.221042628329513,0.5482,231.7407222996126,1
Sandstone,29.843248637217183,383.9529681282843,Anticline,0.6212617559255493,2.5658539647403695,1899.0,0.11262780339931487,3.773979326729798e-05,11458.403892849912,1.0512812086261898,1.5940669395831346,0.3798,202.18692371157675,1
Sandstone,2.402685290134837,384.0693137552251,Dome,0.6607410387338439,2.638647166213336,2800.0,0.396995887607432,0.0016523008204089554,922.7976905518608,1.07652385244407,1.7434624694559135,0.56,137.16761205543753,1
Limestone,14.082955585116128,54.29564555531089,Fault,0.4785086131694892,1.001343030892115,2837.0,0.06165456583131792,4.3779564210568737e-05,764.6431648206512,1.0775733116567499,0.4791512650191189,0.5674,19.13840167617585,0
Sandstone,13.072030705299229,907.3584471020029,None,0.6838251043580197,4.690083632946352,2692.0,0.2616059164685781,0.00020012645499870694,11861.017481230007,1.0734664082347258,3.2071969297473792,0.5384,337.0573726233294,0
Shale,14.082955585116128,318.8545188,Anticline,0.5205739373148293,0.7160357775996862,2741.0,0.1494097817515811,0.00010609263151372003,4490.4140263739755,1.0748525043845978,0.3727495640033541,0.5482,116.32780693177672,0
Limestone,11.324093964024422,305.3311964612831,Dome,0.6445788958808689,2.638647166213336,4430.0,0.16304726028229308,0.0001439826098231601,3457.5991588755714,1.1237404139353162,1.700816277016976,0.886,68.92352064588785,0
Shale,6.911852145436932,470.33875432001815,Anticline,0.049478191,3.6707369854904655,1514.0,0.25902269083269613,0.00037475149262806176,3250.911928128952,1.040676262998812,0.18162142567886147,0.3028,310.6596792074096,0
Shale,22.722753101199743,383.96555483349243,Dome,0.1699424910749837,4.667940262081066,2292.0,0.12907594290704585,5.6804711265480744e-05,8724.75450184662,1.0622179853514635,0.7932813963272686,0.4584,167.5242385835482,1
Limestone,13.01334823221461,565.7373888,None,0.981816702354268,3.945450107062804,4058.0,0.207034424340972,0.00015909389393611802,7362.13764843819,1.1127854242719344,3.8737088134196958,0.8116,139.41286071956628,0
Limestone,12.119288499092509,18.30864578394136,Dome,0.9518083880692424,2.981668542313098,4047.0,0.038593947109789827,3.184506013919855e-05,221.88776028327905,1.1124631172310793,2.8379771290157976,0.8094,4.524004394351707,1
Limestone,13.507088600178518,383.9895735743704,None,0.5637751984296409,1.7668078577046198,816.0,0.16742044419109448,0.00012395005996250128,5186.581191813789,1.0217216794563095,0.9960824505644706,0.1632,470.5754578117285,1
Limestone,10.927998151785248,535.5853871657315,Anticline,0.2283104256251781,2.9538402978824143,3078.0,0.21982328888118688,0.00020115604507608335,5852.8761210703005,1.0844340576459952,0.6743925356383368,0.6156,174.00434930660543,0
Limestone,10.294138659316333,384.00211752063075,Dome,0.4785086131694892,1.7166546957621271,809.0,0.19177917709973005,0.00018629939176714638,3952.9710432284587,1.0215333495887557,0.8214340577600269,0.1618,474.6626916200627,0
Shale,8.183816780995373,726.8814131600938,Fault,0.6514787668852333,2.1808998470901213,2837.0,0.2959262433859287,0.0003615993017746129,5948.664306813206,1.0775733116567499,1.420809943082466,0.5674,256.21480900955015,0
Shale,14.082955585116128,383.98764562686114,Anticline,0.500169229,2.5658539647403695,2741.0,0.1639613060583296,0.00011642535195638591,5407.6809585963965,1.0748525043845978,1.2833611992707838,0.5482,140.09034864168592,0
Sandstone,1.610912357979205,868.5941164,None,0.6695972165770953,3.0119915909727824,1682.0,0.7291252412063997,0.004526163311088162,1399.228996176788,1.0452906559547517,2.016821185668992,0.3364,516.4055388822829,0
Limestone,14.082955585116128,383.98764562686114,Dome,0.5942535671999187,2.638647166213336,2800.0,0.1639613060583296,0.00011642535195638591,5407.6809585963965,1.07652385244407,1.568025491104232,0.56,137.13844486673614,0
Shale,29.896969688669472,256.8323378121853,Anticline,0.5055411497732909,2.5658539647403695,2741.0,0.09203243546900702,3.0783198574096965e-05,7678.508618641023,1.0748525043845978,1.2971447634852034,0.5482,93.70023269324527,0
Shale,8.014957877639697,594.8149744252639,Anticline,0.500169229,4.771288728729319,740.0,0.2705016836623601,0.0003374960764510211,4767.416965007824,1.0196788117275692,2.386451804784934,0.148,803.8040194935999,0
Shale,14.082955585116128,39.85691643457932,Dome,0.500169229,0.3975179160306902,2800.0,0.05282440224372501,3.750945738943721e-05,561.3031839078656,1.07652385244407,0.19882622957475707,0.56,14.234613012349758,0
Sandstone,10.966918363165838,383.99919398080095,None,0.7470540820893272,0.307437505,3213.0,0.18580290470449826,0.00016942125267253492,4211.287811908927,1.0882962840268624,0.22967244309760795,0.6426,119.51422159377559,0
Sandstone,10.849412845231337,219.52158278098892,Fault,0.6294785139623463,3.449729553067786,2837.0,0.14124241773415025,0.00013018438854617908,2381.6802800295754,1.0775733116567499,2.171530632637099,0.5674,77.37806936235069,0
Shale,11.192456813959485,8.776186298698189,Dome,0.2131785292232831,2.638647166213336,3986.0,0.02780480484925453,2.484244997450046e-05,98.22708613944242,1.1106774716837609,0.5625029220325428,0.7972,2.201752709156595,0
Sandstone,16.625629530143733,383.97998113740664,Dome,0.4814464104827508,2.638647166213336,2196.0,0.15090196327874453,9.076466127501877e-05,6383.908913382102,1.059535949347146,1.270367206703893,0.4392,174.85427192049482,1
Limestone,10.490082900621044,384.00124678015106,Dome,0.6694708988116058,1.0675739066455936,1525.0,0.18997939710981745,0.0001811038091019949,4028.2049126656243,1.0409777716795225,0.7147096628298429,0.305,251.8040962492794,1
Limestone,11.33274555324679,419.6556084423155,Anticline,0.5693469444930521,2.5658539647403695,4459.0,0.19107707956910167,0.00016860616756224516,4755.850230469727,1.124598949769161,1.4608611148403128,0.8918,94.11428760760609,0
Shale,3.425513407113965,384.0529330753753,Dome,0.7189729393064442,0.8743759230466708,4223.0,0.33247757278471785,0.0009705919471640139,1315.5784712911402,1.1176312506519586,0.6286526274516502,0.8446,90.94315251607277,0
Shale,10.919367990642883,383.99939463902126,Anticline,0.500169229,2.5658539647403695,3048.0,0.18620707014273072,0.00017052916460210597,4193.030698247573,1.08357764821622,1.2833611992707838,0.6096,125.98405335925894,0
Shale,21.92784108,383.96719911020773,Dome,0.70656634,4.027082253138323,2876.0,0.13139498009447165,5.992153063089951e-05,8419.571722021352,1.0786806059355458,2.845400768478898,0.5752,133.50737103971062,0
Shale,0.7233058022600047,138.62516646912113,Anticline,0.500169229,2.844929239822302,2741.0,0.43470007381202946,0.16629064471087965,100.26838724637436,1.0748525043845978,1.422946064441477,0.5482,50.57466854035794,0
Shale,10.520514822108147,384.00111300734727,Fault,0.8190320208363729,2.480208479564591,1635.0,0.18970439534412095,0.00018031854766790504,4039.8894010998224,1.0439976671481939,2.0313701631132948,0.327,234.86306605953962,0
Limestone,18.23588472242941,123.71713887824708,None,0.4785086131694892,2.435525839508468,2772.5,0.08178641330903405,4.484916117529523e-05,2256.0914827725037,1.0757445111603952,1.1654200918016528,0.5545,44.6229536080242,0
Limestone,0.7489866636017151,56.69384887185768,Dome,0.3871308932722845,0.1556007285162419,3906.0,0.27318734444073667,0.09155525741953911,42.46293671327254,1.1083399850787354,0.06023784902431096,0.7812,14.514554242667097,0
Sandstone,17.760505283671886,383.97693202401825,Dome,0.4712369928003699,1.6851631327588057,2800.0,0.14600057177540018,8.220519036112433e-05,6819.624330020697,1.07652385244407,0.7941112070593102,0.56,137.13461858000653,0
Sandstone,14.082955585116128,945.0202437771518,Anticline,0.9050139458677754,0.8758687055945186,2741.0,0.2572191502733978,0.00018264571575106388,13308.678120149245,1.0748525043845978,0.7926733933121961,0.5482,344.77206996612614,1
Shale,15.304451413689698,383.9838046641264,Dome,0.500169229,0.7250708416122431,2800.0,0.15728134641858343,0.00010276836599180331,5876.661482125838,1.07652385244407,0.3626581238195768,0.56,137.13707309433087,0
Sandstone,11.454564134326885,383.99718497215713,Dome,0.6408723774527126,1.7227133339929628,4865.0,0.18180439772015075,0.00015871786616072255,4398.5203826645575,1.1366875515736723,1.104039390025559,0.973,78.93056217310526,1
Sandstone,27.84042710188143,383.9561757842243,Fault,0.4309755247668423,2.480208479564591,554.0,0.11660912324915661,4.188481836949846e-05,10689.50392223787,1.0146963759222745,1.0689091510115216,0.1108,693.061689141199,0
Shale,15.997541978373077,11.335250876227247,Anticline,0.7970628832022295,2.5658539647403695,1824.0,0.026431303838689392,1.65221031296068e-05,181.33615172783558,1.0492068686901361,2.0451469590118307,0.3648,6.214501576878973,0
Sandstone,14.400555295338629,383.9866157975544,None,0.528147881,3.372167362077354,2772.5,0.1621429506490247,0.00011259492937852847,5529.620493462632,1.0757445111603952,1.7810030466585143,0.5545,138.49832851129105,1
Limestone,21.76434102046461,384.19767129071465,Anticline,0.4785086131694892,2.403519923349815,2741.0,0.13192717142776877,6.061620303767529e-05,8361.80913723948,1.0748525043845978,1.150104985247357,0.5482,140.16697237895463,1
Shale,11.380297730213876,383.9974853498999,Fault,0.8760044134647508,2.5637739203995604,4618.0,0.1823967208063096,0.00016027412035280882,4370.005710935302,1.1293177646428527,2.2458772693958418,0.9236,83.1523355023603,0
Shale,11.432564643702694,887.6748959542704,Fault,0.7846041253444681,0.3032103872583763,4792.0,0.27668447052750794,0.0002420143503670559,10148.400630589258,1.134504443876144,0.2379001206902158,0.9584,185.24100499880433,0
Sandstone,23.570074496334577,990.2476462032308,Dome,0.4261464082805019,1.5403799799483204,2800.0,0.20352655420934546,8.634955915858315e-05,23340.210790830115,1.07652385244407,0.6564273958421682,0.56,353.65987364401104,0
Limestone,13.291780869912632,260.80268529414843,None,0.2817164753332108,2.5869009172672524,2772.5,0.13908941835947844,0.00010464317740470897,3466.5321432146065,1.0757445111603952,0.7287726084487803,0.5545,94.06769532701476,0
Sandstone,6.381808983908193,916.7096556960012,Fault,0.006393752,2.160777275543176,2727.0,0.37633416802591485,0.0005896982641988281,5850.265916356127,1.0744562943841707,0.013815474027058731,0.5454,336.1604898041809,0
Limestone,10.665855120495094,384.0004794113371,Dome,0.4639471897642874,2.7759029982182177,2156.0,0.18840728498614498,0.00017664526928001193,4095.6934796019805,1.058420434001745,1.2878723950816018,0.4312,178.10782904050885,0
Shale,10.940956184330306,253.0266806172596,Anticline,0.9537693962128272,2.5658539647403695,3123.0,0.15100285819937237,0.00013801614379521917,2768.3538260999753,1.0857199410819884,2.447232986720711,0.6246,81.02039084766557,0
Limestone,14.082955585116128,360.7715560861005,None,0.4785086131694892,2.435525839508468,2772.5,0.15892744008690823,0.00011285091337991159,5080.729800733785,1.0757445111603952,1.1654200918016528,0.5545,130.12499768660072,0
Sandstone,11.878847662428146,857.3357606332189,Anticline,0.4814464104827508,3.5521790412043464,1932.0,0.2667583123600071,0.00022456581643330817,10184.16089611397,1.052195216942557,1.7101838487798917,0.3864,443.7555696859311,1
Sandstone,29.44342786287388,383.95359091195365,Fault,0.4814464104827508,2.480208479564591,1829.0,0.11339001947488,3.8511147548094075e-05,11304.909856707494,1.049345030592233,1.1940874697352533,0.3658,209.9254187599528,0
Shale,20.14980692993696,933.2027325378124,None,0.500169229,2.681764052952201,2772.5,0.21368901853328398,0.0001060501568458217,18803.85488712652,1.0757445111603952,1.3413358587250177,0.5545,336.59250948162753,0
Sandstone,14.082955585116128,383.98764562686114,Dome,0.2040688704787411,3.299050574006981,2800.0,0.1639613060583296,0.00011642535195638591,5407.6809585963965,1.07652385244407,0.6732335242898471,0.56,137.13844486673614,0
Limestone,22.433830492781173,759.1299612903061,Dome,0.4259730322199133,4.852893275988395,1040.0,0.18265686408891169,8.142027468188618e-05,17030.19287357826,1.0277666026096153,2.067201663812405,0.208,729.9326550868328,0
Shale,11.513173739322276,383.9969492917817,Dome,0.500169229,2.748711584469551,2800.0,0.18134099983085222,0.0001575073945175493,4421.023592566009,1.07652385244407,1.3748209539475038,0.56,137.14176760420776,0
Sandstone,10.920518284893697,66.82812419370772,Fault,0.9005919006282612,2.480208479564591,3052.0,0.07767614404059185,7.112862413136646e-05,729.797752202532,1.0836917970515851,2.233655668565405,0.6104,21.896502029393094,1
Shale,15.70624781571245,383.982607992429,None,0.5820959322825418,2.7462877968476254,3595.0,0.15525628936996938,9.885001891709093e-05,6030.925998052658,1.0992996458150353,1.5986029554221861,0.719,106.8101830298829,0
Limestone,10.792719804941159,383.9999333764588,Dome,0.4785086131694892,2.9385330142453387,2605.0,0.18729654728035422,0.00017353971071740922,4144.403686048192,1.071009783177591,1.4061133573992959,0.521,147.40880359940837,1
Shale,28.71590890557704,383.95474614847456,Dome,0.500169229,2.638647166213336,1949.0,0.11481757887157519,3.998396124222137e-05,11025.609514263553,1.0526663797970777,1.3197701187279594,0.3898,197.00089592020242,0
Sandstone,21.545038426815413,287.5089334593512,Fault,0.4814464104827508,4.779264372336457,2837.0,0.11470482413039383,5.323955421106595e-05,6194.391019434438,1.0775733116567499,2.300959676809484,0.5674,101.34259198426197,0
Shale,12.45641270052992,611.8798430479609,Fault,0.3309784252380526,4.529130910934001,2837.0,0.22007272804869457,0.00017667424268893423,7621.827848140874,1.0775733116567499,1.4990446165979225,0.5674,215.67847833907678,0
Sandstone,21.260425155357154,539.6601359919742,Anticline,0.4814464104827508,3.36175363150179,2741.0,0.1581990403752879,7.441010197080902e-05,11473.403930587232,1.0748525043845978,1.618504218813889,0.5482,196.8843983918184,1
Limestone,12.80371116581758,356.8967898559025,Dome,0.4103350662149784,2.4045883795432643,2800.0,0.1657803433063229,0.00012947835292388606,4569.603413322469,1.07652385244407,0.986686931939653,0.56,127.4631392342509,0
Shale,3.740923413708096,384.04886503146776,Fault,0.500169229,1.122193616229083,2906.0,0.3181511390803041,0.0008504615141664845,1436.697391204238,1.0795331449706207,0.5612867158180225,0.5812,132.15721439486157,0
Limestone,17.294173126732616,655.7602811060522,None,0.5579923148934525,0.9420723927273666,3771.0,0.19335361717275054,0.00011180275330647206,11340.831831082913,1.1044066261284484,0.525669155215157,0.7542,173.89559297429122,0
Limestone,21.232596228161945,860.7411481104303,Fault,0.9686995467436516,1.927194585906229,2837.0,0.19992374575982957,9.415887892911553e-05,18275.769254793307,1.0775733116567499,1.8668725218541833,0.5674,303.39836027861486,1
Shale,14.082955585116128,837.6817960494088,Fault,0.2900974467614731,4.212137210222777,2837.0,0.2421710819840206,0.0001719604102422678,11797.03552822413,1.0775733116567499,1.2219302500946219,0.5674,295.2702841203415,0
Sandstone,28.834782471304955,997.1347622642076,Anticline,0.029426067,2.537720492,2342.0,0.18464954287171023,6.403708543855496e-05,28752.163964464806,1.0636175668510985,0.07467513322486496,0.4684,425.76206757651903,0
Sandstone,19.877037532163552,383.9717331625596,Fault,0.4346945143083677,2.480208479564591,3821.0,0.13800774072051122,6.943073911149853e-05,7632.220551362086,1.105861795503586,1.078133020407825,0.7642,100.48985426918597,0
Limestone,21.17971209,383.9688020077082,Fault,0.5877677851627399,2.480208479564591,2837.0,0.1336957467719515,6.312444012639623e-05,8132.348678065473,1.0775733116567499,1.457786644775526,0.5674,135.3432506195658,0
Shale,14.082955585116128,835.4711543975917,Fault,0.5897376125562032,2.480208479564591,2837.0,0.24185132623105793,0.00017173335864714625,11765.903160026983,1.0775733116567499,1.4626722273800725,0.5674,294.4910660548437,0
Shale,24.990186456032585,327.3825057654024,Anticline,0.1325860964049587,0.7761071389959168,3534.0,0.11365083583461096,4.547818642112446e-05,8181.349861520569,1.097535129322476,0.1029010159514893,0.7068,92.63794730203804,0
Shale,17.534993865923706,490.5142465135792,None,0.500169229,2.5005076870000003,879.0,0.16607438456175322,9.471026099672078e-05,8601.1643037638,1.0234182114547445,1.2506770019153635,0.1758,558.0366854534462,1
Sandstone,15.329122291351862,383.9837302862295,Fault,0.3112606621495632,3.347815738270718,2837.0,0.1571547149679608,0.00010252036090586989,5886.133559447082,1.0775733116567499,1.0420433434488725,0.5674,135.34851261410978,1
Sandstone,11.553183689697612,69.91832095042191,Fault,0.2816818336481683,3.974441649,2837.0,0.0772456983897924,6.686096271339921e-05,807.7792052154573,1.0775733116567499,1.1195280114179698,0.5674,24.645160715693308,1
Sandstone,7.837353973607471,384.01470960174925,Dome,0.4631958779654482,2.638647166213336,1820.0,0.2197955255735523,0.0002804460871790664,3009.659210220989,1.0490963522661456,1.2222104907952283,0.364,210.9970931877743,0
Sandstone,13.537998422193432,383.9894680211027,Anticline,0.1628722281643478,0.102165830357625,2741.0,0.1672291856492149,0.00012352578308405532,5198.448812208584,1.0748525043845978,0.01663997643260715,0.5482,140.091013506422,0
Limestone,14.082955585116128,955.9058186943632,Dome,0.2340926361660719,2.638647166213336,2800.0,0.25869634682168613,0.00018369464084307336,13461.979188226787,1.07652385244407,0.6176878710510152,0.56,341.3949352479869,0
Sandstone,10.703061348698178,384.0003186027417,Fault,0.5982018957938589,4.420014425699485,2837.0,0.1880794876467867,0.00017572494590032688,4109.978967924791,1.0775733116567499,2.644061008889636,0.5674,135.35435974717717,1
Sandstone,11.020478696878852,383.9989690004968,Anticline,0.077745444,4.823739074712133,3398.0,0.18535079261621323,0.00016818760574230506,4231.852457493418,1.0936113151250135,0.3750237361036439,0.6796,113.00734814611441,0
Shale,11.158024122063061,383.9983962133985,None,0.2647294959989589,2.274798321831044,3869.0,0.18420469927398597,0.00016508720294819318,4284.663367782629,1.1072605619011753,0.6022062132376098,0.7738,99.25003779100504,0
Sandstone,14.082955585116128,889.5573115933255,Fault,0.8197385409262475,2.480208479564591,2837.0,0.24955697350475853,0.00017720497092848047,12527.59610958411,1.0775733116567499,2.0331224802311847,0.5674,313.55562622253274,1
Shale,11.275573955459375,604.1229908175957,None,0.580322246,2.740966738,3647.0,0.22983861770499914,0.00020383762158175244,6811.833461157105,1.1008060635136505,1.5906439736074536,0.7294,165.64929827737748,0
Shale,12.236478305909491,383.99413565218975,Dome,0.500169229,3.247192112892567,652.0,0.1758991422691919,0.0001437498092766144,4698.735910504486,1.0173184883011657,1.6241455755203562,0.1304,588.9480608162419,0
Sandstone,14.082955585116128,383.98764562686114,Fault,0.4520765706791205,1.4487544438947682,2837.0,0.1639613060583296,0.00011642535195638591,5407.6809585963965,1.0775733116567499,0.6549479407520831,0.5674,135.34989271302823,0
Limestone,1.2428426645816326,384.0997610450728,Anticline,0.7946795684312156,4.780223436890206,2741.0,0.5520057350777492,0.004441477194247802,477.37557048242667,1.0748525043845978,3.798745897832691,0.5482,140.1312517493881,1
Sandstone,23.639104007727948,468.076305844072,Fault,0.4814464104827508,3.0442662511110115,2837.0,0.13972447006138483,5.910734603803384e-05,11064.904477401094,1.0775733116567499,1.4656510591511769,0.5674,164.98988573989143,0
Limestone,4.906370604724178,384.036339784499,Fault,0.5277052921529723,0.1415573369261508,2837.0,0.277802170189364,0.0005662070654056945,1884.2246086645323,1.0775733116567499,0.07470055583901115,0.5674,135.36705667412724,0
Shale,10.190778554387611,244.9858868925746,Dome,0.5292383365771101,2.638647166213336,975.0,0.15395595746989268,0.0001510737934773466,2496.5969222724784,1.0260088215159577,1.3964732370606512,0.195,251.2675763000765,0
Limestone,24.314046516463986,151.76506673081627,None,0.962836633242806,4.622512149239309,3227.0,0.07844891385641559,3.226485307712757e-05,3690.0228920673276,1.0886975975781097,4.450724034897544,0.6454,47.02976967177449,1
Shale,10.54136900274326,622.0954680186387,Dome,0.3817794385098544,4.579265499708763,3053.0,0.24121797025720798,0.00022882983243868423,6557.737883318739,1.0837203361392738,1.7482694112663593,0.6106,203.76530233168646,0
Shale,14.082955585116128,383.98764562686114,Dome,0.5013719345705198,2.638647166213336,2800.0,0.1639613060583296,0.00011642535195638591,5407.6809585963965,1.07652385244407,1.3229436343734002,0.56,137.13844486673614,0
Sandstone,0.4314370795245892,23.13447278682728,Dome,0.5848200366533628,2.184089103153771,2810.0,0.22993268869499708,0.30301336440819326,9.981069375489847,1.0768073892381875,1.2772990693605986,0.562,8.232908465063089,0
Limestone,1.8403162345160409,384.08162980533547,Fault,0.4785086131694892,3.526408019855132,2837.0,0.45362312629174134,0.0024649194403864694,706.831658710139,1.0775733116567499,1.6874166110506439,0.5674,135.3830207279998,0
Shale,6.370019228606738,854.1623173351177,Fault,0.4362072964823696,2.480208479564591,2837.0,0.36360469335871276,0.0005708062728065596,5441.03038577599,1.0775733116567499,1.0818850355835186,0.5674,301.0794209852371,0
Limestone,12.701602472023856,311.89415396897965,Fault,0.4785086131694892,1.1637007369541386,2837.0,0.15559799884806683,0.0001225026520793593,3961.555557062181,1.0775733116567499,0.5568408257842374,0.5674,109.93801690834671,0
Limestone,25.530113003917474,383.96017586573055,Dome,0.4785086131694892,0.9187934057057924,2344.0,0.12177170039322674,4.769728217597057e-05,9802.546678856128,1.0636735884520487,0.4396505583535506,0.4688,163.8055357788953,1
Shale,14.082955585116128,550.3584787400343,Fault,0.6593141943788129,0.1261744279340104,2837.0,0.1962933441966808,0.00013938362796807907,7750.674011987982,1.0775733116567499,0.08318859130451965,0.5674,193.99311904830253,0
Sandstone,10.573008696144337,951.195085174008,Dome,0.4814464104827508,2.638647166213336,1824.0,0.2978277442630911,0.00028168684318939424,10056.99390727454,1.0492068686901361,1.270367206703893,0.3648,521.4885335383816,0
Shale,11.12106121763503,743.1658112337687,Fault,0.8073371707198082,3.084891404336293,3743.0,0.2566843516469366,0.0002308092246088025,8264.79248158414,1.103592567829935,2.4905474983547187,0.7486,198.5481729184528,0
Limestone,23.247854169178648,383.9644999190958,None,0.4785086131694892,2.435525839508468,2123.0,0.12760971776196767,5.489096620846368e-05,8926.350700260746,1.0575010180385156,1.1654200918016528,0.4246,180.85939704149587,0
Limestone,1.4091897329441938,297.79912295390795,Dome,0.4785086131694892,0.8952061922538118,2800.0,0.45646409293848417,0.0032391954203697063,419.6554665464327,1.07652385244407,0.42836387355611066,0.56,106.35682962639571,1
Sandstone,10.711455242436696,546.3566567075408,None,0.2176140244488256,1.7383833665725,2318.0,0.22425571975392164,0.00020936064678258118,5852.274874730174,1.0629455377379864,0.3782966004347398,0.4636,235.7017500895344,0
Sandstone,5.669569799135253,384.02966269743644,Anticline,0.7034631642899991,0.4000730391349394,2741.0,0.2584264610665696,0.0004558131749361052,2177.2829776014837,1.0748525043845978,0.28143664605698115,0.5482,140.10567774441313,1
Sandstone,7.4269352442535395,352.78634507668335,None,0.4814464104827508,0.1044810610278706,2135.0,0.21641168820419557,0.0002913876061752932,2620.1213399414105,1.0578352586717692,0.05030203179529752,0.427,165.23950589071822,0
Limestone,0.9996959831852535,384.1098172174506,Anticline,0.1457052524892038,0.819119931,1410.0,0.6154933685329537,0.006156805457713804,383.9930413743073,1.037829947877174,0.1193500763652942,0.282,272.4183100832983,0
Sandstone,27.71229393799945,343.5767389712495,Anticline,0.4380151762580812,2.5658539647403695,4701.0,0.11056184727463861,3.989631732472164e-05,9521.299580630577,1.1317889058133956,1.1238829766182494,0.9402,73.08588363566253,0
Limestone,19.51275746471593,625.4017610225186,Dome,0.4663122159459896,2.638647166213336,2657.0,0.1777664807397338,9.110269579334506e-05,12203.312880838637,1.0724774340577772,1.2304334071765468,0.5314,235.37890892830958,0
Limestone,14.082955585116128,668.6968613638427,Fault,0.4785086131694892,4.11536258254174,2837.0,0.21637016967994005,0.00015363974442170043,9417.228198493554,1.0775733116567499,1.9692364420616557,0.5674,235.7056261416435,0
Limestone,9.669744734082746,384.00500709959255,Fault,0.676246812,4.643862127919405,3495.0,0.19787484465336735,0.00020463295577588728,3713.2303952626926,1.0964084803748737,3.1403969593730343,0.699,109.8726772817146,1
Limestone,9.774703823114542,679.5677543229503,Anticline,0.0219705708025074,2.5658539647403695,2741.0,0.2618148200716071,0.00026784936383697435,6642.573526245907,1.0748525043845978,0.056373276201222615,0.5482,247.92694429877793,0
Limestone,5.607942883243408,891.1641386,None,0.8850841193734466,3.769191295926883,1670.0,0.39582817871609616,0.0007058348969616558,4997.597588863612,1.0449603789972421,3.336051358905505,0.334,533.6312207185629,0
Shale,10.53937142274817,461.80926261911935,Anticline,0.8309413964613068,2.5658539647403695,1703.0,0.207851715265096,0.00019721452725014418,4867.179345208351,1.0458688918374228,2.132074276577143,0.3406,271.17396513160264,1
Limestone,11.096779558666764,72.87441288020094,None,0.3312983404606731,1.9938950213820192,3660.0,0.08046716546381634,7.251398032951837e-05,808.6712951988557,1.1011829903761696,0.6605741116366612,0.732,19.911041770546703,0
Limestone,0.2142624530473513,585.4067569532167,Dome,0.5297684675304802,2.638647166213336,3949.0,1.6412905808393883,6.018896995173606,125.43068777529079,1.1095957720050795,1.3978720655984835,0.7898,148.24177182912553,0
Limestone,10.193107268965312,215.42332494152416,None,0.3991807649888911,4.3709988530051085,1738.0,0.14435196932191385,0.00014161723752424202,2195.8330593661262,1.0468333292173195,1.7448186659081448,0.3476,123.94897867751678,0
Shale,22.48278017942426,524.2347381,None,0.3478278037861146,2.043483411358344,4833.0,0.15162385659591493,6.743999424709838e-05,11786.254379120348,1.1357300562005117,0.7107803470461302,0.9666,108.46984028553692,0
Sandstone,19.92605139215357,202.88108184291573,Fault,0.4814464104827508,2.480208479564591,4212.0,0.1001935584201703,5.028269597840356e-05,4042.6188632976537,1.1173075400665142,1.1940874697352533,0.8424,48.167398348270595,1
Limestone,6.609821803127477,303.0812225063144,Fault,0.5926158115981464,0.409462641000024,2837.0,0.21262498088928491,0.0003216803526967703,2003.3128726407672,1.0775733116567499,0.24265403531534965,0.5674,106.83159059087572,0
Sandstone,9.357357166101156,384.00652359768685,Anticline,0.2409520426369428,4.701886554183299,1422.0,0.20115106946155553,0.00021496568517258735,3593.2861954164077,1.0381579711443585,1.1329291694776424,0.2844,270.04678171426644,0
Shale,11.031803135669827,575.2946256629127,None,0.500169229,1.88462981962554,3437.0,0.2267522237909599,0.00020554411731459166,6346.53705532212,1.094735089757667,0.9426338438325155,0.6874,167.3827831431227,0
Limestone,9.959948827132957,680.1310807,Dome,0.951967622,2.638647166213336,730.0,0.25947612608618703,0.0002605195373889076,6774.070759514635,1.0194103175992817,2.5119066681171485,0.146,931.6864119178082,1
Shale,18.36025589878366,383.97539845971517,Dome,0.4006109237973435,2.4809296719441805,1707.0,0.14359588115779248,7.821017416609401e-05,7049.886574557791,1.0459790682665364,0.9938875277537984,0.3414,224.9416511187552,0
Sandstone,14.224928888159592,796.3897624854363,Anticline,0.8014530278240474,0.1646764891492286,2741.0,0.23494566182617552,0.00016516473556626163,11328.58773861364,1.0748525043845978,0.13198047084008316,0.5482,290.5471588783058,1
Shale,14.082955585116128,929.4963192814876,None,0.3719549577376997,4.607857365882831,2772.5,0.2550977220155122,0.00018113933575500133,13090.055380970109,1.0757445111603952,1.7139153917882965,0.5545,335.25566069665916,0
Shale,8.956437779464919,820.7408503872987,Dome,0.1665187105338613,1.4285564291602486,2800.0,0.30058341650021,0.0003356059896819466,7350.914359558967,1.07652385244407,0.23788137450862198,0.56,293.12173228117814,0
Sandstone,1.6037613781445448,440.5663122807533,None,0.4814464104827508,2.4443392314482524,2616.0,0.5204337057409316,0.0032450819232412373,706.5632361474409,1.0713200802010125,1.176818348982927,0.5232,168.41219888408,0
Limestone,21.971653397926644,797.7198892891901,None,0.2294006266965225,1.3319745831048486,1378.0,0.18920102658821908,8.611141963766507e-05,17527.2249160945,1.036955725781714,0.3055558041080916,0.2756,578.8968717628376,1
Limestone,17.552334491196483,190.59699065714184,Dome,0.9630430223942144,2.5833744097176528,3606.0,0.10347137597369045,5.89502074641908e-05,3345.4221330296045,1.0996181390849404,2.487900699510358,0.7212,52.85551598922403,1
Sandstone,14.082955585116128,627.6897612796066,None,0.4814464104827508,1.7176647229074582,2772.5,0.2096308839239011,0.00014885432440435583,8839.727029332846,1.0757445111603952,0.8269635152566445,0.5545,226.3984711558545,1
Shale,3.3051636076089927,924.2925454813025,None,0.3685294733464573,2.1055884200393717,4672.0,0.5250950112059917,0.0015887111004040542,3054.9380841090806,1.1309248810584478,0.7759713915215088,0.9344,197.8365893581555,0
Sandstone,13.820094895004674,383.9885156855538,None,0.6201095320161573,4.812327669,2772.5,0.16551343554170703,0.0001197628791981251,5306.757725366344,1.0757445111603952,2.984170258731995,0.5545,138.499013772968,0
Shale,5.872668192168739,832.1580631,Fault,0.500169229,1.207797536082007,2837.0,0.3737789407886705,0.0006364720916586237,4886.988188024116,1.0775733116567499,0.6041031624102372,0.5674,293.3232510045823,0
Limestone,13.450394115739009,383.9897678085507,Fault,0.4785086131694892,4.419231498686232,1824.0,0.16777296085294982,0.00012473460584818842,5164.813713436119,1.0492068686901361,2.114640335711272,0.3648,210.52070603538962,1
Sandstone,22.80984664212413,383.9653781889615,None,0.650169182,1.2372180949080602,4685.0,0.1288292559302101,5.6479667729240416e-05,8758.191392375404,1.1313121209014059,0.8044010767219718,0.937,81.95632405314014,0
Sandstone,23.23258484,466.3044253024296,Dome,0.3821084703053269,2.638647166213336,2800.0,0.14067458761064036,6.055055370698062e-05,10833.45712210614,1.07652385244407,1.0082494323572635,0.56,166.53729475086772,0
Limestone,2.4066673936714222,384.0692372696411,Anticline,0.4785086131694892,2.5658539647403695,824.0,0.39666727482887415,0.0016482014750852207,924.3269102490983,1.0219369561059164,1.2277832222633498,0.1648,466.10344328839943,0
Sandstone,28.33997196513285,505.3699402802118,Fault,0.4814464104827508,2.480208479564591,1038.0,0.13259728845016086,4.678808031754497e-05,14322.169939562065,1.027712472159159,1.1940874697352533,0.2076,486.8689212718803,1
Limestone,10.158336873378977,253.3085101982559,Dome,0.95705629648031,1.0079054312001767,3986.0,0.15679897990654634,0.00015435497154800513,2573.1931794876373,1.1106774716837609,0.964622239186831,0.7972,63.549550977986925,1
Sandstone,12.066712045413372,412.5819955026804,Anticline,0.5698284802728454,2.340980224655106,2741.0,0.18360745446067508,0.00015216030163781472,4978.508134852879,1.0748525043845978,1.3339572037640033,0.5482,150.52243542600525,0
Limestone,1.4568816988698507,169.4350577211598,Anticline,0.4920825742208919,1.4868086832170313,1445.0,0.33862509637727517,0.002324314298408425,246.84683474091452,1.038786972226517,0.7316326442114114,0.289,117.2560953087611,0
Limestone,14.082955585116128,16.546983712457287,Anticline,0.7098826887763147,1.1446314562208857,2741.0,0.03403628589724123,2.416842522262387e-05,233.03043669017595,1.0748525043845978,0.8125540558000308,0.5482,6.0368419235524575,1
Limestone,4.900099442671717,759.9616073522444,None,0.3539717479788637,4.970062680466093,3686.0,0.39104165972806665,0.0007980280080088664,3723.8874486386353,1.1019372313358362,1.7592617745690997,0.7372,206.17515120787965,0
Limestone,16.325494469304054,58.37775900074886,Fault,0.070109793,2.480208479564591,2837.0,0.05937726447502158,3.637088272374564e-05,953.0457816970904,1.0775733116567499,0.1738869030991182,0.5674,20.577285513129663,0
Limestone,13.362285633173604,383.99007129750373,Anticline,0.9392070170650174,1.5243399630372312,809.0,0.16832525075560584,0.00012597040310058678,5130.985012979942,1.0215333495887557,1.4316707896771967,0.1618,474.64780135661766,1
Sandstone,9.347152187466868,734.1614755286936,Dome,0.872432358,0.2672677390243377,1896.0,0.27828242995417957,0.0002977189462340355,6862.319041941932,1.0511981563418356,0.23317302377433155,0.3792,387.21596810585106,1
Limestone,10.292783282642166,851.1859015964875,Fault,0.1908005996302896,2.480208479564591,804.0,0.28554558166040267,0.0002774230971538564,8761.072018373026,1.021398849508687,0.47322526510905283,0.1608,1058.6889323339396,0
Shale,14.049017743691554,180.83802700575595,Fault,0.8569881878017734,3.288361249377503,2837.0,0.1126552790389381,8.018729927900036e-05,2540.5966501380376,1.0775733116567499,2.818086747941602,0.5674,63.74269545497213,0
Sandstone,3.900787669503978,384.0469323801059,Dome,0.041886030455102,4.787137969220235,2800.0,0.3115628319844889,0.0007987177421120876,1498.085538339145,1.07652385244407,0.20051420677153392,0.56,137.15961870718067,0
Sandstone,10.941532453377071,383.9993009985054,Anticline,0.9463169456136572,3.048213962920869,3125.0,0.18601835031502567,0.00017001124029715934,4201.540813949257,1.0857771268329375,2.8845765269681785,0.625,122.87977631952174,1
Shale,27.25095781239245,20.71236357273688,Fault,0.500169229,2.480208479564591,2837.0,0.027374966274080408,1.0045506092865318e-05,564.4317459155869,1.0775733116567499,1.2405239629830838,0.5674,7.3007978754800416,0
Shale,6.708378593779943,724.8845843947289,Dome,0.8282830451682474,2.638647166213336,4463.0,0.326403868904072,0.0004865614907404243,4862.80022891467,1.1247174199688559,2.1855467099557484,0.8926,162.42092413056886,0
Sandstone,0.3323565778292903,721.8549495589418,Fault,0.2241906988393989,3.1655377069941992,2837.0,1.4633643751069916,2.9396306992333923,239.91324072454486,1.0775733116567499,0.7096841107334979,0.5674,254.44305588965167,0
Limestone,10.301333687237175,287.82200181664217,None,0.6870238380712053,0.9120694507598298,4442.0,0.16597585522025454,0.00016112074441961834,2964.9504832418156,1.1240955906218248,0.6266134546485145,0.8884,64.79558798213466,0
Sandstone,12.334467970204162,523.4353193,Fault,0.4814464104827508,1.2980403535909677,2837.0,0.2045506901610726,0.00016583665436984945,6456.296180379438,1.0775733116567499,0.624936868898132,0.5674,184.50310867113146,0
Shale,27.963872993419585,587.0466796600433,Fault,0.1285515978604493,2.8508985099361417,4809.0,0.14386902672025034,5.144817627876703e-05,16416.098791222124,1.135012464007424,0.36648755879026507,0.9618,122.07250564775282,0
Shale,2.3143312225818304,384.0710442270682,None,0.4302856262487571,4.962635901310019,2772.5,0.4045038634477754,0.0017478218307771757,888.8676093443111,1.0757445111603952,2.1353508966397468,0.5545,138.52878060489385,0
Limestone,14.177275591315668,383.9873373855805,Anticline,0.4785086131694892,0.064808836,2460.0,0.16341492115928458,0.00011526539080568122,5443.894305690885,1.0669278950165055,0.031011586235488865,0.492,156.09241357137418,0
Shale,5.461893866455662,20.22971488504507,Fault,0.500169229,4.709237470442238,2614.0,0.06043004263002512,0.00011063935716722275,110.49255565077446,1.0712636558743445,2.3554156747690045,0.5228,7.738988096803776,0
Shale,4.187966020794002,384.0436515850108,None,0.2943898859392372,1.8831696578177115,1463.0,0.30068957317708467,0.0007179847488831262,1608.361763339676,1.03927949976502,0.5543861007691885,0.2926,262.50420477444345,0
Shale,14.082955585116128,194.28237356495376,Anticline,0.4358282342202101,2.5658539647403695,2741.0,0.11662709108851457,8.281435696053348e-05,2736.0700378861834,1.0748525043845978,1.1182716027197206,0.5482,70.88010710140597,0
Sandstone,21.633682683442988,104.19017408509048,Dome,0.4814464104827508,1.8786011731985977,2933.0,0.06890929428764066,3.185278035920317e-05,2254.017164889532,1.0803010061922076,0.9044457915651493,0.5866,35.52341428063092,1
Sandstone,18.91677703037215,383.9740196027695,Dome,0.1091697017542888,2.638647166213336,3335.0,0.1414676032369824,7.478419976608422e-05,7263.550914281335,1.091798423221006,0.28806032417030925,0.667,115.13463856155008,0
Shale,14.082955585116128,383.98764562686114,Fault,0.2214981453429862,4.394360941783076,2837.0,0.1639613060583296,0.00011642535195638591,5407.6809585963965,1.0775733116567499,0.9733427985726095,0.5674,135.34989271302823,1
Sandstone,1.7193093003146045,616.6542187199824,None,0.6339032270481123,2.6619235653722386,1447.0,0.5946665297849976,0.003458752475056022,1060.219333323502,1.038841685979885,1.6874019382448788,0.2894,426.16048287490145,0
Limestone,25.36926274873264,383.96046770322687,Anticline,0.4647403095122474,2.5658539647403695,1786.0,0.12215717504483063,4.8151645656684754e-05,9740.793990289436,1.0481574325462701,1.1924557657366663,0.3572,214.98346455947754,0
Limestone,14.361145738965677,383.9867423432591,Fault,0.8412262245742964,1.8365474280434,2378.0,0.16236529963522361,0.00011305873680724693,5514.489568622206,1.0646264072526388,1.5449518591445837,0.4756,161.47466036301896,1
Sandstone,12.805749863852686,383.9920357998896,Dome,0.4045986661677845,3.2183168363218675,4274.0,0.17194448446247607,0.00013427131272322504,4917.305960164952,1.1191333164968063,1.3021266992811515,0.8548,89.84371450629143,0
Limestone,15.949830712934489,383.9818973462903,Anticline,0.8720534313794935,4.991771756616132,1459.0,0.15406606280877225,9.659416803955959e-05,6124.446259504719,1.0391700290235788,4.35309168902034,0.2918,263.1815608953326,1
Sandstone,2.986395384263254,384.05926904299963,None,0.9174606572597456,4.855997839580445,3382.0,0.35608618169600464,0.0011923611440480826,1146.9528283535333,1.093150613158459,4.455186969553379,0.6764,113.55980752306316,0
Shale,2.372280629299444,384.0699019615614,Fault,0.6577239053611328,2.480208479564591,2523.0,0.39953216993594143,0.0016841690860744704,911.1215887203487,1.0686994903054317,1.63129240728902,0.5046,152.22746807830416,0
Shale,13.779943224016284,383.9886500413974,Anticline,0.2022807675393759,2.640321828042872,3735.0,0.1657544236994099,0.00012028672470183033,5291.341796237115,1.1033600899758818,0.5340863259274803,0.747,102.80820616904884,0
Shale,5.201881986183581,384.0336387091946,Anticline,0.500169229,2.5658539647403695,2741.0,0.2697950852745319,0.0005186489927897616,1997.697667289893,1.0748525043845978,1.2833611992707838,0.5482,140.1071283141899,0
Limestone,15.320489533415472,350.6888625,Dome,0.9028401284526588,3.608775016129956,2800.0,0.15022918581033648,9.805769292337042e-05,5372.725047416628,1.07652385244407,3.2581468991195153,0.56,125.24602232142858,1
Sandstone,27.43578461406168,906.2056397,Dome,0.9816874344919868,2.638647166213336,2800.0,0.18046140572119207,6.577592303618686e-05,24862.462746857185,1.07652385244407,2.590326767129521,0.56,323.6448713214286,1
Sandstone,14.082955585116128,156.15770712655964,None,0.4814464104827508,0.6121295559162965,2772.5,0.10455973047025338,7.424558704194136e-05,2199.1620537369117,1.0757445111603952,0.2947075774463012,0.5545,56.323789766117095,0
Sandstone,27.232062995325386,448.91856849614487,Dome,0.4814464104827508,1.1731994415653058,2800.0,0.127489131109349,4.681581822546224e-05,12224.97873705831,1.07652385244407,0.5648326599219842,0.56,160.3280601771946,1
Sandstone,18.85699201941849,949.6371807970204,Anticline,0.4814464104827508,2.5658539647403695,2741.0,0.2228292992227921,0.00011816799784044437,17907.30073963249,1.0748525043845978,1.2353211811471856,0.5482,346.45646873295163,1
Shale,13.668574693117549,638.0651481908869,None,0.5931917575579458,0.4877414706454985,3966.0,0.2145361806631618,0.00015695578030618354,8721.441137122256,1.1100926382736995,0.2893242202061005,0.7932,160.88379934212983,0
Shale,10.850857358067545,383.9996852895991,None,0.3939612753404252,1.7247627350153405,2809.0,0.18679405716710207,0.00017214681845229663,4166.725810620268,1.0767790321985709,0.6794897267462834,0.5618,136.70334114973267,0
Limestone,29.65619961,383.95325844105423,Dome,0.6204679732142538,4.223032413086879,4597.0,0.11298247359597456,3.8097421477388877e-05,11386.594473237823,1.1286933918753377,2.6202563621661157,0.9194,83.52257090299199,0
Sandstone,18.257494639197247,383.97565763073857,Anticline,0.4814464104827508,1.6720396439878398,4861.0,0.14399947330498328,7.887143123998458e-05,7010.433510775447,1.1365678205204899,0.804997484782802,0.9722,78.99108365166397,0
Shale,11.205433336453769,334.06373064186386,Anticline,0.769165282,4.796988662126242,4030.0,0.17144703677770437,0.0001530034864604022,3743.328863834454,1.1119651899599863,3.6896771370551336,0.806,82.89422596572304,0
Sandstone,26.646275796424472,383.9582000390363,None,0.4814464104827508,3.15772385697772,2990.0,0.1191937167337914,4.47318483244797e-05,10231.056092538878,1.0819238406235243,1.5202748162376705,0.598,128.41411372543018,0
Sandstone,10.571338205258328,762.8085416787613,Fault,0.4814464104827508,1.144057881782694,1818.0,0.2667303520470973,0.00025231465200349184,8063.90707994608,1.0490410984196243,0.5508025605687773,0.3636,419.58665658897763,0
Sandstone,21.70184066564785,828.6712124321249,None,0.4990567948601377,0.1131941171437367,2772.5,0.19403161065328633,8.940790490662006e-05,17983.690616411197,1.0757445111603952,0.0564902932987762,0.5545,298.8895265760595,0
Limestone,19.99851254638117,227.6590288881419,Dome,0.4785086131694892,3.197887799242591,2800.0,0.10594323745683257,5.2975558662738405e-05,4552.841945516459,1.07652385244407,1.5302168558872022,0.56,81.30679603147925,1
Limestone,25.767970479741827,383.95974766370443,Fault,0.4785086131694892,0.4976120408703832,4221.0,0.12120830826887848,4.703836041886559e-05,9893.863443207456,1.1175723872068064,0.23811164757332626,0.8442,90.96416670545,1
Limestone,26.76713746614319,286.90006043744984,None,0.6054648602222887,1.6399917418551984,2673.0,0.1028002103433543,3.840538065505984e-05,7679.493356774009,1.0729294234332651,0.9929573707480656,0.5346,107.332607720707,0
Sandstone,26.655998655734543,383.9581831938351,None,0.8370692425570705,3.5112077276712115,2772.5,0.11917197399553213,4.4707375452202196e-05,10234.788815073145,1.0757445111603952,2.9391239930622737,0.5545,138.48807328902978,0
Limestone,26.059189194702768,383.9592287491552,Dome,0.4785086131694892,2.638647166213336,2800.0,0.12052905566642172,4.625203599616311e-05,10005.666185026394,1.07652385244407,1.2626153961483462,0.56,137.12829598184115,0
Sandstone,11.350965303941262,921.8674438754176,Fault,0.3665172035546203,1.3410756138025466,4520.0,0.2829746223270391,0.0002492956455683863,10464.085370262885,1.1264069769943192,0.49152728372620536,0.904,203.95297430872074,0
Limestone,26.736023922054283,957.5697005830358,Fault,0.4081006484742057,4.412255775200427,682.0,0.18791715785099092,7.028612721130156e-05,25601.606421822402,1.0181225295693666,1.8006444430933535,0.1364,1404.0611445499057,0
Limestone,22.086866475856503,383.9668654468688,Anticline,0.7387758812075146,2.5658539647403695,2711.0,0.13092104689077105,5.927551879479277e-05,8480.624888278151,1.0740036617888842,1.8955910238508615,0.5422,141.63292712905525,1
Sandstone,10.815481627410328,383.9998360874751,Fault,0.6882280421776911,2.480208479564591,2685.0,0.18709933142817425,0.00017299214022424773,4153.143172132664,1.0732685404684337,1.7069490260832463,0.537,143.016698729041,1
Limestone,10.89466594978,988.0049994541702,Anticline,0.916075049,2.5658539647403695,2962.0,0.299021392706157,0.00027446586621794974,10763.984425765755,1.0811263543897567,2.350514796476378,0.5924,333.560094346445,1
Sandstone,24.82496225,83.26679482032121,None,0.4814464104827508,3.740598034676161,2521.0,0.057507074344864136,2.3165019856118468e-05,2067.0950380929694,1.0686432040000917,1.8008974968536697,0.5042,33.029272042967555,0
Sandstone,9.571317896184222,158.66915431849876,None,0.4814464104827508,4.502553218187384,2772.5,0.1278468497565629,0.00013357288008115513,1518.6729163010632,1.0757445111603952,2.167738084903874,0.5545,57.2296318551844,0
Limestone,21.743609248751586,434.11157803420224,Anticline,0.4785086131694892,4.630871288033117,1910.0,0.14030221101907175,6.45257231281082e-05,9439.152523134626,1.0515857898120384,2.215911797803133,0.382,227.28354870900642,1
Shale,11.012935529997883,383.9990006193424,None,0.500169229,2.5005076870000003,3372.0,0.18541426619085014,0.00016836043912706514,4228.956237404434,1.0928627729899754,1.2506770019153635,0.6744,113.87870718248588,0
Shale,14.082955585116128,17.790472541321353,None,0.0496308606786312,0.4506949256130466,2772.5,0.03529201743786562,2.5060092836737156e-05,250.54243463765667,1.0757445111603952,0.022368377061667166,0.5545,6.416761962604636,0
Sandstone,10.988021818534415,511.2812385,None,0.100395919052861,1.0198115865438333,3286.0,0.21419031019583518,0.00019493072887291003,5617.969404045298,1.090390474144561,0.10238492149182443,0.6572,155.59380356055993,0
Shale,10.633602527275425,19.301023260940187,Anticline,0.500169229,2.5658539647403695,2041.0,0.04230382176791202,3.9783151250389304e-05,205.23940972653534,1.055219865146497,1.2833611992707838,0.4082,9.456650299333752,0
Sandstone,11.045175124163713,206.84251165267708,Dome,0.4814464104827508,2.638647166213336,3483.0,0.13588241171545118,0.00012302422568038687,2284.6117643256916,1.096062051891061,1.270367206703893,0.6966,59.38630825514702,0
Limestone,14.149895483554808,452.73050267633255,Fault,0.1035339871850548,2.480208479564591,2837.0,0.1776122475932606,0.00012552195017955,6406.089295087336,1.0775733116567499,0.2567858729395046,0.5674,159.58072001280667,0
Sandstone,18.85220872922969,861.4250464,Fault,0.4814464104827508,3.869960352835728,4060.0,0.2122546804862961,0.00011258876004125853,16239.764779319172,1.1128440355838614,1.863178520583321,0.812,212.1736567487685,0
Shale,13.59802382265064,461.6806361028192,Fault,0.500169229,3.0089333442581783,2837.0,0.18296270778920568,0.00013455095400291854,6277.944288182637,1.0775733116567499,1.5049758709100047,0.5674,162.73550796715517,0
Shale,17.467123464077588,107.3411412442748,Dome,0.500169229,0.5332635871396502,3410.0,0.07783986198882531,4.456364103048144e-05,1874.9409668887388,1.0939569690130626,0.26672203723341315,0.682,31.478340540843046,0
Limestone,8.634938965548177,384.0102339942937,Anticline,0.919934732,1.6965851267193222,4438.0,0.20939746092568207,0.00024250022120728305,3315.9049326865998,1.1239771859214684,1.5607475838637257,0.8876,86.52776791218876,1
Sandstone,14.082955585116128,383.98764562686114,Fault,0.8866131428716211,2.480208479564591,2837.0,0.1639613060583296,0.00011642535195638591,5407.6809585963965,1.0775733116567499,2.198985435043607,0.5674,135.34989271302823,1
Sandstone,10.646772220536052,384.0005621071102,Dome,0.5794318227199275,2.3711764890930254,2088.0,0.1885760769947058,0.00017712042024433508,4088.36651731221,1.056526752620507,1.3739351150658101,0.4176,183.9083151853976,0
Sandstone,18.48548895637792,489.8008673462587,Dome,0.041266784,2.638647166213336,3850.0,0.16163073644923545,8.743654919307347e-05,9054.208524153593,1.1067066721022616,0.10888848266033785,0.77,127.22100450552173,0
Shale,9.519164322614596,75.03464055108786,None,0.500169229,2.194649717914821,3672.0,0.08815788031643744,9.261094496184033e-05,714.267073294126,1.1015310374170266,1.0976962573345237,0.7344,20.43427030258384,0
Shale,11.871238907213776,419.9684436881663,None,0.376086713,0.4238482739930399,2772.5,0.18676261875323308,0.0001573236123145861,4985.545728512978,1.0757445111603952,0.15940370417676578,0.5545,151.47644497318893,0
Shale,9.193270097,384.0073405752878,Anticline,0.6160881191298282,0.2437643864305116,2741.0,0.2029384791163697,0.0002207467821298906,3530.283201139288,1.0748525043845978,0.1501803423468105,0.5482,140.09753395669017,0
Limestone,6.40701901,433.1416907383473,Anticline,0.4785086131694892,3.408975944613144,3459.0,0.25817645634483966,0.0004029587799597299,2775.147046584132,1.0953695232683636,1.6312243515849851,0.6918,125.22165097957424,0
Sandstone,25.21897934457376,386.2349767887058,Dome,0.6782500604631375,2.638647166213336,1630.0,0.12288296880451602,4.872638465083486e-05,9740.451901786299,1.0438602093061373,1.7896626000250817,0.326,236.9539734900036,1
Limestone,26.09813498693067,383.9591597927851,Fault,0.076766737,2.938591417002092,4682.0,0.12043907957036387,4.61485388249685e-05,10020.617981740588,1.1312227460936117,0.22558607445945694,0.9364,82.00750956701945,0
Sandstone,23.20716305192161,145.02364800223145,Dome,0.890466258,2.638647166213336,2800.0,0.07849428430081451,3.382330021347223e-05,3365.587445572271,1.07652385244407,2.3496262682802933,0.56,51.79416000079695,0
Shale,7.067646847340326,743.8850499221459,Dome,0.500169229,2.638647166213336,2800.0,0.3221403624726628,0.0004557957824305973,5257.516827865855,1.07652385244407,1.3197701187279594,0.56,265.6732321150521,0
Sandstone,6.621377578,304.9420651750981,None,0.4814464104827508,0.377249677398318,2772.5,0.21309052517563248,0.00032182204181142155,2019.136552939409,1.0757445111603952,0.18162550303919592,0.5545,109.9881208927315,0
Sandstone,10.43772586629208,384.00147784237635,None,0.8864163878063751,4.590057805,1335.0,0.19045533946250998,0.00018246823292952387,4008.1021579697567,1.0357821493528119,4.0687024593305585,0.267,287.64155643623695,1
Limestone,2.5279309846755327,317.7561455449273,Fault,0.5821631960983702,4.704823071731836,2837.0,0.3520416281837472,0.0013926077504403578,803.2656058940898,1.0775733116567499,2.738974836516757,0.5674,112.00428112263914,0
Limestone,7.751779436111103,384.01521661475056,Anticline,0.4785086131694892,2.5658539647403695,4896.0,0.2210055404871604,0.00028510297836600217,2976.801259307974,1.137615894996605,1.2277832222633498,0.9792,78.43448051771865,1
Shale,10.844614494654362,383.9997118655999,Dome,0.500169229,2.638647166213336,3668.0,0.18684782128410293,0.00017229549411480315,4164.328841240784,1.1014150095155681,1.3197701187279594,0.7336,104.68912537230095,0
Sandstone,15.232564555879929,200.24089667620672,None,0.3765196406964849,2.7892241251955623,1216.0,0.11384645845269181,7.473886490685897e-05,3050.1823853476017,1.0325412642101104,1.0501976654406007,0.2432,164.67179002977525,0
Sandstone,17.078441488515733,62.06175245044111,Anticline,0.9732765453533918,0.084847173,834.0,0.05985735847094462,3.50484899404874e-05,1059.9180078996064,1.0222061157048112,0.08257976342044158,0.1668,74.41457128350254,1
Sandstone,15.574891187236211,849.6284717635227,Dome,0.4513622752009461,2.638647166213336,2800.0,0.23191650965515626,0.0001489040962579657,13232.87099729466,1.07652385244407,1.1909857883945802,0.56,303.43873991554386,0
Sandstone,27.85007316016865,383.9561597888497,Fault,0.4814464104827508,1.634243092517722,4905.0,0.11658892489858878,4.1863058753229775e-05,10693.20714041687,1.1378855560395467,0.7868004707488873,0.981,78.27852391209983,0
Limestone,20.11339995847528,383.97118731636516,None,0.1337712673567892,0.293203504132245,3227.0,0.13719434846722567,6.821042128653909e-05,7722.9660630246835,1.0886975975781097,0.03922220434122199,0.6454,118.98704286221418,0
Shale,10.70525121173311,670.5314277112857,Anticline,0.500169229,2.5658539647403695,2296.0,0.2485082354138303,0.0002321367621354478,7178.207379011374,1.062329884065996,1.2833611992707838,0.4592,292.04330475230216,1
Limestone,7.781992164055616,31.131210135332115,None,0.4785086131694892,1.912665347197806,2772.5,0.06280326972169473,8.07033319974002e-05,242.26283333072328,1.0757445111603952,0.9152268427449617,0.5545,11.22856993158958,0
Shale,19.840504196309865,383.9718181100188,Dome,0.6525349649409644,1.6966437508428955,2800.0,0.13813475792189087,6.96226046249281e-05,7618.194468476556,1.07652385244407,1.1071193704735751,0.56,137.13279218214956,0
Sandstone,6.910284963070535,975.6477471,Anticline,0.7709156460354234,3.574615632105622,4338.0,0.3731025288108404,0.0005399235064903242,6742.003956038774,1.121021118385345,2.755727119353029,0.8676,224.9072722683264,1
Limestone,11.274150475382587,383.99791809392633,Anticline,0.4785086131694892,3.1535316604550423,2741.0,0.18325345416233488,0.00016254302668965945,4329.250310824564,1.0748525043845978,1.5089920614304189,0.5482,140.0940963494806,0
Limestone,12.153241637635702,847.0756769513561,None,0.061211507,4.135654258102712,4401.0,0.2621468764816063,0.00021570119668303122,10294.71538735367,1.1228825335207016,0.253149629569434,0.8802,192.47345534000365,0
Sandstone,10.55075717233825,384.00098045070587,Dome,0.1039377625889258,0.9491955523743822,1744.0,0.18943228625895148,0.00017954378360218642,4051.501098675205,1.0469987506144665,0.09865726197315283,0.3488,220.1840484235699,0
Shale,22.94328726375268,992.134344880924,Anticline,0.2476173990609443,2.5658539647403695,2368.0,0.20648431564875175,8.999770315170541e-05,22762.823278838114,1.064346077862757,0.6353500851192222,0.4736,418.9756523990389,0
Limestone,14.082955585116128,383.98764562686114,Dome,0.9968149760709496,1.500843993,2800.0,0.1639613060583296,0.00011642535195638591,5407.6809585963965,1.07652385244407,1.4960637689685234,0.56,137.13844486673614,1
Sandstone,1.875208245312324,354.23755481136124,None,0.4174928523515995,4.307774523351156,2772.5,0.4315709431849514,0.002301456087684125,664.2691835815409,1.0757445111603952,1.7984650730414262,0.5545,127.76827946306987,0
Shale,1.20843920201941,724.1987485218724,Dome,0.500169229,3.402748251850536,2800.0,0.7686809714897503,0.006360940378342707,875.1501577672268,1.07652385244407,1.7019499696091804,0.56,258.642410186383,0
Limestone,0.8175003585244534,666.9467732076906,Dome,0.7965909363976443,0.2223729920540174,2736.0,0.8968736403494443,0.20021901654951496,545.2292262140144,1.0747109840436708,0.17714030996985564,0.5472,243.76709547064715,1
Shale,14.082955585116128,383.98764562686114,Dome,0.5769109078983793,2.638647166213336,2800.0,0.1639613060583296,0.00011642535195638591,5407.6809585963965,1.07652385244407,1.5222643322836216,0.56,137.13844486673614,1
Sandstone,10.433472091466616,384.0014966660347,Fault,0.4814464104827508,4.4306000573158215,2977.0,0.1904941649364142,0.0001825798384913653,4006.4688985464836,1.081553506026736,2.133096493879372,0.5954,128.98941775815746,0
Limestone,19.73848457344878,383.97205615743195,None,0.3949749995445172,0.4800872014178164,3871.0,0.13849131994797498,7.016309658050779e-05,7579.026507098879,1.107318882214115,0.18962244216133056,0.7742,99.1919545743818,0
Limestone,4.786198700652707,384.03748504228054,Fault,0.2790423871302602,1.1645227860775802,2837.0,0.2812684981714857,0.0005876657359276127,1838.0797119112965,1.0775733116567499,0.3249512180946693,0.5674,135.36746036033855,0
Limestone,19.810074915423822,847.7264557604723,Anticline,0.4785086131694892,2.5658539647403695,1775.0,0.2054066300531716,0.00010368796227683376,16793.524596401676,1.0478538443494212,1.2277832222633498,0.355,477.5923694425196,0
Limestone,18.92152333475788,972.1944571169496,None,0.4785086131694892,2.435525839508468,2101.0,0.2250754719994573,0.00011895208859109408,18395.40010626063,1.0568885178098828,1.1654200918016528,0.4202,462.72939415371235,0
Sandstone,8.141645647102944,384.0129505287838,None,0.036439486,4.371943396317276,3394.0,0.21564852166664142,0.0002648709253802713,3126.4973671038306,1.0934961214340553,0.15931137018289582,0.6788,113.14465248343659,1
Limestone,7.8120932636372515,384.014858688439,Fault,0.4785086131694892,1.5980891129237806,2837.0,0.2201506402315123,0.0002818074910296345,2999.9598906965653,1.0775733116567499,0.7646994051464175,0.5674,135.35948490956608,0
Sandstone,8.516345447721395,885.2342015867383,Dome,0.646260945,4.038651397912642,2800.0,0.32013422462899116,0.0003759056353387417,7538.960262850503,1.07652385244407,2.610022668940595,0.56,316.1550719952637,1
Shale,14.082955585116128,383.98764562686114,Dome,0.0174955474861691,2.638647166213336,2800.0,0.1639613060583296,0.00011642535195638591,5407.6809585963965,1.07652385244407,0.04616457679573096,0.56,137.13844486673614,0
Sandstone,27.40334095426769,755.4320869740122,Anticline,0.6846383318631067,0.1409274767967189,3734.0,0.1648639134630584,6.016197577448421e-05,20701.363047142862,1.1033310336877324,0.09648435262778232,0.7468,202.31175334065674,1
Shale,17.392993723028194,383.9778975588581,Anticline,0.500169229,2.5658539647403695,2741.0,0.14753518008499547,8.482448877656984e-05,6678.525162022782,1.0748525043845978,1.2833611992707838,0.5482,140.08679225058668,0
Shale,10.725286235895991,384.00022281133096,Fault,0.4946113129235441,2.601045369781574,2367.0,0.1878844944455291,0.00017517900251156626,4118.512304299362,1.0643180489838717,1.2865064653213696,0.4734,162.23076586874987,0
Limestone,11.21399426915122,383.9981651530274,Dome,0.7306773700294364,4.813408492945614,4059.0,0.18374437708928432,0.00016385274745034432,4306.153223390633,1.1128147295420199,3.5170486585028544,0.8118,94.60413036536767,1
Shale,14.082955585116128,383.98764562686114,Dome,0.7030635376375156,4.461805403898476,2800.0,0.1639613060583296,0.00011642535195638591,5407.6809585963965,1.07652385244407,3.1369326915150464,0.56,137.13844486673614,0
Limestone,18.63318974730609,330.7816860573859,Dome,0.2536201691339893,4.84088202,2536.0,0.1322990644455725,7.10018339531479e-05,6163.517921241105,1.0690654235603512,1.2277453166700878,0.5072,130.4344187923446,0
Shale,13.252394749131213,257.73474357563657,Fault,0.500169229,2.480208479564591,908.0,0.13847422706705187,0.00010448996554085428,3415.6025624304457,1.0242001012903752,1.2405239629830838,0.1816,283.8488365370447,0
Sandstone,14.082955585116128,689.9461061732059,Anticline,0.8706008425757117,1.3543702766050032,2741.0,0.21978109219058548,0.0001560617661983297,9716.480369361074,1.0748525043845978,1.1791159039718155,0.5482,251.7132820770543,1
Limestone,26.19932619773185,748.3971238,None,0.4785086131694892,4.181275046857013,2586.0,0.16782267602976503,6.405610387197436e-05,19607.500371880506,1.0704740272644389,2.00077612395174,0.5172,289.4033734725445,0
Limestone,2.0008164421634653,4.763926855982518,Anticline,0.6487931155871676,1.3686792942491932,2741.0,0.048451649476830054,0.00024215939281486368,9.531743182713926,1.0748525043845978,0.8879897035555797,0.5482,1.7380251207524693,1
Sandstone,10.831158220682578,277.3456548166074,Fault,0.8785807126255765,3.976535165055571,2740.0,0.15889231081285984,0.00014669927959269204,3003.97466913749,1.0748241988256337,3.493707099095188,0.548,101.22104190387131,1
Sandstone,29.51205101027273,383.95348342163993,None,0.1999041457248392,1.5997124371745175,2772.5,0.11325809634377443,3.837689773047318e-05,11331.254788311344,1.0757445111603952,0.3197891481587724,0.5545,138.4863781502759,0
Limestone,24.43695636340508,383.96219655319095,Dome,0.8768916778163262,3.966491379272438,1572.0,0.12446588319599439,5.093346378536117e-05,9382.867442367491,1.0422670203522075,3.4781832806142017,0.3144,244.250761166152,1
Shale,13.607369997685025,907.9080419,Dome,0.4027012862319639,2.638647166213336,2800.0,0.2564858925139153,0.00018849042287932962,12354.240650007017,1.07652385244407,1.062586607746437,0.56,324.2528721071429,0
Sandstone,12.92951705762466,357.5429872875801,None,0.8458996459615251,0.573990956,2281.0,0.16512112106572877,0.00012770865325426465,4622.858152968844,1.0619103246577355,0.48553874646551737,0.4562,156.74835041103904,0
Sandstone,17.789481029022962,278.43792360133205,Dome,0.9269101886533836,2.638647166213336,3868.0,0.12422591434139262,6.983110644921124e-05,4953.266159666441,1.1072314028965717,2.4457889426245196,0.7736,71.98498541916547,1
Limestone,14.082955585116128,736.94919,None,0.4885356199718922,2.4656068599156766,2772.5,0.22714412906137033,0.0001612900982954405,10378.422711257308,1.0757445111603952,1.2045367759158554,0.5545,265.80674120829576,1
Limestone,5.710109252851426,386.7502621300428,Fault,0.254349101,3.4731250219104712,3033.0,0.2584179920050137,0.0004525622550496191,2208.386250331472,1.0831496971591057,0.8833862269835338,0.6066,127.51409895484431,0
Shale,14.082955585116128,653.1605534474288,Dome,0.9192962153289052,2.638647166213336,2800.0,0.2138418571360072,0.00015184444475704412,9198.431064150009,1.07652385244407,2.4256983534882606,0.56,233.2716262312246,0
Sandstone,12.457843127184615,286.3793238578763,Anticline,0.4814464104827508,1.4162673588597303,2741.0,0.15054940687947055,0.00012084708833020412,3567.668691490621,1.0748525043845978,0.6818568362069031,0.5482,104.47987006854297,1
Limestone,7.305850166986088,275.77939323281987,Anticline,0.3632569373481609,2.5658539647403695,2741.0,0.19291907607978048,0.00026406109031848127,2014.802926101319,1.0748525043845978,0.9320642529142227,0.5482,100.61269362744248,0
Limestone,24.904529489937545,399.1673956384539,Dome,0.3840473827575243,2.638647166213336,2800.0,0.12570947356975995,5.047655030806816e-05,9941.076176099443,1.07652385244407,1.01336553820479,0.56,142.5597841565907,0
Sandstone,15.268253430278588,46.41916257772091,Dome,0.7257690156723606,0.2493442115332045,2800.0,0.054749936365989633,3.585867670850592e-05,708.7395382579467,1.07652385244407,0.1809663029680547,0.56,16.57827234918604,1
Limestone,14.082955585116128,383.98764562686114,Anticline,0.2954703428875134,4.608713751757667,2741.0,0.1639613060583296,0.00011642535195638591,5407.6809585963965,1.0748525043845978,1.361738232502236,0.5482,140.09034864168592,1
Sandstone,2.513729176447849,545.2418673761748,Anticline,0.2147187275428921,3.809616909,2741.0,0.4624502338110741,0.0018396979203008758,1370.590390244399,1.0748525043845978,0.8179960951263657,0.5482,198.92078342800977,0
Limestone,10.948738377975927,691.6585144118862,None,0.7498235843610578,3.2494707530831732,3150.0,0.2495706284722101,0.00022794464517869663,7572.788121195234,1.0864922029103021,2.4365298073532506,0.63,219.57413155932898,0
Sandstone,10.350135607810326,384.00186700012284,None,0.7140128012482679,3.1420384037448037,1015.0,0.19125962328621887,0.00018478948540721752,3974.4713971036167,1.027090176852788,2.2434556422874636,0.203,378.3269625616974,0
Shale,11.254229432517768,400.9552386756885,Dome,0.426954445,2.638647166213336,4195.0,0.18742163053361593,0.00016653439638620058,4512.44224822612,1.1168074444806206,1.1265821364014377,0.839,95.57931792030715,0
Shale,5.147891012,319.7558973484055,Anticline,0.500169229,1.94773756949469,2741.0,0.24747096836302093,0.0004807230141161756,1646.0685099938512,1.0748525043845978,0.9741983984284931,0.5482,116.65665718657624,0
Limestone,14.80630978768359,383.98533268221917,Fault,0.7329696677216548,2.480208479564591,1440.0,0.1599055546184777,0.00010799825001060883,5685.405789619681,1.0386502004500544,1.817917585146889,0.288,266.65648102931885,1
Shale,25.11485892585077,35.71533165231199,Fault,0.485969647,2.480208479564591,4470.0,0.03744480904988801,1.4909424401084733e-05,896.9855159377883,1.1249247728495264,1.205306039300411,0.894,7.990007081054136,1
Shale,9.335842134120275,384.00662989963257,Anticline,0.500169229,2.5658539647403695,4243.0,0.20138274655845165,0.00021570924579202743,3585.0252751985204,1.1182200556516264,1.2833611992707838,0.8486,90.5035658495481,1
Shale,5.293193114110509,297.4145972201561,Dome,0.1956477465527071,0.5807610004233571,2800.0,0.23537043970740187,0.0004446662621848335,1574.272898041681,1.07652385244407,0.1136245810185256,0.56,106.21949900719862,0
Limestone,6.021385287413766,384.02688232285175,Fault,0.8486087568391968,3.13359961474756,2183.0,0.25076230476663197,0.0004164528473054021,2312.373819190197,1.059173277961369,2.659200073502713,0.4366,175.9170326719431,1
Sandstone,11.42624385229228,176.63407352717965,Fault,0.1744660176143897,0.1599826104634821,4771.0,0.12345683707765596,0.00010804673755749456,2018.2639967452792,1.1338772035177982,0.02791152893511792,0.9542,37.02244257538874,0
Sandstone,25.694802082877207,383.9598789624038,Fault,0.4814464104827508,2.480208479564591,2837.0,0.12138078244305218,4.7239430781192625e-05,9865.773097704454,1.0775733116567499,1.1940874697352533,0.5674,135.3401053797687,1
Sandstone,22.15517635531556,383.96672285775827,Anticline,0.5172754026732665,0.8398119819793859,2594.0,0.13071903584714067,5.900157766777515e-05,8506.85045948621,1.0706995760285634,0.4344140811482209,0.5188,148.021095935913,0
Limestone,10.168343260453462,380.2512366181487,Anticline,0.1587027123583364,2.5658539647403695,2741.0,0.1920170823098618,0.0001888381198308393,3866.525099145247,1.0748525043845978,0.4072079837196879,0.5482,138.7271932207766,0
Sandstone,26.43012254444124,646.0646344008916,None,0.2020824627402039,3.211108379052231,4012.0,0.1552451509242219,5.8737961075732104e-05,17075.56745884519,1.1114382157648484,0.6489086893645789,0.8024,161.03305942195703,0
Sandstone,5.8502694131584745,581.4654447926312,Fault,0.1932044848818513,1.1004969383777548,3815.0,0.31304276450634416,0.0005350911939239,3401.7295064789178,1.1056870739930245,0.21262094409332855,0.763,152.41558185914317,0
Sandstone,14.082955585116128,724.8161333869203,None,0.08080906,2.130220517,2772.5,0.22526652990241308,0.00015995685603133677,10207.553413863607,1.0757445111603952,0.17214111757148404,0.5545,261.4305260187269,0
Shale,10.925120673795178,677.3226057604201,Anticline,0.3005638851119715,1.985615128025596,3068.0,0.24723748207393506,0.00022630183176553371,7399.831203021986,1.0841485126551178,0.5968041972164778,0.6136,220.7700801044394,0
Sandstone,27.75193669341165,383.95632278078256,None,0.1834274156124563,3.869173637577262,2772.5,0.11679490879251392,4.208531825465039e-05,10655.531562847407,1.0757445111603952,0.7097125208966438,0.5545,138.48740226538595,0
Shale,12.14175191488976,770.8718844877473,Fault,0.7852158751252233,3.55992323,2837.0,0.25019583383193367,0.00020606238340705325,9359.735179613783,1.0775733116567499,2.7953082344230613,0.5674,271.72079114830706,0
Shale,7.575911689093334,519.2895037722692,Fault,0.1778032381100812,2.480208479564591,3725.0,0.25996624938494056,0.00034314846853244227,3934.0914216518113,1.1030695615250226,0.4409890988546654,0.745,139.40657819389776,0
Sandstone,14.082955585116128,383.98764562686114,Dome,0.8467996008147614,2.859784520770595,2800.0,0.1639613060583296,0.00011642535195638591,5407.6809585963965,1.07652385244407,2.4216643906047732,0.56,137.13844486673614,1
Shale,5.156211076177405,384.03404597333144,Fault,0.7409559150623704,2.549861325168539,2837.0,0.2709874437641069,0.0005255553734332487,1980.1606014769143,1.0775733116567499,1.8893348314724032,0.5674,135.3662481400534,1
Limestone,23.69285321203904,383.96362441731225,Fault,0.4785086131694892,2.830317318646982,2837.0,0.12640551065409664,5.3351746842320475e-05,9097.193792081867,1.0775733116567499,1.3543312149753548,0.5674,135.3414255965147,1
Limestone,1.7322323840110798,384.08442546520945,None,0.4785086131694892,0.4512065883370858,1306.0,0.4675627667259585,0.0026991919273746117,665.3234799851257,1.034991417606656,0.21590623883811558,0.2612,294.0922093914314,0
Shale,23.303714502216813,538.5989306,Anticline,0.8302846063624797,0.6256460776036282,2313.0,0.15095580412540055,6.47775718806719e-05,12551.355709901687,1.0628055851265594,0.5194643072653579,0.4626,232.85729814094248,0
Limestone,18.76434181273984,383.9743932054178,None,0.4785086131694892,4.9308844361142325,3732.0,0.14204112772896005,7.569736745710037e-05,7205.02676144583,1.1032729234069505,2.3594706732240405,0.7464,102.88702926190187,1
Sandstone,26.137548821959577,791.9034041025449,Fault,0.4814464104827508,2.480208479564591,3947.0,0.1728356488870755,6.612542364411266e-05,20698.41388700625,1.109537331772822,1.1940874697352533,0.7894,200.63425490310232,1
Limestone,17.90329259885069,383.9765622696755,None,0.1066823974817351,0.6169718187661838,2772.5,0.14541712408273338,8.122367619242759e-05,6874.444745414813,1.0757445111603952,0.06582003280464305,0.5545,138.49470235155113,0
Sandstone,14.082955585116128,807.7479954483017,Dome,0.4814464104827508,2.351544078662089,2800.0,0.2378048390356322,0.00016886003623199758,11375.479143865017,1.07652385244407,1.13214245576383,0.56,288.4814269458221,0
Shale,14.082955585116128,851.3561780592992,Fault,0.500169229,2.480208479564591,2837.0,0.24413969025346577,0.00017335827609332944,11989.611242723327,1.0775733116567499,1.2405239629830838,0.5674,300.0902989281985,0
Shale,14.082955585116128,512.6988057934744,Anticline,0.500169229,2.5658539647403695,2741.0,0.18945841347369477,0.00013453029254308516,7220.31451053158,1.0748525043845978,1.2833611992707838,0.5482,187.04808675427742,0
Limestone,29.92747778837917,383.95283799268003,Anticline,0.6146456795311703,2.5658539647403695,2741.0,0.11246918045389198,3.758057436352479e-05,11490.740030811077,1.0748525043845978,1.577091053735592,0.5482,140.07764976018973,1
Limestone,1.2178795590712022,384.1006982606246,Fault,0.4785086131694892,2.480208479564591,2837.0,0.5576350016447366,0.0045787368503828795,467.78838903659033,1.0775733116567499,1.1868011199276598,0.5674,135.38974207283206,0
Sandstone,13.070161983668712,67.34400995236008,Fault,0.4814464104827508,1.481907617473595,4869.0,0.07127523360191496,5.4532785202642495e-05,880.1971187071441,1.1368072952398507,0.7134591030997076,0.9738,13.831178877050746,0
Shale,20.27677868490632,383.97081375278725,Anticline,0.3145024755542828,2.5658539647403695,2741.0,0.13664044718627189,6.738765033125536e-05,7785.691211928651,1.0748525043845978,0.8069674238216177,0.5482,140.084207863111,0
Limestone,14.082955585116128,102.16391580642224,Fault,0.4785086131694892,2.480208479564591,2837.0,0.08457295564402878,6.005341359835822e-05,1438.769888703388,1.0775733116567499,1.1868011199276598,0.5674,36.01124984364548,0
Shale,1.9105430250755016,688.6855055065366,Fault,0.061179881,2.480208479564591,2837.0,0.5961584557071332,0.0031203613207484507,1315.7632890161094,1.0775733116567499,0.1517388596349526,0.5674,242.75132375979436,1
Limestone,14.082955585116128,335.9936784514765,None,0.4785086131694892,1.6979537069791315,2772.5,0.15337278244384234,0.00010890667198151049,4731.784050511934,1.0757445111603952,0.8124854735525775,0.5545,121.18798140720524,0
Sandstone,10.344528232385091,384.00189202538394,Dome,0.2596140986739204,2.638647166213336,4993.0,0.1913114597819791,0.0001849397628236443,3972.3184133458753,1.1405256121924348,0.6850300057749694,0.9986,76.90804967462125,0
Sandstone,2.511748135360452,952.957403249946,Anticline,0.4372767691143904,4.781908724169429,3887.0,0.6116153097158329,0.00243501846823532,2393.58898069099,1.1077855553152396,2.0910175971047247,0.7774,245.165269680974,0
Limestone,12.929511865446091,394.550320425894,Anticline,0.994543892090604,2.5658539647403695,2271.0,0.17345618239848662,0.0001341552443770483,5101.343049462153,1.061630710446222,2.5518543886289944,0.4542,173.73417896340555,1
Sandstone,14.082955585116128,383.98764562686114,None,0.5203167221940654,2.811989988,2772.5,0.1639613060583296,0.00011642535195638591,5407.6809585963965,1.0757445111603952,1.4631254133986895,0.5545,138.49869995558564,0
Shale,10.307159359830017,212.0524685764592,Dome,0.8045332948444376,4.117763635882828,857.0,0.14242355405003873,0.0001381792490810849,2185.658586262912,1.0228254518471314,3.312877945367423,0.1714,247.43578597019743,0
Shale,18.018198875615475,648.4677284404107,None,0.500169229,2.2297925316569063,2772.5,0.18837277862780205,0.00010454584274942826,11684.22049545793,1.0757445111603952,1.115273611388793,0.5545,233.89277851773156,0
Sandstone,24.996290638734045,213.41212461414372,Anticline,0.4814464104827508,2.5658539647403695,3771.0,0.09174901489367752,3.670505204940449e-05,5334.511492684865,1.1044066261284484,1.2353211811471856,0.7542,56.59297921350934,0
Sandstone,1.2493206701994095,384.09952091104947,Fault,0.4814464104827508,2.480208479564591,806.0,0.5505725666849858,0.0044069755653454975,479.8634708878644,1.0214526474155112,1.1940874697352533,0.1612,476.5502740831879,0
Shale,15.42245762298556,745.9925767261483,Anticline,0.7748557974307065,0.4151617475628405,2741.0,0.21838364388450404,0.0001416010659410249,11505.038901620826,1.0748525043845978,0.3216904869705305,0.5482,272.1607357629144,0
Limestone,14.082955585116128,564.7748839589913,Fault,0.9200515068834888,2.480208479564591,2837.0,0.198847635327981,0.00014119737446174817,7953.6996063835895,1.0775733116567499,2.2819195490086086,0.5674,199.07468592139276,1
Limestone,2.798143403345097,930.436291243628,Dome,0.041938014,3.1209805039474063,2800.0,0.5725823870922996,0.0020462939333552184,2603.4941705762353,1.07652385244407,0.1308877240682734,0.56,332.2986754441529,0
Shale,20.055147034529483,383.97132124536444,Fault,0.676458234,2.8953744416617737,2837.0,0.13739347784783593,6.850783871655586e-05,7700.601304618338,1.0775733116567499,1.9585998815752597,0.5674,135.3441386130999,0
Sandstone,18.85506510708612,383.97417048817266,Anticline,0.1232210120704645,2.704657903413192,1006.0,0.14169895104565347,7.515166361976661e-05,7239.857983993881,1.026846772578241,0.33327068416295413,0.2012,381.6840660916229,0
Shale,27.291805138025907,289.52790899190387,Dome,0.5962079625658703,2.638647166213336,2800.0,0.10227246747974943,3.747369108144932e-05,7901.7392742271395,1.07652385244407,1.5731824508982604,0.56,103.40282463996567,0
Shale,5.002928066180761,821.3209494,Anticline,0.4342959821172019,4.897416841,3802.0,0.40232217371387285,0.000804173412833029,4109.009629095489,1.105308605415712,2.1269284567994196,0.7604,216.02339542346135,0
Limestone,25.51512684985791,478.6189217994033,Anticline,0.4785086131694892,1.0922796371766297,2741.0,0.13599586829393262,5.330009491788592e-05,12212.022502454,1.0748525043845978,0.522665214378662,0.5482,174.6147106163456,1
Shale,5.488059638526376,384.03116541354893,Anticline,0.500169229,3.784223980649921,1214.0,0.2626657650952806,0.0004786131755044306,2107.585938842344,1.0324868822875957,1.8927523907649821,0.2428,316.33539160918366,0
Limestone,4.1191012542481324,384.0444173302831,Dome,0.5745334005547921,1.200311384937081,1595.0,0.3031929805357218,0.0007360658595683495,1581.9178411121625,1.0428985110327413,0.6896189817125332,0.319,240.78019895315558,0
Limestone,9.172683825,384.0074441009418,Fault,0.1296365021474264,0.1948506789966081,831.0,0.20316610648328126,0.00022149036242757582,3522.378871184301,1.0221253603823595,0.025259760466171278,0.1662,462.1028208194246,0
Sandstone,10.512397500305925,863.6829851397573,Anticline,0.263521442,2.0702779561940683,2741.0,0.28461379285566263,0.00027074108722332846,9079.378854039944,1.0748525043845978,0.5455626323570737,0.5482,315.09776911337366,0
Sandstone,27.38362156159576,538.0681010196867,Fault,0.4814464104827508,1.7212006935947544,2837.0,0.13918833153110827,5.082904436800768e-05,14734.253252689577,1.0775733116567499,0.8286658956516154,0.5674,189.66094501927623,0
Sandstone,14.082955585116128,828.7775275151349,Dome,0.1263099266220549,2.638647166213336,2800.0,0.24088054580069923,0.00017104402860950506,11671.637109938005,1.07652385244407,0.3332873299458996,0.56,295.9919741125482,0
Limestone,16.83453440015868,383.9794045324121,Fault,0.4785086131694892,2.921632172316932,3769.0,0.1499626335936399,8.908035709750689e-05,6464.114494553338,1.104348459198323,1.3980261589667373,0.7538,101.87832436519291,0
Limestone,14.082955585116128,383.98764562686114,None,0.5124386744880165,4.509310892350559,2772.5,0.1639613060583296,0.00011642535195638591,5407.6809585963965,1.0757445111603952,2.310745296530495,0.5545,138.49869995558564,0
Limestone,22.50992327459868,365.5922304805569,Fault,0.6293625638701175,4.987291644197992,896.0,0.12654387217783036,5.621692736759737e-05,8229.453057906732,1.0238764882441778,3.138814655960462,0.1792,408.0270429470501,1
Limestone,0.409020717174644,384.1511008036153,Fault,0.5696301042699973,2.480208479564591,2837.0,0.9622945721397342,1.3903847219236343,157.1257587541237,1.0775733116567499,1.4128014148257093,0.5674,135.40750821417527,0
Limestone,12.238878066171791,339.1965419457066,Fault,0.4785086131694892,3.989951406173735,2837.0,0.1653044527198005,0.0001350650376824174,4151.385117340628,1.0775733116567499,1.9092261139818474,0.5674,119.56169966362586,0
Sandstone,8.965714057770924,384.008498029265,Fault,0.4814464104827508,2.480208479564591,4973.0,0.2054980115091753,0.00022920428889995926,3442.9103890844794,1.1399250620777108,1.1940874697352533,0.9946,77.21868048044742,1
Limestone,14.082955585116128,383.98764562686114,None,0.8640531247038472,3.5921593741115414,2772.5,0.1639613060583296,0.00011642535195638591,5407.6809585963965,1.0757445111603952,3.1038165316352933,0.5545,138.49869995558564,1
Limestone,22.39259490029547,433.0149122456085,Fault,0.6086723455998135,4.239927299641231,2837.0,0.13807939096749597,6.166297009449048e-05,9696.327515702904,1.0775733116567499,2.5807264946453112,0.5674,152.63126973761314,1
Limestone,2.7629626259876936,384.06286066442095,Anticline,0.4785086131694892,3.3383026156367803,2444.0,0.3702058686685104,0.0013398873556466242,1061.151330045714,1.0664784338847415,1.5974065549484342,0.4888,157.14519667120334,1
Limestone,13.120427172977845,207.1325397035068,Fault,0.4785086131694892,4.261413496313732,2837.0,0.12476128111949879,9.508934387170769e-05,2717.6674023338032,1.0775733116567499,2.039123062262828,0.5674,73.01111727300204,1
Sandstone,14.082955585116128,383.98764562686114,Fault,0.4104969331228897,0.3605621534373149,2837.0,0.1639613060583296,0.00011642535195638591,5407.6809585963965,1.0775733116567499,0.14800965818620254,0.5674,135.34989271302823,0
Sandstone,8.954792942248899,384.0085543154261,Anticline,0.6562334322936318,3.027238029836063,575.0,0.2056232993621728,0.00022962373411454087,3438.717091946981,1.0152576876026498,1.9865748026891314,0.115,667.8409640268281,1
Sandstone,14.082955585116128,28.821927805173,Anticline,0.4814464104827508,2.5658539647403695,2741.0,0.04492046634463019,3.1897044674418587e-05,405.8979291576749,1.0748525043845978,1.2353211811471856,0.5482,10.515114120821963,0
Shale,10.556545030410192,384.0009551250049,None,0.7251352229107911,3.368289270911791,1865.0,0.18938034268464554,0.00017939613968310508,4053.7233744976375,1.0503403335046804,2.4424651912906477,0.373,205.8986354557667,1
Limestone,13.878309097709352,588.9371557119704,None,0.2158579007652123,1.4809681510767103,2772.5,0.20454828728205546,0.00014738703817730695,8173.451886096507,1.0757445111603952,0.3196786761915565,0.5545,212.42097591053937,0
Shale,16.062400065344033,895.9584027515218,Anticline,0.500169229,2.5658539647403695,2741.0,0.23451377205346868,0.00014600170030595349,14391.242306901579,1.0748525043845978,1.2833611992707838,0.5482,326.8728211424742,0
Shale,27.37798036774172,383.9569492018911,None,0.991142774,3.9734283219999997,2524.0,0.11758995125399269,4.295055722683759e-05,10511.96581730738,1.0687276345698338,3.9382347693572446,0.5048,152.1224045966288,0
Limestone,18.809053035861496,383.97428330925726,None,0.3325960843959674,3.503992307790192,2772.5,0.14187218315389857,7.542760546392415e-05,7222.192659170727,1.0757445111603952,1.1654141213246072,0.5545,138.49388036402425,0
Shale,14.082955585116128,253.1787629079379,Fault,0.6686075922668305,3.4929570929326164,2837.0,0.13313626834098397,9.453716411751796e-05,3565.505273127136,1.0775733116567499,2.3354176317970246,0.5674,89.24172115189916,0
Limestone,23.27616869,653.9818871950113,Anticline,0.5956877349680622,0.9223660513326204,980.0,0.16643963708668877,7.15064576577825e-05,15222.192726555631,1.0261439286474292,0.549442143929764,0.196,667.3284563214401,0
Sandstone,14.602531450569463,383.98597263222797,Fault,0.3145444945389227,2.133290204230888,2837.0,0.16101756424407587,0.00011026688405988441,5607.1672419396145,1.0775733116567499,0.6710146889946398,0.5674,135.34930300748252,0
Shale,19.6076031013326,383.9723633579974,Anticline,0.500169229,2.5658539647403695,812.0,0.13895282409549156,7.086680782825916e-05,7528.777702604278,1.021614058138058,1.2833611992707838,0.1624,472.8723686674844,0
Limestone,0.7385395152371577,384.1238034143287,None,0.2541790742435966,1.7625372227307898,2772.5,0.7161077762315461,0.2535191177357884,283.69060756467155,1.0757445111603952,0.44800007959359195,0.5545,138.54781006828807,0
Limestone,18.99789604828232,869.4834950748731,Fault,0.8814719638223172,0.3429674520394787,1109.0,0.21242594835672807,0.00011181551252668023,16518.357055129632,1.029635850116851,0.30231619347637567,0.2218,784.0247926734654,1
Sandstone,3.4062192697886005,812.9440964438623,Fault,0.6543493461623232,4.7782209031389815,2837.0,0.4850915260495357,0.0014241347594737843,2769.065846567966,1.0775733116567499,3.126625723788138,0.5674,286.55061559529867,1
Sandstone,13.895983089267611,132.8510150143948,None,0.4814464104827508,2.4443392314482524,2179.0,0.09708842324967844,6.98679774046814e-05,1846.0954580320674,1.0590617117425805,1.176818348982927,0.4358,60.96879991482093,0
Limestone,21.63861807,383.96781220189825,None,0.4785086131694892,0.4061431411065425,2772.5,0.1322702873223922,6.112695685764383e-05,8308.532839410362,1.0757445111603952,0.19434299119919182,0.5545,138.4915463307117,0
Shale,18.960576252673093,383.973912812238,None,0.9561656838882706,3.8684970516648116,2772.5,0.14130409294830792,7.452521013351936e-05,7280.366652913688,1.0757445111603952,3.698924129024843,0.5545,138.49374673119496,0
Limestone,22.81272935047415,383.9653723537451,Dome,0.4785086131694892,2.638647166213336,2800.0,0.12882111500239543,5.6468962140962736e-05,8759.298119460018,1.07652385244407,1.2626153961483462,0.56,137.13049012633755,1
Limestone,14.082955585116128,391.4849731867927,None,0.9478520730718336,1.3721456138646908,2772.5,0.16555423378470419,0.00011755645523704818,5513.265489629979,1.0757445111603952,1.300591064658071,0.5545,141.20287581128682,0
Sandstone,9.61460692966642,384.0052711742019,Fault,0.9854203500012166,2.480208479564591,2837.0,0.19844148763258843,0.00020639584029201013,3692.0597412599145,1.0775733116567499,2.4440479080085247,0.5674,135.35610545442435,0
Limestone,24.98081239,383.96118018693085,Dome,0.9736483661436228,2.638647166213336,3685.0,0.12310339439856285,4.927917974670913e-05,9591.662207292706,1.1019082125177668,2.569114502213115,0.737,104.19570697067323,1
Shale,11.230248490014514,626.3071038118583,None,0.7768623528361118,2.089902038,4114.0,0.234492325665773,0.00020880421824528116,7033.584406868485,1.1144277084645846,1.6235662144376652,0.8228,152.23799314823975,1
Shale,0.9716741332798516,132.08426744875482,Dome,0.0078084,1.1083209413649668,2800.0,0.3660959068053641,0.010672285602537432,128.34286609317294,1.07652385244407,0.008654213238554207,0.56,47.17295266026958,0
Sandstone,28.73736227146945,383.9547116655001,Anticline,0.9629054230495308,2.5658539647403695,4294.0,0.11477470820689714,3.9939193835074366e-05,11033.845644969073,1.1197229128342958,2.470674697401641,0.8588,89.41656070458782,1
Shale,10.703841705968353,384.000315235958,Anticline,0.0322936500674911,1.8933834573316024,2291.0,0.1880726307852557,0.00017570572879491327,4110.278589327642,1.0621900125145445,0.06114426281464324,0.4582,167.61253393101615,1
Shale,14.082955585116128,383.98764562686114,Dome,0.500169229,2.638647166213336,2800.0,0.1639613060583296,0.00011642535195638591,5407.6809585963965,1.07652385244407,1.3197701187279594,0.56,137.13844486673614,0
Sandstone,19.568253326971508,305.57447803381586,None,0.6207082263350591,0.860864844,2068.0,0.12408296323742593,6.341034182463219e-05,5979.558796422799,1.0559704325732304,0.5343458904334473,0.4136,147.7632872503945,0
Shale,18.607240628067363,383.9747814335592,Anticline,0.1809795776059951,4.346414615119444,2741.0,0.14263956707055908,7.665809773825359e-05,7144.711153243808,1.0748525043845978,0.7866122811448406,0.5482,140.08565539349112,0
Limestone,14.082955585116128,383.98764562686114,Anticline,0.9080744025295908,2.5658539647403695,2741.0,0.1639613060583296,0.00011642535195638591,5407.6809585963965,1.0748525043845978,2.329986306009793,0.5482,140.09034864168592,1
Sandstone,12.966395627550703,402.8705410765712,None,0.4814464104827508,4.011321790053547,2772.5,0.17502608143371734,0.0001349843753508692,5223.778822284239,1.0757445111603952,1.9312364771125226,0.5545,145.30948280489494,0
Sandstone,10.929725002346684,383.999350859037,Anticline,0.6325793642202862,1.2890482136490578,3084.0,0.18611881367617727,0.00017028682207120155,4197.007305968913,1.0846054207387845,0.8154252994394166,0.6168,124.51340819034922,0
Limestone,10.802988923463396,383.9998894586299,Fault,0.0539046163984775,2.480208479564591,1387.0,0.18720749511828697,0.00017329231423322518,4148.346552432748,1.0372015262876038,0.1336946866791804,0.2774,276.8564451756524,0
Shale,0.1633112757507171,979.3706742995688,None,0.1048258495224927,1.314477548567478,2379.0,2.431616659522879,12.457843044622514,159.94227425270262,1.0646544442521575,0.13779122570682953,0.4758,411.6732552751445,0
Limestone,3.4651759846939854,120.28124143423732,Fault,0.4502139309565771,2.480208479564591,4405.0,0.1849975389942738,0.0005338763162720325,416.7956692270983,1.1230008229055595,1.1166244091766098,0.881,27.30561667065546,0
Shale,14.082955585116128,383.98764562686114,Fault,0.8130659492556687,1.3374069292439994,2837.0,0.1639613060583296,0.00011642535195638591,5407.6809585963965,1.0775733116567499,1.0874000344668813,0.5674,135.34989271302823,0
Sandstone,11.133075370388642,383.99849958255686,Anticline,0.069636316,2.5658539647403695,3784.0,0.18441100606769292,0.00016564246619418633,4275.084237968757,1.1047847858591493,0.17867661749851324,0.7568,101.47951891716619,0
Sandstone,1.7465253622601895,384.0840459130449,Anticline,0.4814464104827508,3.5804575237035885,2741.0,0.4656454178343797,0.002666124568794037,670.81252742664,1.0748525043845978,1.7237984226730512,0.5482,140.12551839220902,1
Limestone,0.3003123167740928,384.16537337615364,Anticline,0.1205250022263235,3.643945950520772,3196.0,1.1230579965870262,2.6165754911458006,115.3695933029771,1.0878091735865678,0.4391865937991185,0.6392,120.20193159454118,0
Shale,13.33882973741714,383.9901524284931,Anticline,0.5100983336748071,3.106775774962772,2741.0,0.16847320077214667,0.00012630283472286747,5121.979264088524,1.0748525043845978,1.5847611459097675,0.5482,140.09126319901245,0
Sandstone,19.013909279781867,190.4058946865161,Fault,0.4794218341127497,4.447302068086984,3074.0,0.09936515950783997,5.225919512169878e-05,3620.360407905117,1.0843198306258708,2.1321337143356867,0.6148,61.94075949463764,0
Limestone,19.307286682194604,942.0185270753104,Dome,0.4238455245005766,4.3324895166580175,2196.0,0.21933035806915435,0.00011359978316964821,18187.821762181717,1.059535949347146,1.836306291581167,0.4392,428.97018537127065,0
Limestone,18.32779162450434,512.9207993367459,Anticline,0.4785086131694892,2.5658539647403695,2741.0,0.16611151301762037,9.06336761246939e-05,9400.70553011808,1.0748525043845978,1.2277832222633498,0.5482,187.1290767372294,1
Shale,27.14885640509742,105.24226671223504,Dome,0.500169229,2.785516829389385,3971.0,0.06182284325161937,2.2771803839226034e-05,2857.207186717433,1.1102388177498206,1.3932298049222134,0.7942,26.502711335239244,0
Limestone,2.626459920833418,790.9122008423676,Fault,0.4785086131694892,2.480208479564591,1860.0,0.5448894467038164,0.0020746155019601984,2077.299196410629,1.050202040556131,1.1868011199276598,0.372,425.2216133561116,0
Sandstone,10.607253708968251,384.0007338330218,Fault,0.4814464104827508,3.2337129304227386,1089.0,0.18892707330967562,0.00017811120436380344,4073.1932081968507,1.029093689624091,1.5568594828836846,0.2178,352.6177537493313,0
Limestone,24.946223590129968,602.9233642351281,Fault,0.7176173700192593,2.480208479564591,2282.0,0.15436836335031473,6.188045368573981e-05,15040.661051922876,1.0619382901290582,1.7798406862046074,0.4564,264.208310357199,1
Shale,13.403095034047563,376.50697081133154,Dome,0.3619779493522852,2.638647166213336,2577.0,0.16642310107808997,0.00012416766474857436,5046.3587107656485,1.0702203416972904,0.9551320902901219,0.5154,146.10282142465329,0
Shale,7.4966281929270036,526.0241204800793,None,0.500169229,2.5005076870000003,2086.0,0.26302649127378264,0.00035085972587242035,3943.4072517505933,1.0564711074293778,1.2506770019153635,0.4172,252.16880176417993,0
Sandstone,10.34277889174152,801.8040709,Dome,0.4814464104827508,0.4045970608783966,988.0,0.2764681817558073,0.0002673055130053694,8292.882219816942,1.0263601370644722,0.19479180265177504,0.1976,811.5425818825912,1
Shale,21.079206175746865,19.01987159513981,None,0.7157440390004672,3.1202186520843744,515.0,0.0298267759920991,1.4149857325470322e-05,400.9237947901835,1.01365476315424,2.233277900607464,0.103,36.93178950512585,1
Sandstone,10.084807732335596,212.9491016680982,Dome,0.3066972703869982,0.051063748,2800.0,0.14428917253900303,0.00014307577929954874,2147.5507470963557,1.07652385244407,0.015661112127329537,0.56,76.05325059574936,0
Limestone,14.082955585116128,822.6286398790962,Dome,0.9419828855732616,4.646752622,2800.0,0.23998530863447737,0.00017040834019821163,11585.042598461801,1.07652385244407,4.3771614434166795,0.56,293.79594281396294,1
Sandstone,9.667811815,559.0148482865578,Anticline,0.4814464104827508,3.16631205559247,2410.0,0.23876860701584743,0.0002469727499715999,5404.450355025217,1.065523957558298,1.5244095736332548,0.482,231.95636858363395,0
Sandstone,24.738790584026788,534.2361724895921,Fault,0.2897153981248582,0.931535871,2837.0,0.14591739274059998,5.898323616305445e-05,13216.356793632032,1.0775733116567499,0.2698802857343515,0.5674,188.31024761705748,0
Limestone,26.73941806819367,965.1755600369484,Dome,0.4785086131694892,2.638647166213336,2800.0,0.18865000909840116,7.055127700134913e-05,25808.232809030924,1.07652385244407,1.2626153961483462,0.56,344.70555715605303,1
Sandstone,10.328625131427327,384.00196307350217,Anticline,0.4814464104827508,4.748181018109829,936.0,0.19145870305384746,0.00018536707511175742,3966.2123263184026,1.0249555962221988,2.28599470749131,0.1872,410.2585075571604,0
Sandstone,14.082955585116128,842.6355601633633,Dome,0.9006793870200173,2.9217620131244315,2800.0,0.2428860850158198,0.0001724681183206451,11866.799168220094,1.07652385244407,2.631570818999285,0.56,300.94127148691547,1
Shale,15.19051659842437,311.69932815077084,None,0.500169229,0.9053200505954668,4593.0,0.14223658261769714,9.363511879013422e-05,4734.873817992009,1.1285745028733931,0.45281323170457566,0.9186,67.86399480748331,0
Limestone,11.410006430717095,65.25937354,Fault,0.8087402925663275,2.8426415884401712,4717.0,0.07509450410078991,6.581460278464574e-05,744.609871755969,1.1322658916636128,2.298958789896314,0.9434,13.834931850752598,1
Shale,8.055147517585059,675.9242683059509,None,0.6600301106300229,2.980090331890069,3483.0,0.2876351245061844,0.00035708237978044835,5444.669691920178,1.096062051891061,1.966949351444864,0.6966,194.06381518976482,0
Sandstone,4.49331395,169.3520715516156,Anticline,0.4814464104827508,2.465243231435284,2823.0,0.19277092120746883,0.00042901725397458335,760.9520255642726,1.0771760987177372,1.1868825047414147,0.5646,59.990106819559195,1
Sandstone,25.21810868319576,383.9607436400625,Anticline,0.7314482607086997,2.5658539647403695,1676.0,0.12252276923866057,4.858523324562574e-05,9682.76376319576,1.0451255044293737,1.8767894197418646,0.3352,229.0935224582712,1
Sandstone,13.021565282428702,383.9912640455221,Dome,0.9704174793868636,0.1979186476294897,2800.0,0.17051348229962224,0.00013094699339234826,5000.167312651083,1.07652385244407,0.19206371515626625,0.56,137.13973715911504,1
Limestone,27.470166967849494,799.4388561092547,None,0.073709819,1.221129457,2772.5,0.1693915043628004,6.166380588842168e-05,21960.718857907836,1.0757445111603952,0.09000923125103828,0.5545,288.345845305412,0
Shale,10.588054997876052,642.9373358887362,Anticline,0.4463337404408279,3.65056719,1878.0,0.24468417207522494,0.0002310945420327985,6807.455872577848,1.0506999804030828,1.6293713086432624,0.3756,342.35214903553583,0
Limestone,23.90544530316369,802.3422337243821,None,0.4785086131694892,0.509500124,2457.0,0.18191187727799332,7.609641860715256e-05,19180.348382716395,1.066843606628018,0.2438001977449228,0.4914,326.55361567943925,1
Sandstone,7.255145862460593,384.0182743306923,Fault,0.3687404269320091,2.480208479564591,2837.0,0.22844545382621667,0.00031487368849223807,2786.1085941195793,1.0775733116567499,0.9145531336350364,0.5674,135.36068887229195,0
Sandstone,29.822449639367264,715.8472645049002,None,0.7006243581623011,4.448045136578235,2772.5,0.15383961203512642,5.158516952680162e-05,21348.318995176203,1.0757445111603952,3.1164087688920707,0.5545,258.1955868367539,1
Shale,10.365956622387252,264.6968932777391,Anticline,0.500169229,3.3292530474649737,1073.0,0.15867166410632155,0.0001530699672846787,2743.836513797711,1.0286601667809916,1.6651899298964565,0.2146,246.68862374439806,0
Limestone,14.082955585116128,600.6527799005715,Anticline,0.6272929675748398,1.850613102387717,2741.0,0.20506639133157917,0.00014561317764028736,8458.966421416282,1.0748525043845978,1.1608765848296718,0.5482,219.13636625340078,1
Shale,21.243655047018763,960.7673601400148,Dome,0.500169229,2.638647166213336,2000.0,0.21116607513944077,9.940195068695341e-05,20410.210379249318,1.0540811346316354,1.3197701187279594,0.4,480.3836800700074,0
Sandstone,23.147091781674785,383.96470048802,Anticline,0.4814464104827508,2.5658539647403695,2741.0,0.12788720063547326,5.524979200053101e-05,8887.66616311947,1.0748525043845978,1.2353211811471856,0.5482,140.08197755856256,1
Shale,3.3362624201465616,384.0541523829104,Fault,0.500169229,1.705909557041831,1289.0,0.3368959412154298,0.0010098004856603276,1281.305435896345,1.0345281658869439,0.8532434678893442,0.2578,297.9473641450042,0
Limestone,6.736784078066891,847.3689515922549,Anticline,0.035844152,2.5658539647403695,2719.0,0.3521596613765868,0.0005227414999437513,5708.541661334937,1.074229954246629,0.09197085952195644,0.5438,311.6472789967837,0
Shale,11.191572598491438,383.99825757715917,Anticline,0.2999432568137914,4.658430012543477,3983.0,0.18392836776213325,0.00016434541807549527,4297.544377368992,1.110589727034235,1.3972646696014017,0.7966,96.40930393601786,0
Limestone,14.082955585116128,383.98764562686114,None,0.4653128259078086,1.5443742104467288,2772.5,0.1639613060583296,0.00011642535195638591,5407.6809585963965,1.0757445111603952,0.7186171281221081,0.5545,138.49869995558564,1
Limestone,11.384194456494882,546.9695289722129,Fault,0.4785086131694892,4.047316334529973,4631.0,0.21765069678376117,0.0001911867349205263,6226.807479597082,1.1297044541932857,1.9366757262941579,0.9262,118.11045756255946,1
Shale,29.837825616658204,745.7069610935134,Anticline,0.738976596,3.563561641032563,1608.0,0.15697488044056368,5.260935647835074e-05,22250.274266236378,1.0432556097776693,2.6333886511264173,0.3216,463.74811013278196,0
Sandstone,14.082955585116128,383.98764562686114,Dome,0.4814464104827508,0.0112649130646186,2800.0,0.1639613060583296,0.00011642535195638591,5407.6809585963965,1.07652385244407,0.005423451959360869,0.56,137.13844486673614,1
Limestone,18.756483750943147,383.9744125468814,Dome,0.4785086131694892,1.028558797085363,3876.0,0.14207088238131585,7.574494466436014e-05,7202.009829713522,1.1074646964358474,0.49217424355659506,0.7752,99.06460592024804,0
Limestone,22.39088652939725,383.9662341937344,Anticline,0.4785086131694892,4.631814847090057,2741.0,0.1300290892683871,5.8072327371973614e-05,8597.344380951878,1.0748525043845978,2.216363298938913,0.5482,140.0825371009611,0
Shale,16.094111735654195,300.92522879341067,Fault,0.500169229,4.855036956390059,4159.0,0.13577676020954998,8.436424602965572e-05,4843.124256278455,1.115749157307714,2.4283400912441224,0.8318,72.35518845717978,0
Limestone,10.797421086460904,436.8325922544472,None,0.4785086131694892,0.5638751423504601,1935.0,0.19972256989892936,0.00018497247472302935,4716.665442861547,1.0522783480019358,0.269819112366867,0.387,225.7532776508771,0
Shale,7.620930533969579,384.0160027966058,None,0.500169229,1.3225220218542966,4018.0,0.22289499050718006,0.0002924773943465915,2926.5592812456002,1.1116138460751976,0.6614848200063848,0.8036,95.57391806784615,0
Shale,4.464261436,404.6764489638161,Dome,0.2430574406047079,2.638647166213336,2064.0,0.29895705272827805,0.0006696674399878897,1806.5814651665864,1.0558592037207226,0.6413428268786788,0.4128,196.0641710096008,1
Shale,12.070048657119983,871.6357062771441,Dome,0.989045414091152,2.638647166213336,2800.0,0.2668349077259133,0.00022107194039231188,10520.685386048272,1.07652385244407,2.6097418791479137,0.56,311.29846652755145,1
Sandstone,10.909360767583488,383.99943697988664,Anticline,0.6015346226306262,4.555128685783078,2741.0,0.1862924652764031,0.00017076386897934483,4189.188392562523,1.0748525043845978,2.7400676150364642,0.5482,140.094650485183,1
Shale,14.18971781094458,821.2511508339618,Dome,0.738260681,4.571310030880189,2800.0,0.23888053567268785,0.00016834762949862077,11653.322082247401,1.07652385244407,3.3748184564597388,0.56,293.3039824407007,0
Sandstone,11.135421108189597,383.9984898536937,Fault,0.4814464104827508,2.480208479564591,3792.0,0.18439157911165027,0.0001655901266060236,4275.984889429749,1.1050175638964743,1.1940874697352533,0.7584,101.26542453947619,0
Sandstone,22.48137050172468,383.96604797161666,Fault,0.4814464104827508,3.835856650859044,3814.0,0.1297671206771392,5.772206844203915e-05,8632.082984532906,1.105657956425227,1.846759415682473,0.7628,100.67279705600856,0
Sandstone,16.73782335452102,833.5442468072322,None,0.1387599653855135,1.4162798961565404,2772.5,0.2215871068472367,0.00013238705066593039,13951.716361236724,1.0757445111603952,0.1965229493668802,0.5545,300.64715845166177,0
Limestone,22.44482479163057,383.9661230947556,Dome,0.3133245663008248,1.6161419638895875,1686.0,0.129872736850118,5.7863110118171266e-05,8618.052358783445,1.0454007714699542,0.5063769799162683,0.3372,227.73791405382894,0
Sandstone,11.38959212649211,433.53457945205446,Dome,0.7100355846022014,1.2434797033350238,4649.0,0.19372578697020562,0.0001700901883216703,4937.782032689187,1.1302400890914277,0.8829148380984556,0.9298,93.25329736546665,1
Shale,10.64901549431486,69.43905977421083,Fault,0.003961834,4.8273103752210265,2096.0,0.08018199071403352,7.529521462039369e-05,739.4576234462269,1.056749362695342,0.019125002373103422,0.4192,33.12932241136013,0
Sandstone,27.09903382166278,383.9574220681074,None,0.5055201186300413,2.5165603558901237,3271.0,0.11819368636082075,4.3615461399342414e-05,10404.875166702093,1.0899598324117368,1.2721718896492344,0.6542,117.38227516603712,1
Shale,23.95452728791276,382.73274964500905,Dome,0.500169229,4.793287072581674,2800.0,0.12551153999784004,5.2395749032865296e-05,9168.182095349252,1.07652385244407,2.3974546994688435,0.56,136.69026773036038,0
Limestone,11.18450138902471,45.16653319176487,Dome,0.4785086131694892,2.8768420348852257,3959.0,0.06310005135741138,5.641740222709536e-05,505.16515322072485,1.1098880193410272,1.3765936924206208,0.7918,11.408571152251799,0
Sandstone,14.082955585116128,166.37525402826418,Anticline,0.6801773513401055,2.5658539647403695,2741.0,0.1079262553954489,7.663608306022995e-05,2343.0553129424575,1.0748525043845978,1.7452357536626129,0.5482,60.698742804912136,1
Shale,15.395252468461075,383.98353150562195,Anticline,0.8456431203863204,4.1926859489879895,2741.0,0.1568167827581396,0.00010186048139151768,5911.5234112603275,1.0748525043845978,3.5455160287020844,0.5482,140.0888476853783,0
Limestone,9.014662758979169,763.7876828253259,Fault,0.8581163831992467,4.607813021471752,2837.0,0.28902887413296063,0.0003206208394707498,6885.288380132459,1.0775733116567499,3.954039844443732,0.5674,269.22371618798934,1
Sandstone,18.84358593730716,383.9741986091693,Dome,0.4814464104827508,0.1307807226620655,2636.0,0.1417421098766138,7.52203483711601e-05,7235.45080920053,1.0718844869488544,0.06296390948599158,0.5272,145.66547746933585,1
Shale,14.082955585116128,464.8061345589964,Dome,0.3499117082199676,3.936591952768265,2800.0,0.180392579568366,0.0001280928413628015,6545.844148683857,1.07652385244407,1.3774596147581215,0.56,166.0021909139273,1
Limestone,10.550479324840067,384.0009816668217,Anticline,0.2189061625913165,0.9763656058961062,1743.0,0.18943478089773733,0.00017955087637746634,4051.394417794092,1.0469711785664413,0.2137324480728623,0.3486,220.31037387654715,0
Shale,14.082955585116128,383.98764562686114,Anticline,0.500169229,2.5658539647403695,2741.0,0.1639613060583296,0.00011642535195638591,5407.6809585963965,1.0748525043845978,1.2833611992707838,0.5482,140.09034864168592,0
Limestone,14.082955585116128,383.98764562686114,Dome,0.4785086131694892,3.558480555392374,2800.0,0.1639613060583296,0.00011642535195638591,5407.6809585963965,1.07652385244407,1.7027635955513987,0.56,137.13844486673614,1
Sandstone,1.6604936765428555,384.0863790906043,None,0.7782843661784579,3.3348530985353735,1599.0,0.4775572998955331,0.0028759958959302177,637.7730037261905,1.0430083745488765,2.5954640300918697,0.3198,240.2041145031922,0
Limestone,21.089751784404584,652.1483032776861,None,0.91475222460295,3.503111323597236,4049.0,0.17460919022755012,8.279338325672939e-05,13753.645842747,1.1125217115668327,3.2044788762923564,0.8098,161.06404131333318,0
Limestone,14.724309038041284,131.48014927609634,Anticline,0.3956714921368296,4.2754895531157615,2741.0,0.09383012185460338,6.372463496398146e-05,1935.9543503090424,1.0748525043845978,1.6916893310967402,0.5482,47.96794938930913,0
Shale,4.553262295533061,266.96726102328364,Dome,0.7326719700006685,3.5436490930322755,3581.0,0.24043479433791132,0.0005280495142434201,1215.5719637590505,1.098894424157774,2.5963323619830394,0.7162,74.55103630921073,0
Shale,27.35183545024898,383.9569933172564,None,0.09947215,1.29841645,1584.0,0.11764614519696685,4.30121574147946e-05,10501.928501185945,1.042596446029308,0.12915627587686748,0.3168,242.39709174069213,0
Limestone,14.082955585116128,832.6662022849803,None,0.1428282792167661,3.945122209771184,2772.5,0.24144499758033708,0.00017144483352309466,11726.401144006699,1.0757445111603952,0.563475016521464,0.5545,300.33046069791897,1
Sandstone,1.3212113816539317,920.3520964336052,Fault,0.4339793511871648,2.480208479564591,2120.0,0.8287441921565117,0.006272608635259145,1215.979664937136,1.057417474382894,1.0763592667703457,0.424,434.12834737434207,0
Limestone,8.142925928281597,384.0129432674084,None,0.4785086131694892,2.979573975249532,1770.0,0.21563156616433946,0.0002648084583643563,3126.98895252791,1.0477158787842027,1.4257518107325555,0.354,216.9564651228296,0
Shale,0.3702313818112202,246.0594123420221,None,0.045371422,1.824892702343734,1484.0,0.8094928653017094,1.3769583786246289,91.09891623904365,1.0398544103848226,0.08279797690275795,0.2968,165.80822934098526,0
Shale,7.952438530157178,592.0077235938229,None,0.500169229,3.990767575885155,2772.5,0.27092131444726497,0.00034067703059870153,4707.905031258158,1.0757445111603952,1.9960591415486773,0.5545,213.52848461454388,0
Shale,11.163608542843235,213.202317790692,Anticline,0.6159310722250926,0.7093329308090279,3888.0,0.13722186237297973,0.0001229189126852266,2380.1072162421474,1.1078147289134799,0.43690019263777197,0.7776,54.835987086083335,0
Limestone,13.53579574352171,95.14611012677018,Anticline,0.4785086131694892,2.97134153015044,2741.0,0.08324981379698727,6.150345009219794e-05,1287.8783124665838,1.0748525043845978,1.421812514845195,0.5482,34.71218902837292,1
Shale,29.574159625506173,435.22266073303314,None,0.500169229,3.907244448595072,795.0,0.12045620918652795,4.073022216416278e-05,12871.34444115624,1.0211567939895216,1.9542834433683276,0.159,547.4498877145071,0
Sandstone,29.533258607501047,531.736737,None,0.4814464104827508,4.001561203775018,1557.0,0.13323621817317596,4.511395777346959e-05,15703.918564929769,1.04185538462505,1.9265372778845176,0.3114,341.51363969171484,0
Sandstone,15.635211747406126,383.9828173150261,Dome,0.4814464104827508,2.638647166213336,3162.0,0.15560862307484155,9.952447436515015e-05,6003.652656085997,1.086835606685553,1.270367206703893,0.6324,121.43669111797158,0
Sandstone,24.66684337731032,131.74545712422932,None,0.9031525112022932,1.1524875878320655,2772.5,0.07256725315373246,2.941894592823462e-05,3249.7445565555167,1.0757445111603952,1.0408720590800034,0.5545,47.51864999972203,1
Limestone,24.06609026507569,685.1188919502104,Anticline,0.4327929242068604,4.755186960365119,1958.0,0.16753665842542637,6.96152372820411e-05,16488.1330959824,1.0529159043642835,2.0580112697267516,0.3916,349.9075035496478,0
Limestone,5.190716092534931,865.1289791,Dome,0.1191076797887807,2.638647166213336,2800.0,0.4053745131602262,0.0007809606727349599,4490.638913932686,1.07652385244407,0.31428314174891164,0.56,308.9746353928572,0
Sandstone,14.082955585116128,425.1475297385167,None,0.4814464104827508,0.017322045,2772.5,0.17252521340355229,0.00012250639601951827,5987.333778429369,1.0757445111603952,0.008339636387470682,0.5545,153.3444651897265,1
Sandstone,22.435157232362155,341.3447381512268,Dome,0.4814464104827508,2.638647166213336,2800.0,0.12247901797769435,5.459244912312067e-05,7658.122870862262,1.07652385244407,1.270367206703893,0.56,121.90883505400959,1
Sandstone,12.108776858096912,15.213995505436824,Fault,0.4814464104827508,0.8097874921970388,2837.0,0.035196635602992125,2.906704452106308e-05,184.22287669542382,1.0775733116567499,0.38986928137209287,0.5674,5.362705500682701,0
Sandstone,10.590007011480115,384.0008089784211,None,0.5643671729184754,2.693101518755426,1885.0,0.18908087086481626,0.0001785465020559881,4066.5712594955157,1.0508936874301003,1.5198980905224522,0.377,203.71395701773002,0
Shale,25.59527436773401,311.8557978066644,None,0.9384129454447588,2.251557356615681,2772.5,0.10960406578695496,4.282199292425807e-05,7982.034708030157,1.0757445111603952,2.1128905708595367,0.5545,112.48180263540645,0
Shale,28.271503620068305,661.6990332676444,Fault,0.5712569016303779,2.480208479564591,2196.0,0.1519096785054786,5.3732436925514886e-05,18707.226614421907,1.059535949347146,1.4168362114334587,0.4392,301.32014265375426,0
Limestone,28.132249648044663,544.7071258982983,Anticline,0.1847881150741402,2.4093032619314707,2741.0,0.1381684689236845,4.911390686926025e-05,15323.836850839822,1.0748525043845978,0.44521060841429394,0.5482,198.72569350539885,0
Shale,10.459739007320872,384.00138055300135,Fault,0.05819777,1.90363485,1415.0,0.19025479752716878,0.00018189249023709637,4016.554219035295,1.0379666116409472,0.1107873031642845,0.283,271.37906752862284,0
Limestone,24.47308213905321,402.4378460042309,Anticline,0.2483184830248425,4.959283976238542,3394.0,0.12733116777289244,5.20290689376236e-05,9848.89446112519,1.0934961214340553,1.2314818738689637,0.6788,118.57331938840038,0
Sandstone,14.082955585116128,424.9394248926656,Anticline,0.4814464104827508,4.222696214296898,2741.0,0.17248298367731346,0.0001224764096107821,5984.4030471282,1.0748525043845978,2.033001934932342,0.5482,155.03080076346794,0
Shale,28.23644082362057,739.6049886223495,Dome,0.806546608,2.638647166213336,2772.0,0.16070322313878457,5.691341346546476e-05,20883.812494089536,1.0757303465424422,2.1281919216181784,0.5544,266.8127664582791,1
Sandstone,15.26075822188128,383.98393668532475,Anticline,0.6413803109801697,3.950045080142228,4365.0,0.15750636926759307,0.00010321005482005229,5859.886018840911,1.1218184895910353,2.5334811418873118,0.873,87.96882856479375,1
Sandstone,6.595858691069306,495.095188231804,Fault,0.9451376351025174,4.278436839604267,3347.0,0.27204348481572593,0.000412445896065161,3265.577900205338,1.092143504114677,4.043711676519066,0.6694,147.92207595811294,0
Limestone,19.78072161836532,600.1044323742339,Fault,0.4785086131694892,0.1011573085255612,4880.0,0.17295057085162904,8.743390367065976e-05,11870.498718741857,1.1371366553684483,0.04840464341452443,0.976,122.97221974881842,1
Limestone,10.22899690387454,384.00241067406574,Dome,0.556667686,1.0655421208881444,4432.0,0.19238893913965074,0.0001880819213727376,3927.959469865378,1.1237996022554448,0.5931528667703356,0.8864,86.64314320263216,0
Sandstone,2.765038754172969,114.4737300612962,None,0.4814464104827508,0.064178007,2756.0,0.20203748508927474,0.0007306859073290086,316.5242999542192,1.075277177231481,0.03089827110208685,0.5512,41.53618652441807,0
Shale,10.654064588623053,384.00053048813606,Fault,0.561253821,1.4810521990001853,2114.0,0.1885115210252879,0.00017693859414611584,4091.1664538861173,1.0572504068712303,0.8312462057893063,0.4228,181.646419341597,0
Shale,7.601381964880034,384.0161214084255,Dome,0.127443055570123,1.7094505853101882,588.0,0.2231814518584858,0.000293606416424843,2919.053219497187,1.0156053218567846,0.2178576059380656,0.1176,653.0886418510638,0
Sandstone,10.244917750308653,502.7725897,Fault,0.078018699,1.0634603038506492,627.0,0.21996886116620398,0.00021471022659950287,5150.86382858618,1.0166489389826372,0.08296978934457233,0.1254,801.8701590111643,0
Shale,6.283673085285332,312.0640667211578,Anticline,0.500169229,2.5658539647403695,2019.0,0.22128131253588532,0.00035215280860817933,1960.9085769404255,1.054608686152212,1.2833611992707838,0.4038,154.56367841563042,0
Sandstone,8.206260870058108,384.012585468466,None,0.4681809797648449,4.330840558960319,2772.5,0.21479774499759435,0.0002617486190102965,3151.3074537397174,1.0757445111603952,2.027617176099371,0.5545,138.50769538988854,0
Limestone,2.1121608720754246,11.353358624829909,Dome,0.7506502585026682,0.9826836870187456,2800.0,0.0727994888083881,0.0003446682957290786,23.980119854005782,1.07652385244407,0.7376517636869765,0.56,4.054770937439254,1
Sandstone,14.082955585116128,42.779802162678905,None,0.2572136787516285,1.4725612771888348,2772.5,0.0547270614121642,3.886049422040616e-05,602.4660537970619,1.0757445111603952,0.3787629032929367,0.5545,15.430045865709253,1
Sandstone,14.082955585116128,383.98764562686114,Fault,0.7635397350913864,2.480208479564591,2837.0,0.1639613060583296,0.00011642535195638591,5407.6809585963965,1.0775733116567499,1.893737725458158,0.5674,135.34989271302823,1
Limestone,29.107060332446306,383.95412144367685,Dome,0.2877542405623245,2.638647166213336,2800.0,0.11404339615749266,3.9180664366289814e-05,11175.775777752518,1.07652385244407,0.7592819114256483,0.56,137.1264719441703,0
Sandstone,15.999250873762223,969.2862082559612,Dome,0.4814464104827508,1.6348836077094182,3964.0,0.2444026106111826,0.00015275878385780404,15507.85321436486,1.1100341718724704,0.787108844488789,0.7928,244.52225233500536,0
Sandstone,13.845687827658203,294.4681111543589,Dome,0.4814464104827508,3.6967880253602776,2800.0,0.14480765330749581,0.00010458682523393851,4077.1135422434095,1.07652385244407,1.7798053251253219,0.56,105.16718255512818,0
Limestone,18.33070234625773,612.4375718,Anticline,0.4785086131694892,0.7945271743774823,4960.0,0.18149765087621886,9.90129278452182e-05,11226.410834330647,1.1395348740881477,0.38018809633684203,0.992,123.47531689516128,1
Sandstone,0.6227409637189263,384.1316815967352,Dome,0.4324800004219273,1.646434869200211,4473.0,0.7798588313417275,0.47244168649238794,239.2145335925226,1.125013650071721,0.7120501529263831,0.8946,85.87786308891911,0
Sandstone,10.44707578486558,384.001436494389,None,0.4263349054403459,3.789920192525407,1369.0,0.1903700833242721,0.00018222331994571775,4011.6921085541294,1.0367099835266915,1.615775266906777,0.2738,280.49776223110956,0
Shale,14.082955585116128,601.7155075118151,Fault,0.6176380505435449,0.3987852086051424,2837.0,0.2052477218885846,0.00014574193651899678,8473.932767164502,1.0775733116567499,0.24630491882848105,0.5674,212.09570233056576,0
Limestone,11.310086446922378,554.0915727812356,Anticline,0.4785086131694892,2.6619769760065912,4383.0,0.21977964035259942,0.0001943218041559747,6266.823587666958,1.1223503854600614,1.2737789110780247,0.8766,126.4183373901975,1
Sandstone,10.353952261177266,384.00184997446314,Fault,0.4814464104827508,2.480208479564591,1029.0,0.19122436492620923,0.0001846873156284638,3975.936822839346,1.0274689204103775,1.1940874697352533,0.2058,373.17964040278247,1
Limestone,14.082955585116128,438.0519514222699,None,0.769543546,4.814327848907237,2772.5,0.17512395345553533,0.00012435170472355875,6169.066175853274,1.0757445111603952,3.7048349244546275,0.5545,157.99890042282053,1
Limestone,29.97148494310935,398.75678964019016,Fault,0.4785086131694892,3.695063718047572,3832.0,0.11453271694275843,3.8213894693626214e-05,11951.333116663582,1.1061821899844304,1.7681198152958402,0.7664,104.05970502092646,0
Sandstone,10.383255004932227,128.22142759950938,None,0.4723586201987673,2.456750202796877,1733.0,0.11034259466186608,0.00010626975318380548,1331.355779862161,1.0466954980181176,1.1604671359661745,0.3466,73.98812902452936,0
Sandstone,2.1853589263559927,306.10512044054343,None,0.4814464104827508,0.29555555,2772.5,0.3716238319083481,0.0017005162283708583,668.9495573580178,1.0757445111603952,0.14229415864575518,0.5545,110.40761783247734,0
Limestone,10.486216067047524,307.6931826654856,None,0.7458947388831518,4.579372836604746,1511.0,0.17009015779680725,0.00016220356009190784,3226.5371957878037,1.0405940485159448,3.4157301062078953,0.3022,203.63546172434522,1
Shale,14.082955585116128,920.6336172,Dome,0.500169229,2.638647166213336,2800.0,0.25387863690558543,0.00018027368997307816,12965.242341192403,1.07652385244407,1.3197701187279594,0.56,328.79772042857144,0
Limestone,26.926865803594804,383.9577163605952,Anticline,0.2419529095075971,1.040541894985167,4864.0,0.11857098975539249,4.4034456375373235e-05,10338.777902696465,1.1366576176279604,0.25176213895620975,0.9728,78.93867523860922,0
Shale,28.787826150832217,560.0553907593111,Dome,0.500169229,2.638647166213336,711.0,0.1384971075130965,4.810960952294508e-05,16122.777224015452,1.0189003735127191,1.3197701187279594,0.1422,787.7009715320831,0
Limestone,3.9610553066998655,2.366616379173264,None,0.4785086131694892,3.753286812358553,2772.5,0.02427102557373812,6.127413957761526e-05,9.374298367647079,1.0757445111603952,1.795980067409024,0.5545,0.853603743615244,0
Shale,13.646173284086046,383.9891005056181,None,0.9195252795191448,2.0980651070030443,2772.5,0.16656496417336764,0.00012205983370269311,5239.981804699998,1.0757445111603952,1.9292239039663386,0.5545,138.49922470896956,0
Shale,14.082955585116128,377.3620065856237,Dome,0.7612658360984534,3.499861849367627,2800.0,0.162540589139819,0.00011541653181921804,5314.372378255638,1.07652385244407,2.664325256987926,0.56,134.77214520915132,0
Shale,11.23947657044486,853.2587124124877,Anticline,0.500169229,2.5658539647403695,4938.0,0.27358795338449077,0.00024341698803297755,9590.181306688104,1.1388748601883893,1.2833611992707838,0.9876,172.79439295514132,1
Limestone,4.020746829569753,831.2052769594129,Fault,0.3290977589741021,2.480208479564591,2893.0,0.4514715935536154,0.0011228550632269624,3342.065982056208,1.0791636286914232,0.816231052413272,0.5786,287.3160307498835,0
Sandstone,27.79643342252926,383.95624880617976,Dome,0.4814464104827508,4.600244282,2800.0,0.11670137704635103,4.198429894669994e-05,10672.614307105056,1.07652385244407,2.214771096912699,0.56,137.1272317164928,1
Limestone,8.710856561000428,384.0098297558952,Fault,0.4785086131694892,4.425827661279681,3738.0,0.208482875102732,0.0002393368248492753,3345.0545450177974,1.1034472634316046,2.117796656326104,0.7476,102.73136162544013,1
Limestone,26.670365703328784,383.95815831365735,None,0.9560079245162014,2.328824616502581,3562.0,0.119139867462341,4.4671253775673164e-05,10240.30449700185,1.0983447193885743,2.226374788184871,0.7124,107.79285747154896,0
Sandstone,10.365683641494343,384.00179768137036,Dome,0.2696478616396116,1.4089388796201212,1072.0,0.19111611202713888,0.00018437386151945798,3980.441152530201,1.0286330776679404,0.3799173560704758,0.2144,358.2106321654574,0
Shale,22.82657933014529,466.92722374302014,Fault,0.500169229,2.480208479564591,2837.0,0.14201487252808234,6.221469738154518e-05,10658.351314174548,1.0775733116567499,1.2405239629830838,0.5674,164.5848515132253,0
Shale,14.263908185073612,383.98705606873705,Dome,0.9922396637046084,4.742795002328802,2506.0,0.16291785113374438,0.00011421683946635948,5477.156112021178,1.0682211511923556,4.705989318130628,0.5012,153.22707744163492,0
Shale,0.4746951599046245,384.1442217709096,Dome,0.500169229,2.638647166213336,3975.0,0.8932425419371331,0.9884757003904333,182.35140277997948,1.1103557751900481,1.3197701187279594,0.795,96.6400557914238,1
Shale,7.1125412555202026,384.0191910943019,Fault,0.6858151661720446,2.480208479564591,3248.0,0.23072449976704032,0.0003243910881894286,2731.3523395697184,1.0892998453957012,1.7009645905539041,0.6496,118.2325095733688,0
Shale,3.460884039171116,384.0524586265525,Dome,0.4562885985520006,1.434272169469053,2866.0,0.33077402572854747,0.0009557500973299528,1329.161024265061,1.0783965759001461,0.6544420381491717,0.5732,134.00295137004622,0
Shale,13.761153470026148,161.21386093150537,None,0.6490952736374213,2.947285820912264,4996.0,0.10747400137981349,7.80995587425923e-05,2218.488681773898,1.1406157219941744,1.9130692964127376,0.9992,32.26858705594583,0
Sandstone,14.082955585116128,687.1991923033747,Anticline,0.7071602939808602,4.720642995076898,2741.0,0.21934314361136725,0.00015575078845181102,9677.795703336104,1.0748525043845978,3.3382512881772675,0.5482,250.71112451783097,1
Shale,8.440518655615248,633.3958765023348,Fault,0.09759754,2.480208479564591,2837.0,0.2720086386412608,0.0003222653129974434,5346.189712007728,1.0775733116567499,0.24206224629264433,0.5674,223.26255780836613,0
Sandstone,20.65072874740973,587.7870257256831,Dome,0.4814464104827508,4.4223232680958375,2800.0,0.16752204069996854,8.112161209854699e-05,12138.230429507825,1.07652385244407,2.1291116634190885,0.56,209.92393775917253,1
Sandstone,15.696391649126246,451.97158060136536,Dome,0.2658784853850978,2.638647166213336,2800.0,0.16849433298957875,0.00010734590264824217,7094.322943393661,1.07652385244407,0.7015595120184822,0.56,161.41842164334477,0
Sandstone,20.81629605964848,707.9949269,Fault,0.4814464104827508,0.9064572359429496,2837.0,0.1831230415062605,8.79710016525163e-05,14737.832007079583,1.0775733116567499,0.43641058250084896,0.5674,249.55760553401478,1
Limestone,15.626573481020376,383.9828428343189,None,0.1669540057044455,1.1414253105970174,2178.0,0.15565163201329504,9.960701378478489e-05,6000.336109001582,1.059033822024125,0.1905655278166129,0.4356,176.30066245836497,0
Shale,9.832416776883845,580.0783057126397,Anticline,0.6125417734210956,1.0951751659200175,2741.0,0.2411808493833577,0.000245291523799497,5703.571664995314,1.0748525043845978,0.6708405383393902,0.5482,211.63017355441067,0
Limestone,20.83961318430526,672.2719419628015,Fault,0.084390747,2.480208479564591,4277.0,0.17834351182736669,8.557908932862576e-05,14009.8872251665,1.1192217361519123,0.20930664630619006,0.8554,157.1830586772975,0
Limestone,16.97226078212704,427.9953796,Dome,0.3529533315547776,0.9792538845163185,2800.0,0.1576809908390821,9.290511904290973e-05,7264.049196116655,1.07652385244407,0.34563092097799203,0.56,152.8554927142857,0
Limestone,9.857118981968828,384.00412081923633,Anticline,0.7414399520442692,2.5658539647403695,1224.0,0.19598489072461886,0.00019882573303936472,3785.1743084815457,1.0327588205450784,1.9024266405696975,0.2448,313.72885687846104,1
Shale,14.261575660664471,259.98089525487984,Dome,0.500169229,2.638647166213336,2800.0,0.13406536977867678,9.400459876845785e-05,3707.7372080047535,1.07652385244407,1.3197701187279594,0.56,92.85031973388567,0
Sandstone,7.191272347,275.10806122707965,Dome,0.7420708576995805,2.0727744293061336,2800.0,0.19421306308827965,0.0002700677344938827,1978.3769931390807,1.07652385244407,1.538145498572961,0.56,98.2528790096713,1
Shale,11.541977295223347,383.9968339065917,Dome,0.8326515022526404,2.370157911844601,1123.0,0.18111455870940735,0.00015691813809438156,4432.082738387532,1.0300155324015068,1.9735155458733882,0.2246,341.9384095339196,0
Sandstone,10.221203106943001,384.0024458730003,Anticline,0.0490312463656811,0.2328473493121863,539.0,0.192462283485757,0.0001882970932795791,3924.966992830822,1.0142956290192346,0.011416795749721612,0.1078,712.4349645139151,0
Limestone,10.755833968031757,696.5343629306196,None,0.4785086131694892,2.435525839508468,2475.0,0.25268465949820357,0.00023492800302536013,7491.807960710518,1.0673494368603842,1.1654200918016528,0.495,281.428025426513,0
Sandstone,11.243564920288518,822.3889441523966,None,0.4814464104827508,2.4443392314482524,4159.0,0.2685445010163683,0.0002388428429241259,9246.583483305,1.115749157307714,1.176818348982927,0.8318,197.73718301331968,0
Sandstone,29.594622047151887,383.9533544144115,None,0.0582643135410523,2.897687140158973,1477.0,0.11309996803160097,3.821639210374218e-05,11362.954407630665,1.0396627381835561,0.16883175207809759,0.2954,259.9548777348757,0
Sandstone,7.554202981526444,384.01640893030407,Anticline,0.6742915055672372,1.2138989107103977,2741.0,0.2238773790950203,0.00029636134962550664,2900.9379012963814,1.0748525043845978,0.8185217241093432,0.5482,140.1008423678599,1
Sandstone,14.082955585116128,960.9432499748305,Dome,0.3498087486871943,1.4856540647757217,2800.0,0.25937708999672116,0.00018417802174342532,13532.921109212682,1.07652385244407,0.5196947893812391,0.56,343.19401784815375,0
Limestone,19.178864179963725,383.97338423852284,Fault,0.025925894,1.307176881767513,664.0,0.14049755517133886,7.325645244316267e-05,7364.173385031653,1.01764002858335,0.03388972927595507,0.1328,578.2731690339199,0
Limestone,11.848355580643863,693.9901311562338,Fault,0.4785086131694892,0.3702398280695695,2837.0,0.2403129948294653,0.00020282392201501285,8222.64184339673,1.0775733116567499,0.17716294666967983,0.5674,244.62112483476693,0
Sandstone,10.961721003545454,130.11844629523685,Anticline,0.7711469841086112,2.5658539647403695,3195.0,0.1081831718223881,9.869177639842994e-05,1426.322105703199,1.0877805268219385,1.9786505465726587,0.639,40.725648292718894,1
Limestone,23.89525559171125,413.790177216262,None,0.2903206039335662,0.6781047975229787,2772.5,0.13066639110340159,5.4682985332338077e-05,9887.622045922075,1.0757445111603952,0.1968677943471198,0.5545,149.24803506447682,0
Limestone,29.925543935180247,383.9528409764085,Dome,0.8090863158033444,2.790695493960096,2800.0,0.11247281483272159,3.7584217375076474e-05,11489.997611676787,1.07652385244407,2.2579135357371682,0.56,137.1260146344316,1
Shale,6.141583618499968,226.23192935092104,Dome,0.500169229,4.549672239708936,2800.0,0.19057521267910246,0.0003103030496972195,1389.4223112832588,1.07652385244407,2.275606056337922,0.56,80.79711762532895,0
Limestone,1.8270579929848,142.7912775486392,None,0.4785086131694892,2.435525839508468,2090.0,0.2775903224673267,0.0015193295644318175,260.88794497375227,1.0565824007425137,1.1654200918016528,0.418,68.32118542997091,0
Limestone,2.137749979446837,521.9671330841836,None,0.4574580416335462,2.3723741249006385,1709.0,0.49065109379351857,0.002295175294168307,1115.835228022638,1.046034160833443,1.085261621199144,0.3418,305.4225471528283,0
Sandstone,12.925748261468122,824.1564087679084,Fault,0.9572356114840272,2.480208479564591,3507.0,0.2507301851661532,0.00019397730800125838,10652.838267809602,1.0967550183531207,2.3741438805438806,0.7014,235.00325314169044,1
Limestone,4.938852847760062,705.6573282057852,Dome,0.4213570877456067,4.501697417202687,2800.0,0.37533021947471057,0.0007599542465512727,3485.137704951899,1.07652385244407,1.8968221136244436,0.56,252.02047435920903,0
Limestone,2.0391989945821107,384.07688994634634,Anticline,0.5242366565631603,2.9679806747411046,2741.0,0.430932185624812,0.0021132424386719655,783.2092078208135,1.0748525043845978,1.5559242656703494,0.5482,140.12290767834597,0
Shale,10.691164502363268,384.00036996107656,None,0.5695659175775012,2.708697752732504,2246.0,0.18818411608647007,0.0001760183523926437,4105.411124222223,1.0609319969883595,1.542781920975204,0.4492,170.97077914562624,0
Shale,24.99613069790023,383.96115188132717,Fault,0.2006641166884424,2.3483642648838616,2837.0,0.1230656635294807,4.923388544284523e-05,9597.543135341975,1.0775733116567499,0.47123244087562344,0.5674,135.34055406462008,1
Shale,14.082955585116128,383.98764562686114,Fault,0.500169229,4.1645913906431495,2837.0,0.1639613060583296,0.00011642535195638591,5407.6809585963965,1.0775733116567499,2.083000464958022,0.5674,135.34989271302823,0
Limestone,10.884915447188309,831.2084876,Anticline,0.4785086131694892,1.5180648291351644,2928.0,0.27439241545430404,0.0002520850224198871,9047.634106511272,1.0801587684748681,0.7264070960908451,0.5856,283.88268019125684,0
Limestone,10.402327216332186,384.00163472154543,Fault,0.2702047633041317,0.095800198,1206.0,0.19077915867586445,0.00018340045905913384,3994.5106559799824,1.0322693832379195,0.02588566982507895,0.2412,318.409315689507,0
Sandstone,10.814911997213253,383.9998385196994,Anticline,0.1948040797930209,2.5658539647403695,2683.0,0.18710425929270555,0.00017300580840687183,4152.9244605346485,1.0732120135201864,0.49983882048452194,0.5366,143.12330917618314,0
Shale,23.968456862151186,734.2703462,Anticline,0.5240899675544575,4.296063243215837,2188.0,0.1737951311958819,7.2509937621526e-05,17599.327118051515,1.0593127522624817,2.251523645748885,0.4376,335.58973775137105,0
Limestone,8.025810907450271,319.35647857913284,Anticline,0.498147157,2.266557682136451,2741.0,0.19807198404649706,0.0002467937337803823,2563.094709145313,1.0748525043845978,1.1290792655327828,0.5482,116.510937095634,0
Shale,4.876139624061235,996.6759359442392,None,0.963683272260502,1.2645970665698405,2772.5,0.4489196007567427,0.0009206455010876963,4859.931023606022,1.0757445111603952,1.2186710392030558,0.5545,359.4863610258753,0
Limestone,14.082955585116128,929.2070974880464,Fault,0.7365579823309495,0.4290148111301206,2837.0,0.25505803086270545,0.00018111115193196304,13085.98228329883,1.0775733116567499,0.315994283676095,0.5674,327.53158177231103,1
Shale,24.2260876619398,383.9625967266339,Dome,0.7834223015721056,4.081070772655067,4310.0,0.12500646264300003,5.159993821015946e-05,9301.911527205471,1.1201948135419653,3.1972018575920833,0.862,89.0864493565276,0
Sandstone,11.004238291312967,685.1106067,Dome,0.990356758,4.24887743181112,3342.0,0.24775932009310997,0.00022514899580891267,7539.120372032798,1.0919997071561056,4.207904478507827,0.6684,205.0001815380012,1
Limestone,11.901828014051576,383.99541615801036,None,0.5920248165277222,4.944902335081877,2772.5,0.17835522347540142,0.00014985531908613626,4570.2474012968005,1.0757445111603952,2.9275048976743534,0.5545,138.50150267196045,0
Sandstone,0.767093973,384.1220510639055,Anticline,0.4814464104827508,2.5658539647403695,2741.0,0.702651507553108,0.21333992541974364,294.65771026752014,1.0748525043845978,1.2353211811471856,0.5482,140.13938382484693,0
Sandstone,7.387324829118002,339.6549761914117,Dome,0.4814464104827508,2.638647166213336,2800.0,0.21291440294243724,0.0002882158397898117,2509.1416389522997,1.07652385244407,1.270367206703893,0.56,121.30534863978991,0
Sandstone,21.012953974695115,121.22009980280896,Fault,0.3773277743022193,4.876904369837059,517.0,0.07541772229483192,3.5891061478387965e-05,2547.192377964373,1.0137081531737475,1.840191471355385,0.1034,234.46827814856664,0
Shale,12.192556230064136,383.99430170480036,Fault,0.7798835857345133,1.5085893592761783,2837.0,0.17621572228236362,0.00014452729924497275,4681.8721155599915,1.0775733116567499,1.1765240789132378,0.5674,135.35223888078968,0
Limestone,29.327698810351297,962.3877833048396,Dome,0.4785086131694892,4.521404183310031,1460.0,0.17987288689987807,6.133208338746012e-05,28224.619047525965,1.0391973956278686,2.1635308453344098,0.292,659.1697145923558,1
Shale,10.232514604071685,470.8769114544206,None,0.500169229,4.032037271461214,581.0,0.21300615825693484,0.00020816599486911673,4818.254873177529,1.0154181193929455,2.0167009733660195,0.1162,810.4594000936672,1
Limestone,11.117547333489684,383.9985640362815,Anticline,0.4785086131694892,0.5260346449650821,3731.0,0.1845397613585494,0.0001659896340649303,4269.122211665429,1.1032438694142777,0.25171210844134606,0.7462,102.92108390144237,1
Sandstone,14.082955585116128,383.98764562686114,Anticline,0.2069531519486293,2.5658539647403695,2741.0,0.1639613060583296,0.00011642535195638591,5407.6809585963965,1.0748525043845978,0.5310115654429066,0.5482,140.09034864168592,0
Shale,23.405678054489847,721.7676839585408,None,0.500169229,0.7488406367061828,1451.0,0.17436838744102406,7.449832772846137e-05,16893.462040868384,1.0389511221322258,0.3745470439052006,0.2902,497.4277628935498,0
Shale,5.736315532402254,431.8145453890967,None,0.500169229,2.5005076870000003,2772.5,0.27243428769499933,0.0004749290483693273,2477.0244838326935,1.0757445111603952,1.2506770019153635,0.5545,155.74915974358763,1
Shale,14.082955585116128,623.8146955604179,Anticline,0.1817475826890936,1.582312371638213,2741.0,0.20898280016521129,0.00014839413424414915,8785.154650920105,1.0748525043845978,0.2875814486042919,0.5482,227.58653614024732,0
Limestone,10.561042675339527,384.0009354544252,None,0.2138352556671305,0.0606899840837943,1781.0,0.189340007714854,0.00017928154779354386,4055.4502667044835,1.0480194270091439,0.012977658262992235,0.3562,215.6097335510529,0
Shale,3.3603513920461703,384.0538201052368,Fault,0.5177881704805695,4.148722188266711,1674.0,0.33568609016829865,0.0009989612722135412,1290.555789011282,1.0450704597196172,2.148159271694765,0.3348,229.42283160408414,0
Sandstone,22.01716131005608,559.6266940998685,Fault,0.905541661,2.472316632505947,2794.0,0.15830629943626992,7.19013215223006e-05,12321.391197410212,1.0763537662050664,2.238785709917362,0.5588,200.29588192550767,0
Limestone,3.710725518412822,384.04923936382073,None,0.4785086131694892,2.435525839508468,1078.0,0.31944322910296563,0.000860864613989558,1425.1013128343636,1.0287956230475248,1.1654200918016528,0.2156,356.26088994788563,0
Shale,1.385894496048865,361.3869973,Fault,0.500169229,1.155515123,1548.0,0.5070500435646815,0.0036586482232973923,500.8442505016961,1.0416084812276731,0.5779531081687502,0.3096,233.45413262273902,0
Limestone,11.787280068146798,917.1611206666132,Dome,0.4785086131694892,0.5206238121869694,4419.0,0.2769782486888526,0.00023498062919310894,10810.83499691275,1.1234149338925292,0.24912297835259936,0.8838,207.5494728822388,0
Limestone,14.777970156654424,383.98542115140015,None,0.4785086131694892,1.9262914005313023,4930.0,0.1600588246153733,0.00010830907284198288,5674.525094365772,1.138634949925082,0.9217470266285466,0.986,77.88750936133877,0
Shale,5.872380886,384.02803952359545,Anticline,0.500169229,0.5867135320184463,2741.0,0.2539241500765245,0.0004324040878920001,2255.1589189864144,1.0748525043845978,0.29345605495353316,0.5482,140.10508556132632,0
Shale,3.6633454777286376,384.0498328701245,Fault,0.500169229,2.480208479564591,2837.0,0.32150260751651866,0.0008776202230204562,1406.9072184672095,1.0775733116567499,1.2405239629830838,0.5674,135.3718127846755,0
Shale,6.972121386432394,384.02011195503275,None,0.1488872026237667,2.926478202,1546.0,0.23303661495053946,0.0003342406163553376,2677.434835381846,1.0415536217526282,0.43571515303521047,0.3092,248.39593270053865,0
Sandstone,11.91814418521379,414.8940040218389,Fault,0.4814464104827508,1.4310019853249196,2837.0,0.18526522564991535,0.00015544804859783797,4944.766561512946,1.0775733116567499,0.6889507692283725,0.5674,146.24392105105352,1
Limestone,10.271933002987893,625.3944347,None,0.4785086131694892,2.435525839508468,727.0,0.24500816920877425,0.00023852196965995243,6424.009733679887,1.0193297831477228,1.1654200918016528,0.1454,860.2399376891335,0
Sandstone,3.607529597122039,397.5293543431901,Anticline,0.9870087503089592,4.879456590995995,2741.0,0.3296167692496442,0.0009136911018348982,1434.098911517873,1.0748525043845978,4.8160663520657705,0.5482,145.0307750248778,1
Sandstone,8.636390342090426,608.9261086339611,None,0.9426461464796644,3.8279384394389933,1016.0,0.2636609510477926,0.00030529068349633424,5258.9235636530475,1.0271172253334548,3.608391418898547,0.2032,599.3367210964184,0
Limestone,3.812887206553177,722.3753488216129,None,0.5956934958135682,2.7870804874407047,1468.0,0.4321993681351409,0.0011335225636686119,2754.3357258513165,1.0394163544090211,1.6602457186773372,0.2936,492.0813002872022,0
Sandstone,0.8353172273224019,451.6381981793647,None,0.4814464104827508,2.4443392314482524,2772.5,0.7301284342329659,0.14394480447346275,377.26116745607237,1.0757445111603952,1.176818348982927,0.5545,162.89925993845435,0
Limestone,5.770390894617452,857.4704957100193,None,0.0592727867679772,0.7730625733174845,2772.5,0.38276888221337063,0.0006633326739968562,4947.939940848209,1.0757445111603952,0.045821573066551,0.5545,309.2770047646598,0
Shale,29.99254690287133,383.9527377102362,Anticline,0.3263612882246169,0.9946420683263996,1118.0,0.11234709806356724,3.745833870907833e-05,11515.720494260113,1.0298799155157379,0.3246126667414012,0.2236,343.42820904314505,0
Limestone,0.7077590334238759,489.2174622232104,Fault,0.2135630084578761,2.480208479564591,2837.0,0.825539604000421,0.34087377260710366,346.2480781971809,1.0775733116567499,0.5296807844985487,0.5674,172.4418266560488,0
Sandstone,25.87489522204756,383.9595564592135,None,0.3729315685666111,2.118794705699833,2806.0,0.12095757986247675,4.6747080065240555e-05,9934.913292886004,1.07669396556023,0.7901654330672698,0.5612,136.8351947466905,0
Shale,3.660222407306671,802.6573555220331,Anticline,0.8525230068217636,3.958279176939152,659.0,0.4649872079080937,0.0012703796550173267,2937.9044380712626,1.017506041116978,3.3745240657641413,0.1318,1217.9929522337375,0
Shale,5.280742651234014,327.41432141489383,Fault,0.500169229,4.203395555772905,2458.0,0.2472469724670929,0.00046820492645918986,1728.9907717204721,1.0668717020176137,2.10240911431296,0.4916,133.20354817530261,0
Sandstone,10.686660671392543,804.4768124686111,Anticline,0.4814464104827508,4.713035699076631,2230.0,0.2724365699069539,0.00025493143114036355,8597.17071285554,1.0604850617284247,2.269074119797506,0.446,360.7519338424265,0
Limestone,14.082955585116128,975.0938536761182,Fault,0.007670799,2.480208479564591,2837.0,0.261279870864109,0.00018552914499016682,13732.203432640497,1.0775733116567499,0.019025180724835583,0.5674,343.7059759168552,0
Limestone,7.105484117896388,384.0192369387018,Dome,0.2243783339301854,2.638647166213336,2754.0,0.2308390624230388,0.00032487450340171865,2728.642589034636,1.0752205444922762,0.5920552549845534,0.5508,139.44053628856275,0
Sandstone,4.817810851299257,72.08410062669851,None,0.1436764363547702,1.8055273972453607,3513.0,0.1214575502886093,0.00025210111819947204,347.28756220545563,1.0969283284134717,0.259411742177117,0.7026,20.519242990805157,0
Sandstone,22.95811572350871,383.9650790131791,Anticline,0.4787199,2.930333463305628,2741.0,0.1284125267633537,5.59333911850011e-05,8815.11471777073,1.0748525043845978,1.4028089425203238,0.5482,140.0821156560303,0
Limestone,12.475840182238429,115.39169027251243,Fault,0.0260555527950701,2.0505694160257866,2837.0,0.09549530369535165,7.654418644389672e-05,1439.6082861982218,1.0775733116567499,0.05342871967921595,0.5674,40.673842182767864,1
Sandstone,22.96630109067608,383.9650625531637,None,0.4814464104827508,4.9946125423166645,2772.5,0.1283896383636939,5.590349001207594e-05,8818.257234896233,1.0757445111603952,2.4046382802504844,0.5545,138.4905545728273,0
Limestone,24.25711602442171,228.2633999781933,Fault,0.4785086131694892,2.480208479564591,3749.0,0.0963226020851773,3.970900827130527e-05,5537.011777400015,1.1037669583650433,1.1868011199276598,0.7498,60.886476387888315,0
Shale,9.448561857562783,384.00607566952215,Anticline,0.0149289672360176,1.7352291462394231,2741.0,0.2001777671272369,0.00021186056687241917,3628.3051596434148,1.0748525043845978,0.02590517907119114,0.5482,140.09707248067207,0
Sandstone,18.23335315820661,383.9757187288444,Dome,0.8597038882047439,4.050026016949691,1703.0,0.14409478294546552,7.902813141125948e-05,7001.164883759229,1.0458688918374228,3.4818231141020215,0.3406,225.47018128528737,1
Limestone,29.03228474501147,580.2000627268465,Anticline,0.1146574965245906,2.5658539647403695,1608.0,0.14037117214367198,4.835002597161821e-05,16844.53343015932,1.0432556097776693,0.29419439204482595,0.3216,360.82093453162094,0
Shale,10.493398464286496,708.4617519137353,Dome,0.5870043605916931,3.530619739579116,1537.0,0.2580059788725322,0.0002458745655667574,7434.1714595373105,1.0413067898683226,2.0724891827240493,0.3074,460.93802987230663,0
Shale,9.526637396085052,456.1607575928738,None,0.3009865092617835,2.796738062714333,1098.0,0.2172795189117924,0.00022807577309605893,4345.6781319107595,1.0293376265089826,0.84178042681595,0.2196,415.44695591336404,1
Limestone,4.865121814115642,547.5141535838276,Fault,0.4785086131694892,3.6916876790388247,4575.0,0.3331044725442623,0.0006846785862129793,2663.7230521377414,1.1280396573173679,1.7665043515517584,0.915,119.67522482706613,1
Sandstone,11.054195822655098,383.99882793183275,Dome,0.004001676,3.9681105264978864,3514.0,0.1850678674527691,0.00016741866203734196,4244.79823962852,1.096957216085998,0.015879092659233957,0.7028,109.27684346381126,0
Sandstone,4.910269911891836,943.291049063622,Anticline,0.1246116764636666,2.5658539647403695,2741.0,0.4352109583059113,0.0008863279740527187,4631.813656373989,1.0748525043845978,0.3197353641072431,0.5482,344.1412072468522,0
Sandstone,3.7632535335156,384.04859016636834,Dome,0.3570353426088887,3.715542566412162,2800.0,0.3172057101382968,0.0008429028427483224,1445.2722139852701,1.07652385244407,1.326580013176876,0.56,137.160210773703,0
Sandstone,14.082955585116128,383.98764562686114,Fault,0.291178168,1.5280362908271097,2837.0,0.1639613060583296,0.00011642535195638591,5407.6809585963965,1.0775733116567499,0.444930807800553,0.5674,135.34989271302823,0
Sandstone,14.082955585116128,383.98764562686114,Dome,0.4391044474069674,0.5438411577688829,2800.0,0.1639613060583296,0.00011642535195638591,5407.6809585963965,1.07652385244407,0.2388030710592707,0.56,137.13844486673614,0
Sandstone,1.5064329507136576,356.85510593661536,Anticline,0.7346220404322331,3.5890920604908856,1599.0,0.48328209161663455,0.003208122149662781,537.5782902133303,1.0430083745488765,2.636626132776942,0.3198,223.17392491345552,1
Shale,21.882463461796217,383.9672947643452,Anticline,0.1021150889490368,2.5658539647403695,3563.0,0.13153116266887674,6.0108023440099486e-05,8402.15029820552,1.0983736443618408,0.2620124058397016,0.7126,107.76516833127846,0
Sandstone,0.2417731002635936,942.2914857716752,Anticline,0.908593587916376,1.534772509633101,2741.0,1.9602808252351434,6.147655182112007,227.82073386700583,1.0748525043845978,1.39448446116296,0.5482,343.77653621732037,1
Limestone,10.58073360509204,573.2858928669209,Fault,0.9980205148205228,4.977234987974923,2837.0,0.2311305674347377,0.00021844474689685481,6065.785311982226,1.0775733116567499,4.967382625081451,0.5674,202.0746890613045,1
Limestone,7.090097708062536,384.019337049588,Anticline,0.1878053168359833,2.308016084,4544.0,0.23108943179940708,0.0003259326476370315,2722.7346214669783,1.1271191285156135,0.4334576919181655,0.9088,84.51129776619455,0
Sandstone,11.073425728019616,857.6277684824839,None,0.4814464104827508,3.23455703770104,3580.0,0.276336381667028,0.00024954913542951835,9496.87739657799,1.0988654854701017,1.5572658753028854,0.716,239.56082918505138,0
Sandstone,2.9252307739162573,387.6802460779018,Fault,0.4814464104827508,0.1199470373976041,2309.0,0.36148178443900514,0.0012357376643999218,1134.054186266506,1.0626936363048631,0.057748070603116756,0.4618,167.89963017665733,0
Shale,2.2659980747072286,384.0720190385071,Anticline,0.2964465112899875,0.3901433214278399,584.0,0.4087956012681494,0.0018040421385661,870.3064556901752,1.0154983447946753,0.11565662654037137,0.1168,657.6575668467588,0
Sandstone,20.416744853373043,841.6742083,Anticline,0.4814464104827508,2.307028169192584,2741.0,0.20160829968895919,9.874654414151213e-05,17184.247560525855,1.0748525043845978,1.1107104309403617,0.5482,307.0682992703393,0
Shale,14.082955585116128,973.9038893,Anticline,0.7962824382950623,2.5658539647403695,2741.0,0.2611203945983852,0.00018541590436765693,13715.445217183753,1.0748525043845978,2.0431444513525143,0.5482,355.30970058372856,0
Sandstone,10.824189341340077,655.5169710347413,Dome,0.4814464104827508,0.8443434607486638,3112.0,0.24435651788244078,0.00022575040973201276,7095.439810941779,1.0854054732845362,0.4065061283920276,0.6224,210.6417002039657,1
Limestone,11.14040744219981,906.989495242194,Anticline,0.4785086131694892,4.650243318207643,3809.0,0.2833219611052857,0.00025431920921676834,10104.232522793189,1.1055123800877262,2.225181481096223,0.7618,238.1174836550785,0
Limestone,6.197430486653425,384.02555147013123,None,0.8012141878430362,3.4036425635291088,4763.0,0.24717462088467884,0.0003988340351973059,2379.971660334885,1.1336383460384003,2.7270467122459645,0.9526,80.62682163975042,0
Sandstone,14.082955585116128,376.1324697844995,Fault,0.4814464104827508,3.369442560595666,2837.0,0.1622755747929767,0.0001152283509041817,5297.05686609514,1.0775733116567499,1.622206026126592,0.5674,132.58106090394764,0
Limestone,24.757459999565427,383.96159488726005,Dome,0.4785086131694892,2.638647166213336,2800.0,0.12365751038550105,4.9947575554063964e-05,9505.913826790686,1.07652385244407,1.2626153961483462,0.56,137.12914103116432,0
Sandstone,11.98974006257261,759.0147886916845,Anticline,0.4814464104827508,1.519540681909108,2741.0,0.24983304608032106,0.0002083723623502101,9100.390020061774,1.0748525043845978,0.7315774068876514,0.5482,276.9116339626722,0
Sandstone,6.282530124655628,800.1916808829793,None,0.4795439274571891,2.4386317823715675,2772.5,0.3543719792320142,0.0005640593394710365,5027.228340646141,1.0757445111603952,1.1694310625403868,0.5545,288.6173781363316,0
Sandstone,7.892400897725723,384.01438637704086,Anticline,0.4929845578183954,4.980235610632328,4807.0,0.21902759111111558,0.00027751706223416836,3030.79548778175,1.1349526851278666,2.455179250339005,0.9614,79.88649602185164,0
Shale,19.07818730224301,383.9736272711068,Anticline,0.5775349249438466,2.3297759890286818,2741.0,0.14086781950059662,7.383710898154086e-05,7325.5207801998195,1.0748525043845978,1.3455270009596558,0.5482,140.08523431999518,0
Sandstone,9.181414986863144,843.6356899563885,Dome,0.3861869441194644,0.6596110421173423,2800.0,0.30099016950237917,0.000327825471273261,7745.769367218215,1.07652385244407,0.25473317266275175,0.56,301.2984606987102,0
Sandstone,8.784386002115063,384.00944157873744,Anticline,0.8661153782252905,2.0036708939718406,2741.0,0.2076083867318048,0.0002363379599687648,3373.2871632842835,1.0748525043845978,1.7354101741714267,0.5482,140.09830046652223,1
Sandstone,14.082955585116128,383.98764562686114,Anticline,0.4814464104827508,3.579231221759584,2741.0,0.1639613060583296,0.00011642535195638591,5407.6809585963965,1.0748525043845978,1.7232080240039422,0.5482,140.09034864168592,0
Limestone,10.50667120164666,460.0238177491152,None,0.3949604276103488,2.551795405973236,1585.0,0.20777210331029247,0.0001977525510436925,4833.31899801618,1.0426239028684927,1.0078582047173128,0.317,290.2358471603251,0
Sandstone,10.61090059742202,955.9141732,Anticline,0.3872618122731889,2.5658539647403695,2741.0,0.29803205369249886,0.00028087347624847935,10143.110271492058,1.0748525043845978,0.9936572564137024,0.5482,348.7465060926669,0
Sandstone,29.86532904047599,828.2314831901434,Dome,0.096460104,2.638647166213336,2800.0,0.16535672555270817,5.536745479301531e-05,24735.405767155095,1.07652385244407,0.2545241800722437,0.56,295.7969582821941,0
Shale,12.676181406715646,383.9925054097127,Fault,0.500169229,2.480208479564591,1069.0,0.17282111361011734,0.00013633531113601717,4867.558657392757,1.028551814608959,1.2405239629830838,0.2138,359.2072080539876,0
Limestone,5.315775030335733,288.265903,Dome,0.9619247578160508,4.115005874456724,3698.0,0.23122936658987314,0.0004349871190377844,1532.3566892645824,1.1022855167669847,3.9583260291984104,0.7396,77.95183964305029,1
Shale,3.573196076301488,490.4038506397898,None,0.2623172144980064,0.9686925573252436,4679.0,0.36785626728815457,0.001029488053364572,1752.309114909238,1.1311333783465185,0.25410473334250827,0.9358,104.8095427740521,0
Shale,11.16360645725096,283.7339489178858,Fault,0.500169229,2.08997128940008,4996.0,0.15830077468722792,0.0001418007480767192,3167.494144281024,1.1406157219941744,1.0453393284513741,0.9992,56.7922235624271,0
Sandstone,14.082955585116128,383.98764562686114,None,0.2132203490700008,0.3445608996394067,2772.5,0.1639613060583296,0.00011642535195638591,5407.6809585963965,1.0757445111603952,0.07346739529698781,0.5545,138.49869995558564,0
Sandstone,9.963293499243736,384.0036260628987,None,0.7498392836454242,0.3087485208388885,2232.0,0.1949377049726439,0.0001956558892774168,3825.9408312385012,1.0605409183377863,0.23151176969241646,0.4464,172.0446353328399,0
Shale,19.156311822057404,383.9734385685217,Fault,0.500169229,0.5672684313535492,3790.0,0.1405802433266111,7.338586082355422e-05,7355.514920606205,1.1049593647894553,0.28373021394614417,0.758,101.31225292045428,0
Sandstone,11.115790807790228,383.9985713329302,Dome,0.9274036757291032,0.1968097087106435,3725.0,0.18455434309258648,0.0001660289819085531,4268.447789427166,1.1030695615250226,0.18252204727742488,0.745,103.08686478736382,1
Shale,19.462054166272026,383.97270740327514,Anticline,0.064157862,2.5658539647403695,2741.0,0.1394715051056896,7.166330127032293e-05,7472.89762985266,1.0748525043845978,0.16461970458196548,0.5482,140.08489872428862,0
Limestone,0.2954047503603285,773.3754522306584,Dome,0.4414043998764747,4.359904612713076,2800.0,1.606630850913959,3.8321132754219396,228.4587824010038,1.07652385244407,1.9244810790932891,0.56,276.2055186538066,0
Sandstone,16.48285836865548,383.98037938819687,Fault,0.8557290841417408,0.6615850792855027,2837.0,0.1515541737913303,9.194653645725202e-05,6329.094209798248,1.0775733116567499,0.5661375939788241,0.5674,135.3473314727518,1
Sandstone,14.082955585116128,341.4759521011471,Dome,0.8789551112920235,2.195089662145544,2800.0,0.15461898057156784,0.00010979157012678517,4808.990666825696,1.07652385244407,1.929385278287107,0.56,121.95569717898111,0
Limestone,17.602443569020288,695.0942096,None,0.5738858673758923,2.721657602127677,2772.5,0.19731722681526156,0.00011209649730821083,12235.35659963676,1.0757445111603952,1.5619208336972332,0.5545,250.71026495942291,0
Shale,5.843204930616776,135.58101513885603,Fault,0.6006779229552052,1.8618959419555536,2837.0,0.15125283714090654,0.000258852528598447,792.2276561573913,1.0775733116567499,1.1183997871725873,0.5674,47.790276749684885,0
Shale,13.463364119838444,806.5964164273278,Anticline,0.608330255,0.2957804776863965,2741.0,0.2430418131037585,0.00018052086457769734,10859.501252117952,1.0748525043845978,0.17993221341498739,0.5482,294.27085604791233,0
Limestone,20.092633536547435,495.1031728987954,None,0.1462257492179137,1.438677247653741,1575.0,0.15586875667699224,7.757507565818848e-05,9947.92661583738,1.0423493670119928,0.21037165842093428,0.315,314.35122088812403,0
Limestone,26.05232363824146,383.9592409158099,Fault,0.5659948382691918,0.1271617068097008,630.0,0.12054493801249107,4.6270321099322826e-05,10003.030408232202,1.0167292616280486,0.071972869679791,0.126,609.4591125647777,1
Limestone,21.166881349490733,429.13604798919033,Dome,0.016080086,0.8309114216170965,2800.0,0.14138349364910674,6.679467386559918e-05,9083.471810576553,1.07652385244407,0.01336112711798517,0.56,153.2628742818537,0
Sandstone,14.082955585116128,491.7475371750526,Fault,0.4814464104827508,1.9708497526411155,2837.0,0.18554695861628656,0.0001317528536498303,6925.258725126509,1.0775733116567499,0.9488585390098824,0.5674,173.3336401744986,0
Sandstone,25.25950584174679,383.96066790402335,None,0.320172291,1.960516873,2772.5,0.12242231627786004,4.8465839769331795e-05,9698.656733922677,1.0757445111603952,0.627703178772566,0.5545,138.4889694874746,0
Shale,8.353726391,384.0117629778271,Fault,0.500169229,3.3785494290197056,2837.0,0.21289319936084772,0.0002548481831894938,3207.9291988423115,1.0775733116567499,1.6898464630511765,0.5674,135.35839371795103,0
Shale,26.01532063354057,285.38971755487086,Fault,0.4685162277036508,2.480208479564591,2301.0,0.10400021029525314,3.997652451039546e-05,7424.505007705547,1.0624697740360458,1.1620179207642094,0.4602,124.02856043236456,0
Limestone,10.84257364957595,326.5041899174571,Anticline,0.4785086131694892,2.5658539647403695,2780.0,0.17230895042841884,0.00015891886557317303,3540.1457260751617,1.0759570028124816,1.2277832222633498,0.556,117.44755033002055,1
Limestone,18.79975917274023,383.9743061312107,Fault,0.1591590318499031,0.4300194886736447,3782.0,0.14190725105784044,7.548354729118384e-05,7218.624483786794,1.1047265990120927,0.06844148549388766,0.7564,101.52678639111865,1
Shale,4.169069756598738,554.2864519365074,None,0.6935264272259882,1.3622410958870768,4916.0,0.3620572087698146,0.0008684364376411697,2310.858883260913,1.13821522856596,0.9447502002509792,0.9832,112.75151585364267,0
Limestone,12.600122222442147,383.9927833210831,Fault,0.1497255641461903,4.617033031591974,2095.0,0.17334199890671873,0.00013757168053336684,4838.356002381392,1.056721533871132,0.6912878753367034,0.419,183.29011137044537,0
Limestone,8.772452516527439,384.0095043566691,Anticline,0.060816312,1.2821905299922904,3023.0,0.20774956433530814,0.00023682039195299683,3368.705142864116,1.0828644903563374,0.07797809931545649,0.6046,127.02927699525937,0
Shale,29.756785719589256,695.8089315795129,Dome,0.2391430225014869,4.919388097085462,2790.0,0.15183840703676613,5.102648131004588e-05,20705.037278787906,1.0762403903087208,1.1764373383948554,0.558,249.39388228656375,0
Shale,0.8241168753895456,160.80295455018657,Fault,0.368030053,4.7672547816859705,2837.0,0.4386137644864262,0.09360900340569003,132.52042845730688,1.0775733116567499,1.7544930299683912,0.5674,56.6806325520573,0
Limestone,2.244636155849191,384.0724565231499,Anticline,0.007651246,2.5658539647403695,3666.0,0.41073645702533373,0.001829857618371757,862.1029223776789,1.10135700014802,0.01963197988430389,0.7332,104.76608197576375,0
Shale,2.759535320123998,407.31737987012434,Fault,0.500169229,3.628112389923479,3381.0,0.3814855921183837,0.001382426922882226,1124.0066962519718,1.0931218257304063,1.8146701767933742,0.6762,120.47245781429292,0
Sandstone,23.186417323905545,300.429755236204,None,0.4814464104827508,2.4443392314482524,1596.0,0.11302754532091457,4.874730914309106e-05,6965.889681425423,1.0429259758268257,1.176818348982927,0.3192,188.23919501015288,0
Sandstone,15.878023444307704,383.9821057073958,Fault,0.088935245,0.2295325757869287,2736.0,0.15441408829935652,9.725019542952886e-05,6096.8768766166695,1.0747109840436708,0.02041353586309157,0.5472,140.34433688135812,0
Shale,4.875469343,6.629125102,Fault,0.500169229,3.990762036552242,2837.0,0.036614199247990115,7.509881956402677e-05,32.320096205712744,1.0775733116567499,1.9960563709448047,0.5674,2.336667290095171,0
Limestone,18.824036962982184,520.4995267432342,Dome,0.4785086131694892,2.638647166213336,2800.0,0.1651138233915419,8.771435357688752e-05,9797.902330629375,1.07652385244407,1.2626153961483462,0.56,185.89268812258368,0
Shale,15.10859813920804,626.9984697815358,Dome,0.500169229,0.4301307694343509,1964.0,0.20227900261395879,0.00013388336942328776,9473.067913827601,1.0530822869345715,0.2151381753171561,0.3928,319.2456567115763,0
Shale,4.410448646993357,99.28710701,Dome,0.8026712203158792,3.9658760334210834,4534.0,0.14898230577279625,0.0003377939926233102,437.9006867761392,1.1268223440140563,3.1832945553675995,0.9068,21.89834737759153,0
Shale,23.74390622668557,383.96352502779695,Dome,0.001433399,1.3157561836710596,4596.0,0.12626952563400298,5.317976091570382e-05,9116.793932727649,1.1286636684507507,0.0018860035979179131,0.9192,83.54297759525608,0
Limestone,27.508261446027475,797.1508078196497,Anticline,0.4785086131694892,2.927241457423115,3225.0,0.16903176319206353,6.144763583976834e-05,21928.232833414928,1.0886402580116965,1.4007102502037692,0.645,247.1785450603565,0
Shale,2.2986720597660817,384.07135780261456,Fault,0.500169229,4.998872388027643,2837.0,0.4058794843429931,0.0017657128715624461,882.8540991372918,1.0775733116567499,2.5002821481891755,0.5674,135.37940000092158,0
Shale,9.493637296,143.41370087780507,None,0.882092979,3.646278937,1389.0,0.12204181333941552,0.00012855116488475496,1361.517659410918,1.0372561565342466,3.2163570498032836,0.2778,103.24960466364655,0
Limestone,15.266557655227372,383.9839191402997,Anticline,0.4785086131694892,1.812145852891562,2025.0,0.1574764462054859,0.00010315124716511643,5862.11264023555,1.0547753362171626,0.8671273989279825,0.405,189.62168846434554,0
Shale,13.83500704,383.9884658858105,Fault,0.500169229,2.5790105083273964,3583.0,0.16542420094293261,0.00011956929292818966,5312.483128808988,1.098952303819445,1.289941697533012,0.7166,107.16954113475035,0
Shale,14.082955585116128,598.3130812710691,Dome,0.500169229,1.6025497757980682,2800.0,0.2046666082013114,0.00014532930034773218,8426.016549534443,1.07652385244407,0.8015460857950427,0.56,213.68324331109613,1
Limestone,7.488741132317501,26.31231529501889,Dome,0.4785086131694892,2.989276380334074,1321.0,0.058857901139486746,7.859518722777949e-05,197.04611783631486,1.0354003413892416,1.4303944951339682,0.2642,19.918482433776603,1
Shale,11.395892642830804,383.9974221124608,Anticline,0.6797015203711821,4.234178898755027,4670.0,0.18227186104825055,0.0001599452247937053,4375.993397517386,1.1308653174638648,2.8779778350073695,0.934,82.2264287178717,0
Limestone,11.40670163778163,675.7290326981587,Fault,0.8091272253580883,1.341439254444163,4706.0,0.2416773200873443,0.00021187309685286517,7707.839463974683,1.1319379423024483,1.0853950219348283,0.9412,143.58882972761552,1
Shale,18.933510836767045,643.3699672045814,Dome,0.2109165561406798,2.638647166213336,513.0,0.18303934954106366,9.667480644192991e-05,12181.2522461184,1.0136013759466802,0.5565343731680809,0.1026,1254.1324896775466,1
Sandstone,8.047510767669323,384.0134875870689,Fault,0.4814464104827508,2.9515826824949105,2837.0,0.21690626891857684,0.00026953212636880524,3090.3526762871866,1.0775733116567499,1.4210288877302233,0.5674,135.35900161687306,0
Sandstone,29.57304748757224,79.82292766170985,None,0.4814312028120059,3.9885328674368834,1697.0,0.05158761308633146,1.744413155526518e-05,2360.607230336789,1.0457036489532086,1.9202041758253576,0.3394,47.037670985097144,0
Limestone,14.676817642497577,976.5135440102048,Anticline,0.434989239,3.981068845089503,4888.0,0.2561255090547557,0.0001745102482660338,14332.111210866808,1.1373762499412512,1.7317221073320919,0.9776,199.7777299529879,0
Shale,1.2285459644843932,322.7101737695116,None,0.500169229,2.5005076870000003,3058.0,0.5089091645606889,0.004142369754755348,396.46428168259075,1.083863042851792,1.2506770019153635,0.6116,105.52981483633472,0
Limestone,10.658273995887093,862.2419693780287,Dome,0.9496941809192124,2.638647166213336,2129.0,0.2824234714161125,0.0002649804945201226,9190.011160384318,1.057668125151946,2.505907859251775,0.4258,404.99857650447564,1
Shale,27.92472224970342,147.6548301222424,Anticline,0.500169229,2.150117936725049,523.0,0.0722036323433684,2.5856526592358587e-05,4123.220119990761,1.0138683401054367,1.0754228306708387,0.1046,282.32281094119,0
Limestone,22.443170036624675,383.96612649915426,None,0.4785086131694892,0.037006697,2772.5,0.12987752515418224,5.786950994099187e-05,8617.417065324658,1.0757445111603952,0.017708023259453497,0.5545,138.4909383225083,0
Sandstone,10.731784492265781,757.6447961326963,None,0.2427982645276724,0.996261866,2390.0,0.2638314102779657,0.00024584113710828296,8130.88067378274,1.06496289998264,0.24189065207990051,0.478,317.00619085050056,0
Shale,11.245637783688545,133.51123057951156,Fault,0.2405378933050502,1.2576569520748793,4166.0,0.10819233703898169,9.620827126044497e-05,1501.4189391517089,1.1159548567996627,0.302514153752542,0.8332,32.0478229907613,0
Limestone,8.441789465164891,384.01127870207023,Dome,0.6033139044459218,2.0651355581576407,2800.0,0.21177972484785193,0.0002508706545238573,3241.7423670516355,1.07652385244407,1.2459249968021942,0.56,137.1468852507394,1
Sandstone,3.468168318345366,384.05236152025543,Anticline,0.1038149131224915,0.4007167766677211,769.0,0.33042643495892055,0.0009527404803598582,1331.9582328102708,1.020457844667939,0.041600377356484294,0.1538,499.4178953449355,0
Shale,27.89806782222257,300.6739342,Fault,0.5639461282688776,0.009686546,4365.0,0.10308381320660912,3.695016223471088e-05,8388.221808686087,1.1218184895910353,0.005462690112998383,0.873,68.88291734249714,0
Shale,2.4729981605697224,384.06798151576936,Fault,0.6030082724225491,2.480208479564591,1380.0,0.3913107716155817,0.0015823334519805409,949.7994118222238,1.0370103430818445,1.495586230510001,0.276,278.3101315331662,0
Limestone,15.944377388454626,383.98191313709566,Fault,0.089797266,0.3925886310591142,2837.0,0.15409241070000004,9.664373022905168e-05,6122.352533398656,1.0775733116567499,0.03525338573179114,0.5674,135.3478720962621,0
Shale,14.082955585116128,209.1185908103134,Anticline,0.8908151473615851,2.5658539647403695,2741.0,0.12099824329882217,8.591821693075687e-05,2945.0078264037174,1.0748525043845978,2.2857015777084997,0.5482,76.29280948935184,0
Shale,25.65235157909064,935.3348924193516,None,0.500169229,2.5005076870000003,1097.0,0.18960492948829535,7.391327415099178e-05,23993.53950453213,1.029310519555459,1.2506770019153635,0.2194,852.6298016584791,0
Shale,21.47207779232386,383.9681689613048,Anticline,0.5058046230176674,0.4802635979477715,2741.0,0.13278231114363012,6.183952593125338e-05,8244.594393713287,1.0748525043845978,0.24291954810908115,0.5482,140.0832429628985,0
Sandstone,7.307133775938958,956.6142865947074,Dome,0.8523740974825584,1.3719354510285264,1447.0,0.35927297499687416,0.0004916742816176347,6990.108564121937,1.038841685979885,1.169402241874767,0.2894,661.1017875568123,0
Limestone,10.39028073592732,384.0016882307341,Fault,0.2030296652331139,2.480208479564591,1162.0,0.19088973451506772,0.0001837195157345583,3989.885343787365,1.031073957191506,0.5035558973143293,0.2324,330.46616887326513,1
Limestone,14.402704267201392,299.81701548034573,Dome,0.4785086131694892,2.638647166213336,1417.0,0.1432635685317874,9.946990917395622e-05,4318.175808238361,1.0380212821852566,1.2626153961483462,0.2834,211.58575545543098,0
Shale,5.218826630886766,318.2281119976828,None,0.056841951,4.732529976987288,4413.0,0.24519549367955115,0.0004698287776574182,1660.7773455903232,1.1232374390599602,0.2690062370579426,0.8826,72.11151416217602,0
Sandstone,9.771066347331068,402.1147379304173,Anticline,0.1387379112267776,2.5658539647403695,4448.0,0.20143441069167958,0.00020615396880065262,3929.089783557752,1.124273221060155,0.3559812195810247,0.8896,90.40349323975208,0
Shale,11.486494418525504,487.3202699062602,Fault,0.4976382118376917,2.480208479564591,4036.0,0.20452346090806126,0.00017805559595119317,5597.6015603126,1.1121409035431977,1.2342465127552031,0.8072,120.74337708281968,0
Limestone,17.99657364158324,383.97632230345056,Fault,0.5267651710909123,3.908786950875622,2397.0,0.1450397212640236,8.059296405672019e-05,6910.2581609583485,1.065159236521221,2.059012826935922,0.4794,160.19037225842746,0
Limestone,10.47683111872418,384.00130515375275,None,0.4515118390746734,2.3545355172240203,1477.0,0.19009952277911246,0.00018144753945624535,4023.1168234655365,1.0396627381835561,1.0631006615484548,0.2954,259.9873426904216,0
Sandstone,24.369785407411847,411.8411460803902,Anticline,0.6871736926095025,4.578819320905588,2741.0,0.12908288475728066,5.296841256469222e-05,10036.480351921664,1.0748525043845978,3.146444180538427,0.5482,150.2521510690953,1
Sandstone,27.51230338,537.0922753975021,Anticline,0.4814464104827508,4.006098457,2741.0,0.13873646525563849,5.04270628814353e-05,14776.645623790588,1.0748525043845978,1.9287217221631365,0.5482,195.94756490240866,0
Sandstone,10.721615049067054,729.6966678887322,Fault,0.5463684910261374,4.1961807405688125,2354.0,0.25904232210469635,0.00024160755718163657,7823.526775689916,1.0639537407204567,2.2926609392975217,0.4708,309.9815921362499,0
Sandstone,22.72645179400114,383.96554731798625,Anticline,0.4814464104827508,2.984998565503328,4966.0,0.12906543776739765,5.679084396336153e-05,8726.174501679478,1.1397149442537684,1.4371168446577376,0.9932,77.3188778328607,1
Sandstone,6.233713941142614,447.4688720690864,Anticline,0.4505540480989268,4.069624381,2367.0,0.2660342963317658,0.00042676693034618586,2789.3929460444247,1.0643180489838717,1.833585739101639,0.4734,189.0447283773073,0
Sandstone,1.517905610297452,384.0905261626269,None,0.062267642,1.073957991113355,2772.5,0.4994868540660351,0.003290631846127472,583.0131645243516,1.0757445111603952,0.06687283171368556,0.5545,138.53580745270582,0
Sandstone,14.082955585116128,383.98764562686114,Dome,0.080941134,4.199955978,2800.0,0.1639613060583296,0.00011642535195638591,5407.6809585963965,1.07652385244407,0.33994919960939907,0.56,137.13844486673614,0
Limestone,24.65257250956171,194.34982986633304,Dome,0.4785086131694892,2.638647166213336,2800.0,0.08816386239327582,3.576254054585205e-05,4791.223273000757,1.07652385244407,1.2626153961483462,0.56,69.41065352369037,0
Sandstone,0.9533545307197332,753.0642090627209,Dome,0.4814464104827508,0.7529024705171139,1043.0,0.8825075597217555,0.0431790880938353,717.9371756328173,1.0278478036311494,0.36248219187405956,0.2086,722.0174583535196,1
Limestone,25.74416775079963,981.7028214311116,None,0.8965082351115314,0.5072823607201726,3563.0,0.19390108503932585,7.531845150958635e-05,25273.12211635583,1.0983736443618408,0.45478281391245323,0.7126,275.52703380048035,0
Shale,12.936314545929866,383.9915673619963,None,0.3675319479281169,0.1531784610307163,2772.5,0.17107447197576023,0.00013224359331119167,4967.435698379401,1.0757445111603952,0.05629797816325031,0.5545,138.50011446780752,0
Shale,1.056455205765705,384.10726633933785,Dome,0.1489827584099924,2.638647166213336,1537.0,0.5987290988751333,0.005667340135270403,405.7921210966276,1.0413067898683226,0.3931129332931725,0.3074,249.9071348987234,0
Limestone,10.11800688162679,129.87517084823563,None,0.078468612,1.235405836,2772.5,0.11249811065899952,0.0001111860388860616,1314.0778723949031,1.0757445111603952,0.09694058120761963,0.5545,46.8440652293005,0
Limestone,13.69240319137273,856.5866016007845,Dome,0.5225156268160511,2.638647166213336,4442.0,0.2483564520866308,0.0001813826606005252,11728.729117445704,1.1240955906218248,1.3787343780003585,0.8884,192.83804628563362,0
Shale,14.761634681472016,506.0802453532132,Anticline,0.2889434179648537,0.092007773,2741.0,0.1838535897876541,0.00012454825888518763,7470.571701413858,1.0748525043845978,0.02658504040995438,0.5482,184.6334350066447,0
Sandstone,24.00457945175252,383.96302086032534,Fault,0.566250868,3.7496430959627065,2837.0,0.12558197161699122,5.2315839096203276e-05,9216.87084077659,1.0775733116567499,2.12323865777909,0.5674,135.34121285171847,0
Limestone,10.323186536325814,659.2078003,Fault,0.4609797866933571,4.066274755609495,916.0,0.25091922034049063,0.00024306372790760088,6805.125088697916,1.0244159001431998,1.8744704694774477,0.1832,719.6591706331877,0
Shale,11.489911922907591,383.9970426880452,None,0.5533981952867529,0.558765019,4982.0,0.1815244953823179,0.0001579859763941359,4412.092199142626,1.1401952704867768,0.3092195531039682,0.9964,77.07688532477825,0
Shale,9.398280334145362,603.5856345811142,Anticline,0.555469621,2.3441026222411594,1887.0,0.25163723123340304,0.00026774816486284966,5672.6669994563335,1.050949038853989,1.3020777951614029,0.3774,319.86520115586336,0
Limestone,11.035520838223754,383.99890601261393,Anticline,0.4785086131694892,4.884082045922801,4435.0,0.18522441168324158,0.00016784383301754046,4237.6279291573255,1.1238883905809955,2.3370753264005213,0.887,86.58374430949581,0
Limestone,2.798935664302306,384.0622632081719,Anticline,0.5892560729026746,4.326227853538011,2741.0,0.3678188722429194,0.0013141383595703551,1074.9655658060117,1.0748525043845978,2.549256035457976,0.5482,140.1175714002816,1
Shale,10.835722949304847,759.2929580570411,None,0.083270881,3.1770169195230435,2756.0,0.26284843038775635,0.00024257581300066283,8227.488130864243,1.075277177231481,0.26455299784058994,0.5512,275.5054274517566,0
Shale,10.485387645316539,384.00126745413394,Dome,0.500169229,1.6315474091168147,1508.0,0.19002193293383576,0.00018122547240178764,4026.402145549468,1.0405118405281053,0.8160498096949049,0.3016,254.64275030114982,0
Sandstone,8.977452577804813,845.4918852839074,Dome,0.2467054072750285,0.8647242093543661,4587.0,0.3047248066118851,0.0003394334907045503,7590.363305055066,1.128396192850635,0.21333213824934588,0.9174,184.3234979908235,0
Limestone,10.617093417041769,594.0196033528147,Anticline,0.4660657843187356,0.4984501828701898,1982.0,0.23486982137417695,0.0002212185691021437,6306.7616203509315,1.0535815924134544,0.23231057542321218,0.3964,299.70716617195495,0
Limestone,12.866531681841304,46.99911488485366,Fault,0.4785086131694892,2.480208479564591,2837.0,0.060012779380167164,4.66425458422987e-05,604.7156006844688,1.0775733116567499,1.1868011199276598,0.5674,16.566483921344258,0
Limestone,6.2331188831918505,313.8479817193168,None,0.6732054099635502,3.5333694445955057,3628.0,0.22281099243366306,0.0003574630880769696,1956.2517813063243,1.1002554024767257,2.378683425501599,0.7256,86.50716144413363,0
Limestone,21.672341533906337,327.9230575979112,None,0.4785086131694892,2.435525839508468,4726.0,0.12214134762247099,5.635816851233222e-05,7106.860501104771,1.1325342845390782,1.1654200918016528,0.9452,69.38702022808108,0
Shale,21.63673402496749,231.32009842129645,None,0.5172518254386435,3.129399164993225,4749.0,0.1026692711711426,4.745137184413712e-05,5005.011444170894,1.1332204665175025,1.6186874306189123,0.9498,48.70922266188597,0
Limestone,10.277344596037823,225.72509383315685,Fault,0.7680814070435371,4.615160853983362,747.0,0.1471563847914787,0.00014318522008906,2319.854573296325,1.0198667996925606,3.5448192424597926,0.1494,302.17549375255265,1
Limestone,20.503613322225267,140.15739271769374,Anticline,0.8903124909481418,2.9598629643802914,4305.0,0.08209608587351364,4.003981375542431e-05,2873.732984534864,1.1200473232107149,2.6352029686825684,0.861,32.55688564870935,1
Limestone,11.279152648174875,991.7077616,None,0.3244534216181676,3.89795548,4279.0,0.2944308190274893,0.0002610398389059238,11185.623225466219,1.1192806864696128,1.2647049928012868,0.8558,231.7615708343071,0
Sandstone,24.09111482302416,383.96285470233244,Anticline,0.5616633369429792,0.5937779213322109,1076.0,0.12535619614143628,5.203420309201794e-05,9250.093220410034,1.028741438400581,0.33350328869851537,0.2152,356.84280176796693,0
Sandstone,13.970476252868384,512.9273289751403,Fault,0.2671845171706855,0.7631789566542219,2837.0,0.190261958041179,0.000136188598439595,7165.839068894407,1.0775733116567499,0.20390960104848577,0.5674,180.79919949775828,1
Shale,10.528829748236955,786.5065997036816,Fault,0.500169229,0.7863172362366866,1665.0,0.2713880884844533,0.0002577571249358429,8280.994084144817,1.044822794399832,0.39329168579791446,0.333,472.3763361583673,0
Limestone,29.429589083960494,383.953612619175,Fault,0.5776955876901549,2.221772450630923,2837.0,0.1134166794409024,3.853831567859572e-05,11299.597046684468,1.0775733116567499,1.2835081415810268,0.5674,135.3378965876542,0
Shale,3.083047279493454,145.96562474612352,Dome,0.8810096692124272,2.860168830802709,2800.0,0.2160552634504949,0.0007007847881138978,450.0189222730985,1.07652385244407,2.5198363955171894,0.56,52.13058026647269,0
Shale,1.1265696018013682,384.1042981419906,Anticline,0.500169229,1.4305001871020018,3706.0,0.5797960032895548,0.0051465617602540455,432.7202262080164,1.102517768208577,0.715492175667164,0.7412,103.64390127954415,0
Sandstone,14.082955585116128,964.4190353652536,None,0.4814464104827508,0.8335655580846374,2772.5,0.25984575728886844,0.00018451081217886676,13581.870440489407,1.0757445111603952,0.4013171458418996,0.5545,347.8517710965748,0
Shale,11.466938572390191,383.99713511190674,Anticline,0.5780949074597088,3.5524303414478204,4906.0,0.18170626319787248,0.00015846100687709298,4403.2715603020515,1.1379155223230897,2.0536418894963395,0.9812,78.27092032448161,0
Limestone,7.934154500015723,251.90724295692743,Dome,0.081089628,2.638647166213336,2800.0,0.1769292550173115,0.00022299698728700187,1998.67098529326,1.07652385244407,0.2139669171314936,0.56,89.96687248461694,0
Shale,10.34931793657398,731.4826061762848,None,0.500169229,2.5005076870000003,1012.0,0.26398289384593326,0.0002550727453381548,7570.346056392105,1.0270090356845396,1.2506770019153635,0.2024,722.8088993836806,0
Limestone,11.099409944864993,484.37748894032967,Anticline,0.4785086131694892,2.5658539647403695,3669.0,0.20743005277840226,0.00018688385581646822,5376.304317813028,1.1014440153451073,1.2277832222633498,0.7338,132.0189394767865,0
Sandstone,22.88680006663092,441.3250356351048,Fault,0.4814464104827508,2.480208479564591,2034.0,0.13788479973377227,6.024642996502123e-05,10100.51785497941,1.0550253606924573,1.1940874697352533,0.4068,216.97396048923542,0
Limestone,0.3165336735056956,678.9707877456838,Fault,0.0490887499489905,2.480208479564591,2237.0,1.4542706316553617,3.140092475273905,214.91711764819723,1.0606805727328363,0.12175033387471211,0.4474,303.51845674818225,0
Sandstone,14.082955585116128,148.59857811352313,None,0.4814464104827508,0.6429587061272302,2772.5,0.10199762753469202,7.24262935562265e-05,2092.7071755841557,1.0757445111603952,0.3095501611535888,0.5545,53.59732303463413,0
Limestone,25.42920988527765,530.8024233135646,Fault,0.8844574755605131,2.480208479564591,1903.0,0.14345961577937735,5.6415286368151734e-05,13497.88623005463,1.051391955212559,2.1936389306994766,0.3806,278.92928182530983,1
Shale,14.986461038591257,470.7601566117164,None,0.500169229,1.927419453653603,2722.0,0.17598674262625724,0.00011743048754010587,7055.0287455826065,1.0743148262101914,0.9640359020935239,0.5444,172.94642050393696,0
Limestone,29.520945428373903,526.9929282855028,Dome,0.4785086131694892,0.006172623,2800.0,0.13266822261089745,4.4940370535485656e-05,15557.32947705529,1.07652385244407,0.002953653271348092,0.56,188.2117601019653,1
Limestone,10.232829497622053,384.0023933748531,Dome,0.1151624013887124,2.647790636753426,2800.0,0.19235290285213738,0.00018797626101054176,3929.431018083664,1.07652385244407,0.30492592810307245,0.56,137.1437119195904,0
Shale,14.082955585116128,119.03739439450986,Anticline,0.500169229,4.197335482920837,2741.0,0.09129026111788857,6.482322589611135e-05,1676.3983382258339,1.0748525043845978,2.099378052346858,0.5482,43.428454722550114,0
Limestone,10.213400086022416,384.0024811404937,Anticline,0.5782538453367186,4.307640651490192,510.0,0.1925357987246848,0.00018851293115226174,3921.97097391314,1.013521300407418,2.490909771052971,0.102,752.9460414519484,0
Shale,21.666482960209382,747.4269963691107,Anticline,0.500169229,2.5658539647403695,2741.0,0.18442501536544736,8.511995957264728e-05,16194.114280831818,1.0748525043845978,1.2833611992707838,0.5482,272.68405558887656,1
Sandstone,11.226108818068015,176.02716056111598,None,0.921526856,3.764580568,4100.0,0.12433828304918838,0.00011075813094655775,1976.1000593946185,1.1140169103308448,3.469162094987734,0.82,42.93345379539414,1
Sandstone,27.97608257406672,383.9559513438278,Fault,0.2035534561774709,1.6004654902277786,2837.0,0.11632602802512632,4.158052783736e-05,10741.58339959927,1.0775733116567499,0.3257802820286346,0.5674,135.33872095305878,0
Shale,14.082955585116128,446.0132297,Fault,0.8349950222048218,4.7122572236703295,2837.0,0.1767081636707083,0.00012547661788940532,6281.184504239298,1.0775733116567499,3.934711325113439,0.5674,157.2129819175185,0
Limestone,21.74793592558857,715.5062545821427,Dome,0.626387796,2.638647166213336,2800.0,0.18010565242983523,8.281505566600613e-05,15560.784179010303,1.07652385244407,1.6528163828660174,0.56,255.53794806505098,1
Shale,28.31987720131834,383.95538737858243,None,0.500169229,4.072925667839047,2772.5,0.11561770594576136,4.08256381635649e-05,10873.569421346068,1.0757445111603952,2.0371520910573664,0.5545,138.48706487956085,0
Shale,14.082955585116128,53.193338117127055,Dome,0.2597111040663301,2.638647166213336,2800.0,0.06102550272595555,4.333288020197383e-05,749.119418127565,1.07652385244407,0.6852859687787587,0.56,18.997620756116806,0
Shale,13.003910991993711,154.83400228717937,Dome,0.1491860340634647,2.638647166213336,2811.0,0.10834922866789887,8.332049391495194e-05,2013.4475842766312,1.0768357470245886,0.3936493060201674,0.5622,55.08146648423315,0
Shale,29.04336709218349,40.111393732800906,Fault,0.500169229,3.1888136002361884,3597.0,0.036901162012977926,1.2705538547184918e-05,1164.969932760845,1.0993575468200598,1.5949464398548487,0.7194,11.151346603503171,0
Limestone,6.944402877389647,420.6522229569121,Dome,0.4068022786343809,0.8798065933049282,3292.0,0.24438457347742615,0.00035191589225492723,2921.178507482332,1.0905627784748058,0.35790732691399685,0.6584,127.78014063089677,0
Sandstone,28.223198990685027,360.8019910605777,Fault,0.795545276,1.685848014171578,2837.0,0.11226929407828339,3.9779081781387536e-05,10182.986389938043,1.0775733116567499,1.34116842372818,0.5674,127.17729681373903,1
Limestone,11.26323329003738,383.99796283229176,Anticline,0.7512440301848715,4.2813008438330415,3843.0,0.18334225494940423,0.00016277941708938513,4325.058638279205,1.1065026772911808,3.216301700355025,0.7686,99.92140588922503,1
Shale,10.08021176970326,384.00308730623567,Dome,0.500169229,2.638647166213336,2800.0,0.1938037508423503,0.0001922615866313843,3870.8324402667054,1.07652385244407,1.3197701187279594,0.56,137.14395975222703,0
Sandstone,14.082955585116128,383.98764562686114,Fault,0.4814464104827508,4.0956255087137325,2837.0,0.1639613060583296,0.00011642535195638591,5407.6809585963965,1.0775733116567499,1.9718241998518167,0.5674,135.34989271302823,0
Sandstone,14.082955585116128,155.20740812600442,Fault,0.917541081596636,2.236261732598061,2837.0,0.10424109542008793,7.401933123346448e-05,2185.779035119512,1.0775733116567499,2.0518620088611925,0.5674,54.70828626225041,1
Sandstone,14.082955585116128,19.43876831440428,Anticline,0.4814464104827508,0.4042601651980915,2741.0,0.036890718604039544,2.6195295711241385e-05,273.7553108011182,1.0748525043845978,0.194629605435785,0.5482,7.091852723241256,1
Limestone,8.950132307624962,384.00857835669956,Fault,0.1794072409021057,2.480208479564591,2837.0,0.20567683631314615,0.00022980312384647335,3436.9275835554286,1.0775733116567499,0.44496736018068983,0.5674,135.35727118671116,1
Shale,11.308597305590567,585.0373869044403,Fault,0.5395151135743653,2.480208479564591,4378.0,0.22584843668445934,0.0001997139261230992,6615.952217217299,1.1222026113156631,1.3381099595403942,0.8756,133.63119847063504,0
Limestone,27.23252400723713,383.95719517307276,Fault,0.9862697472955654,2.480208479564591,4602.0,0.11790361084141243,4.329514620461885e-05,10456.123535302137,1.1288420207402061,2.4461545903804875,0.9204,83.43268039397495,1
Limestone,19.24705700054983,153.4216500780764,Anticline,0.090588002,2.5658539647403695,2741.0,0.08865246311255942,4.606026942717886e-05,2952.9152441711467,1.0748525043845978,0.23243558408960852,0.5482,55.97287489167326,0
Limestone,14.082955585116128,802.6492937360122,None,0.4785086131694892,2.6229654397932145,2772.5,0.23705310990604164,0.0001683262497515623,11303.67435410909,1.0757445111603952,1.2551115549869505,0.5545,289.50380297060855,0
Sandstone,18.86619433239916,96.85979919164332,Fault,0.2428295441933406,1.7902745611619904,4649.0,0.07114744005858509,3.771160139933609e-05,1827.375794546702,1.1302400890914277,0.434731555667899,0.9298,20.834544889576968,0
Limestone,11.836533878441196,383.99567019368493,Fault,0.4785086131694892,3.883842042548223,2837.0,0.17884653853137114,0.00015109705287720952,4545.177759422284,1.0775733116567499,1.8584518695491066,0.5674,135.35272125262068,1
Sandstone,14.082955585116128,383.98764562686114,Dome,0.6610235434248729,1.7165839744055231,2800.0,0.1639613060583296,0.00011642535195638591,5407.6809585963965,1.07652385244407,1.1347024213478902,0.56,137.13844486673614,0
Sandstone,8.219663446290543,897.3460819,None,0.4814464104827508,2.8495454010638084,2772.5,0.3280821600644323,0.0003991430576302887,7375.882788065469,1.0757445111603952,1.371903404849801,0.5545,323.6595426149684,0
Shale,11.294014092431746,675.5142260961123,Anticline,0.500169229,0.082032144,4329.0,0.2428414040503066,0.0002150177979794071,7629.267189167618,1.1207554539498146,0.04102995421769698,0.8658,156.04394227214422,0
Shale,15.702215552024157,909.5513372507224,None,0.1380309151966365,1.1753050250502066,2772.5,0.23898067805464884,0.0001521955148704108,14281.971153142662,1.0757445111603952,0.1622284282428858,0.5545,328.0617988280333,0
Limestone,1.8028923113451043,384.0825787669145,None,0.1647728019118859,2.3301705975001847,2772.5,0.45830760009447663,0.0025420686372140656,692.4595281804706,1.0757445111603952,0.38394873828279874,0.5545,138.53294094388258,0
Shale,14.082955585116128,832.0561756929728,None,0.500169229,0.9828318835510368,2772.5,0.24135653785003675,0.00017138202019547627,11717.810166605717,1.0757445111603952,0.4915822654323399,0.5545,300.1104330723076,0
Limestone,8.469415026321606,648.0216868,None,0.755577195,3.9478215657548192,1642.0,0.2746614513910656,0.00032429801885662843,5488.364611566193,1.0441901385368761,2.9828839450135343,0.3284,394.65388964677226,1
Limestone,23.089264916509634,383.96481598792724,Dome,0.2021426062433853,2.756813394059072,1627.0,0.12804726594489457,5.5457489187252685e-05,8865.465354964126,1.0437777432882747,0.5572694444017736,0.3254,235.99558450395037,0
Sandstone,11.488121468748512,634.9155907207653,Anticline,0.4814464104827508,2.919311406455176,2741.0,0.23343347457417363,0.00020319551391338424,7293.987428602367,1.0748525043845978,1.4054919977191953,0.5482,231.63647965004205,0
Sandstone,10.687223546488141,772.6385886276569,Fault,0.3398427151498068,0.524356105,2232.0,0.26698410029371733,0.00024981614647842675,8257.361317306859,1.0605409183377863,0.17819860242857716,0.4464,346.1642422166921,0
Shale,22.39809613932612,104.15555062664647,None,0.953322160466356,3.859966481399068,4778.0,0.06771194757731988,3.0231117482540232e-05,2332.886036380077,1.1340862450959774,3.679791585375078,0.9556,21.79898506208591,0
Limestone,14.082955585116128,517.7694810001586,Fault,0.6842392266025806,2.4183124513638505,2837.0,0.1903929957443596,0.00013519391905601158,7291.724604253863,1.0775733116567499,1.654704241404592,0.5674,182.50598554817012,1
Limestone,29.574109783509147,462.37260012604776,Anticline,0.6806985960805767,0.0265125546642303,1856.0,0.1241566119477152,4.19815212889168e-05,13674.258037014311,1.0500914193074018,0.01804705873845111,0.3712,249.12316817136193,0
Limestone,2.269833117123325,117.9280276336198,Dome,0.9792330832972445,1.8050317240883285,1354.0,0.22632951953713987,0.0009971196465050206,267.67694255982485,1.036300542510534,1.767546780628355,0.2708,87.09603222571624,1
Sandstone,26.65392329768762,383.9581867889512,Dome,0.4935169867247723,4.811697115085827,4910.0,0.11917661401495838,4.4712597347834955e-05,10233.99206019192,1.1380353953491076,2.3746542612694372,0.982,78.19922337860513,0
Shale,17.502786454322734,958.0240715554904,Dome,0.08960706,2.729082107761562,3796.0,0.23230805126259446,0.00013272632438774936,16768.09074253655,1.1051339713068564,0.24454502417511675,0.7592,252.3772580493916,0
Shale,27.895755015016828,99.80554209051404,None,0.8669939837581565,3.6009819512744694,900.0,0.05939336300245946,2.1291183181988394e-05,2784.15095129793,1.0239843478967676,3.122029687376672,0.18,110.89504676723782,0
Limestone,22.651812444485483,115.68117103116592,None,0.8968792951421874,3.2826521809409304,1508.0,0.07095933024205947,3.132611591940596e-05,2620.3881895564177,1.0405118405281053,2.944142774239266,0.3016,76.71165187743098,1
Limestone,16.237146433014903,383.98107293293947,Dome,0.7332607259032996,2.638647166213336,2800.0,0.15269671824301942,9.404159707061704e-05,6234.756908718314,1.07652385244407,1.9348163365002753,0.56,137.13609747604983,1
Sandstone,2.957487811,384.0597182921844,Fault,0.6954531233884886,2.480208479564591,619.0,0.3578224177821035,0.0012098863652158717,1135.8519355452293,1.0164347762829689,1.7248687337678092,0.1238,620.4518873864046,1
Shale,12.196703514243127,631.0055543391209,None,0.500169229,2.256949494169987,2238.0,0.22585255382368033,0.0001851750791186595,7696.187662114889,1.060708505818569,1.1288566883909423,0.4476,281.95064983874926,0
Shale,28.68398569027107,380.0659414940704,None,0.1099559617621799,1.3298678852865398,2772.5,0.11429819607419836,3.98473898670803e-05,10901.806027175317,1.0757445111603952,0.1462269023433178,0.5545,137.08419891580536,0
Sandstone,4.012820852310065,384.0456246181794,Anticline,0.4043168136146872,2.5658539647403695,3944.0,0.3071822895810205,0.0007655021265257445,1541.1062907062737,1.1094496771955082,1.037417899224438,0.7888,97.37465127235785,0
Shale,24.08943903927312,502.2111038718034,Anticline,0.1468199856413458,4.045824879871985,4540.0,0.14337038781164457,5.9515868168580925e-05,12097.983771565869,1.127000405336027,0.5940079507702044,0.908,110.61918587484656,0
Sandstone,5.851641667,384.02820291275276,Anticline,0.4814464104827508,1.3344537307478137,1619.0,0.25437378150822376,0.0004347049870513265,2247.1954334673947,1.043557865756528,0.6424679586238501,0.3238,237.2008665304217,0
Sandstone,15.484044140234934,393.00670313887326,Dome,0.2593662020774835,2.745407189126606,2571.0,0.15819305990296886,0.00010216520856583445,6085.333138810521,1.0700512513864617,0.7120658357999873,0.5142,152.86141701239723,0
Sandstone,10.753568192353004,382.4629541244923,None,0.8933565746596509,3.680069723978953,2467.0,0.18726130212181605,0.00017413875912832344,4112.841458226507,1.0671245938215312,3.2876144831225242,0.4934,155.031598753341,1
Sandstone,17.53187764768372,133.0112347916907,Dome,0.3505946722761345,3.2981501225078325,4383.0,0.086488744962715,4.933227729554782e-05,2331.9366941352537,1.1223503854600614,1.1563138613181263,0.8766,30.347076155986926,0
Sandstone,7.17043604,384.0188167081374,Dome,0.1527872736434671,2.935555635290166,2800.0,0.22979105417079027,0.00032047012606891654,2753.5823633621826,1.07652385244407,0.44851554214470046,0.56,137.14957739576337,0
Sandstone,10.600609937888454,384.00076276604545,None,0.4814464104827508,2.4443392314482524,1923.0,0.18898627474118318,0.00017827868004624228,4070.642301934488,1.0519458631669747,1.176818348982927,0.3846,199.68838417371057,0
Sandstone,18.671277944195225,418.0570815,None,0.6397866287665797,2.919359886299739,3413.0,0.1485800219832141,7.957678227879771e-05,7805.659965225575,1.0940433995539778,1.8677674198120953,0.6826,122.48962247289775,0
Limestone,10.939803737288054,383.9993082951682,None,0.514235483,2.5427064489999998,3119.0,0.1860330488823715,0.00017005154146256058,4200.877068003509,1.0856055786155154,1.3075498789287296,0.6238,123.1161616848888,0
Sandstone,23.889019902453967,383.96324368471784,Fault,0.4814464104827508,3.0683868833844774,2179.0,0.1258853836758178,5.269591812047777e-05,9172.505570195008,1.0590617117425805,1.4772638509778115,0.4358,176.21075891909953,1
Limestone,21.95038796362445,383.96715165590797,Dome,0.7681738266838394,2.638647166213336,1315.0,0.13132747184007657,5.982922582403039e-05,8428.227944135006,1.0352367524919497,2.0269396909385673,0.263,291.99022939612775,1
Limestone,27.671024540103087,383.95645759951555,None,0.7091571657014643,1.508103685426665,2772.5,0.11696556322322406,4.227005149509665e-05,10624.468560567246,1.0757445111603952,1.0694825351411064,0.5545,138.4874508925214,1
Sandstone,10.299561951038308,19.18139255890166,None,0.252305531100591,0.488438367,829.0,0.042850938468000956,4.160462228559256e-05,197.55994096759287,1.022071527045063,0.12323570159584038,0.1658,23.137988611461594,0
Sandstone,19.851115364440403,791.9244514166871,Anticline,0.2979191943121063,0.6816209841697157,995.0,0.19832573280156487,9.9906594244487e-05,15720.583644993836,1.0265493567984667,0.20306797443006666,0.199,795.9039712730524,0
Limestone,15.651354041007547,761.6272764398425,Dome,0.8523088298882903,0.7156025723019666,2800.0,0.21904075862460706,0.00013995003758186436,11920.498150848302,1.07652385244407,0.6099143910637398,0.56,272.00974158565805,1
Limestone,14.082955585116128,54.91579166596435,None,0.089170477,1.267511431,2772.5,0.06200566472335481,4.402887188601718e-05,773.3766549532663,1.0757445111603952,0.11302459890522258,0.5545,19.807318905667934,0
Shale,9.127255914815873,384.00767337650234,Fault,0.9629802480652716,0.0201230579844458,2837.0,0.20367113592668037,0.0002231460778875171,3504.936308160363,1.0775733116567499,0.01937810736969346,0.5674,135.3569521947488,0
Sandstone,17.49203053266431,383.97763537324494,None,0.4814464104827508,2.373057643375282,2772.5,0.14711687784084043,8.410508863800402e-05,6716.548521809043,1.0757445111603952,1.1425000842716853,0.5545,138.49508940423624,0
Limestone,14.082955585116128,870.5255123174762,None,0.039570962,0.8657428059314703,2772.5,0.24687294335948187,0.00017529909958701766,12259.572125677481,1.0757445111603952,0.03425827567528759,0.5545,313.9857573733007,0
Shale,23.79385613889169,383.9634279924263,Dome,0.500169229,2.638647166213336,3535.0,0.1261369026626996,5.301238350202744e-05,9135.97056824749,1.0975640329751404,1.3197701187279594,0.707,108.61765996956896,0
Shale,7.321920329017538,534.2082387968874,Dome,0.500169229,3.56538447689474,726.0,0.26820843955196794,0.0003663088745844854,3911.430163575585,1.0193029397444067,1.7832956048970106,0.1452,735.8240203813876,0
Sandstone,9.5963873,384.0053587675384,Fault,0.4814464104827508,1.965598960925906,703.0,0.19862980072484582,0.00020698393521991949,3685.064148008749,1.018685736535964,0.946330564186402,0.1406,546.2380636807089,1
Shale,9.692132052172536,384.0049003083504,None,0.1005315507862191,1.3015946523586575,2772.5,0.19764615498834495,0.00020392433153450658,3721.826202469882,1.0757445111603952,0.13085132889666556,0.5545,138.50492346559076,0
Shale,9.539476540210048,269.3305623395848,Anticline,0.874771363,3.7059721389143214,2320.0,0.1668438469302902,0.00017489832510937388,2569.272581000049,1.0630015239426174,3.2418782991981065,0.464,116.09075962913138,0
Limestone,24.31309756846876,275.89885287568063,Dome,0.6480810748157035,2.638647166213336,2800.0,0.10577534463394257,4.350549918045853e-05,6707.955728995031,1.07652385244407,1.7100572915389491,0.56,98.53530459845737,1
Sandstone,13.956162993650132,944.3127826060056,Dome,0.6498760292315197,2.638647166213336,2800.0,0.2582882000963207,0.0001850710687556733,13178.983111036718,1.07652385244407,1.7147935429217245,0.56,337.2545652164306,1
Shale,2.7342191833403264,384.0633436667509,None,0.500169229,2.7591709716863324,4135.0,0.3721469074657081,0.0013610719642858538,1050.1133618714587,1.1150441897140881,1.380052417587534,0.827,92.88109883113685,1
Shale,0.2699597184976732,384.17029591784853,Dome,0.500169229,2.638647166213336,2800.0,1.1845190668880567,3.2032432017937658,103.7105049411502,1.07652385244407,1.3197701187279594,0.56,137.20367711351733,0
Limestone,3.8587218131757615,111.59498311770436,Fault,0.4785086131694892,1.805185034045204,2330.0,0.1688613466625216,0.0004376095371424229,430.61399559726664,1.0632814992014625,0.8637965871552877,0.466,47.89484253978728,1
Sandstone,20.77542038283579,383.9696919536389,Dome,0.05613698,2.638647166213336,1903.0,0.13499050144050148,6.497606255516627e-05,7977.131764604809,1.051391955212559,0.14812568319677474,0.3806,201.770726197393,0
Limestone,9.856744496573954,384.00412257369453,Anticline,0.6677499845209807,1.643968799967101,2741.0,0.19598861414507876,0.00019883706452287697,3785.030521839974,1.0748525043845978,1.097760140731007,0.5482,140.0963599320301,1
Sandstone,14.082955585116128,350.6569573463692,Fault,0.6055031459041493,0.6073113104902661,2837.0,0.15668375581243416,0.00011125772204950268,4938.286355920878,1.0775733116567499,0.36772890904502775,0.5674,123.60132440830779,1
Shale,29.884910795107896,113.7565482291753,None,0.6634986303769468,1.855877484340312,2772.5,0.06126209845773105,2.0499341248748028e-05,3399.6042961882927,1.0757445111603952,1.2313721690072106,0.5545,41.03031496092887,0
Shale,14.082955585116128,383.98764562686114,Fault,0.2728170787634203,2.480208479564591,2837.0,0.1639613060583296,0.00011642535195638591,5407.6809585963965,1.0775733116567499,0.676643232119076,0.5674,135.34989271302823,0
Limestone,10.535208975184666,594.0939317176836,Fault,0.3878220105752783,0.2331638136689612,1688.0,0.23579556315236053,0.0002238166928703257,6258.903721534887,1.0454558335774988,0.0904260590104961,0.3376,351.95138134933865,0
Limestone,13.570591154361487,724.4856209825465,None,0.6825719203067642,1.999756674377493,1547.0,0.22942732947180758,0.0001690621483339518,9831.698159567835,1.0415810511289736,1.3649777533761138,0.3094,468.316497079862,0
Limestone,6.305759061565391,518.3274668747183,Anticline,0.6662349040057874,1.4990101686455526,3017.0,0.284684009224428,0.0004514666774371741,3268.44812110349,1.0826934023232233,0.998692895811269,0.6034,171.80227606056292,1
Sandstone,10.822319530452303,646.113812,Anticline,0.7157876963462942,2.5658539647403695,2709.0,0.24261853969671215,0.00022418349320958578,6992.450126502588,1.0739470961232391,1.836606698582515,0.5418,238.50639055001847,0
Sandstone,10.360319337789909,789.8787943177223,None,0.4814464104827508,2.4443392314482524,4061.0,0.27417212897021304,0.0002646367549407026,8183.3965472800755,1.1128733423974793,1.176818348982927,0.8122,194.50351990094123,0
Shale,19.68004063959328,383.97219308253733,Fault,0.2727242366264233,2.5830278151759973,4900.0,0.13869683148067408,7.047588672232563e-05,7556.588364338092,1.1377357364585627,0.7044542890786919,0.98,78.36167205766067,0
Shale,22.01649392407624,27.271428957983897,Anticline,0.500169229,2.5658539647403695,3155.0,0.03494696905846803,1.5873085505340888e-05,600.4212499543293,1.086635274628423,1.2833611992707838,0.631,8.64387605641328,0
Sandstone,21.634778046416315,383.96782039695074,None,0.4814464104827508,2.4443392314482524,2772.5,0.13228202674414877,6.114323265084783e-05,8307.058571254272,1.0757445111603952,1.176818348982927,0.5545,138.4915492865467,0
Limestone,21.45559364340724,965.4452886692428,None,0.8400284507978156,4.876584085774721,2772.5,0.2106314484109984,9.817087884479024e-05,20714.201798629274,1.0757445111603952,4.0964693747586205,0.5545,348.22192557952854,1
Shale,6.802235532208337,395.4059676944901,Anticline,0.4326715339176942,0.8923604710706118,2741.0,0.239400705047944,0.0003519441570560007,2689.6445230986824,1.0748525043845978,0.3860989738256378,0.5482,144.25609912239696,0
Sandstone,20.873849008222365,383.9694737029301,Dome,0.4814464104827508,1.117269060921266,826.0,0.13467181973264852,6.451700387389039e-05,8014.920817841571,1.0219907823552523,0.5379051789239774,0.1652,464.8540843861139,0
Sandstone,25.505158356151423,383.9602210212932,None,0.070098299,4.943767085976304,633.0,0.12183126466554994,4.7767303760404314e-05,9792.966239610983,1.0168095906195316,0.3465496633791256,0.1266,606.5722291015691,0
Shale,4.356750597457472,112.52580787586416,Anticline,0.6472377209863922,4.379407586,4912.0,0.15957849620913292,0.0003662787039089645,490.24688069255586,1.1380953365975153,2.8345177852331576,0.9824,22.90834850893,0
Limestone,14.5154991,383.9862486769988,None,0.5742809642273129,3.675884250803398,3133.0,0.16149961722189368,0.00011126012003396679,5573.752047083352,1.0860058999585196,2.110990351939369,0.6266,122.56184126300631,0
Limestone,14.082955585116128,55.73245967798886,Fault,0.9260427679260474,2.480208479564591,2837.0,0.062465014987527746,4.435504650284151e-05,784.8777542943926,1.0775733116567499,2.2967791254496475,0.5674,19.64485713006304,1
Limestone,14.082955585116128,383.98764562686114,Dome,0.4785086131694892,2.638647166213336,2800.0,0.1639613060583296,0.00011642535195638591,5407.6809585963965,1.07652385244407,1.2626153961483462,0.56,137.13844486673614,0
Limestone,10.634722717735446,822.9411715319028,Anticline,0.7372464883638775,4.827331279907885,2045.0,0.27621735222770666,0.000259731597672087,8751.75117225015,1.0553310266482674,3.558933034281191,0.409,402.4162207979965,0
Limestone,14.082955585116128,383.98764562686114,Anticline,0.2913074462744878,1.2618084087275985,2741.0,0.1639613060583296,0.00011642535195638591,5407.6809585963965,1.0748525043845978,0.36757418523411184,0.5482,140.09034864168592,0
Shale,10.343093006996224,549.4027896164692,Fault,0.500169229,4.0847099933501045,4887.0,0.2288494448364717,0.00022125822970138094,5682.52415130632,1.1373462978591042,2.043046248062517,0.9774,112.42127882473282,0
Limestone,11.437684035717869,383.99725307397296,Anticline,0.9290709148417106,2.5658539647403695,4809.0,0.18193852075401212,0.00015906937119949304,4392.039251243695,1.135012464007424,2.3838602903715653,0.9618,79.84970951839736,1
Shale,5.686665256108214,678.6817296931191,Dome,0.5493452338350528,4.442467694321773,2713.0,0.34303141508204765,0.0006032206919751212,3859.435812201287,1.0740602304338887,2.4404484543418627,0.5426,250.1591336871062,0
Shale,1.5744513029918272,384.0888367529934,None,0.994482882,2.0391965333755504,4349.0,0.4904343428355969,0.0031149540281344775,604.7291694903657,1.1213459048828085,2.0279460454757268,0.8698,88.31658697470532,0
Limestone,5.320540849792286,233.0334600717277,Dome,0.8208317903747576,2.638647166213336,2800.0,0.20780734747353233,0.0003905756075186325,1239.8640436800667,1.07652385244407,2.1658854776101735,0.56,83.22623573990275,1
Sandstone,11.419024369687273,278.33489045837223,None,0.4470683094278179,2.661895687587528,4747.0,0.15502401242666425,0.00013575941990122035,3178.31289707839,1.133160782018937,1.1900492049229552,0.9494,58.63385094973083,0
Shale,14.082955585116128,542.5953717968605,Anticline,0.589923178,3.828733800171546,2741.0,0.1949040150686101,0.00013839709561720023,7641.346521704759,1.0748525043845978,2.2586588111132158,0.5482,197.95526150925227,0
Shale,26.96003104657992,538.6561773127186,Anticline,0.500169229,2.440166232426054,795.0,0.14035415582520921,5.206008686811738e-05,14522.187263782951,1.0211567939895216,1.2204960631043744,0.159,677.5549400159981,0
Limestone,10.584709525905437,384.0008320846111,Dome,0.9828385480194384,2.638647166213336,1866.0,0.189128186681256,0.00017868056390057393,4064.5372653215973,1.0503679942796003,2.593364149576721,0.3732,205.78822726935212,1
Shale,6.531746963967066,531.8604013452994,Dome,0.040335988,3.270896795,2800.0,0.2833438564112037,0.0004337949065912902,3473.9775617414643,1.07652385244407,0.13193485387235848,0.56,189.95014333760693,0
Sandstone,14.082955585116128,685.7871124602957,Fault,0.1922626560199384,1.864067110709957,2837.0,0.21911767091737414,0.0001555906852031496,9657.909445623383,1.0775733116567499,0.3583904937045089,0.5674,241.72968363069992,0
Shale,29.17567486900986,639.7852155363944,Dome,0.6926328160990456,2.638647166213336,4050.0,0.1470402704255126,5.039824137254061e-05,18666.165434489238,1.1125510098920284,1.8276136174261095,0.81,157.9716581571344,1
Sandstone,15.842042427962369,115.71420268964812,Anticline,0.4814464104827508,2.5658539647403695,3726.0,0.08486280756150442,5.356809764106889e-05,1833.1493085272427,1.103098610927287,1.2353211811471856,0.7452,31.05587833860658,0
Sandstone,0.3778920381536088,53.03581902022378,Dome,0.4814464104827508,1.139663286685772,4749.0,0.3719892736540429,0.6123904858973703,20.041813744698292,1.1332204665175025,0.5486867985338391,0.9498,11.167786696193678,0
Sandstone,27.72762823809348,383.9563632430476,Fault,0.4814464104827508,2.480208479564591,4841.0,0.11684610003114991,4.214067608949741e-05,10646.199299653603,1.135969354403019,1.1940874697352533,0.9682,79.31344004194331,0
Limestone,6.062428082595623,384.02656860441635,None,0.693391231,4.396203337582552,4228.0,0.24991192749762536,0.0004122307499450382,2328.1334539702484,1.1177784228293821,3.0482888439726743,0.8456,90.82936816566139,0
Limestone,14.082955585116128,383.98764562686114,None,0.2660793102997181,4.462277290737168,2772.5,0.1639613060583296,0.00011642535195638591,5407.6809585963965,1.0757445111603952,1.1873196638854402,0.5545,138.49869995558564,0
Shale,17.73903446769734,165.13368596851984,Fault,0.4057538971764209,2.92389615531976,2837.0,0.09580374734613219,5.4007306609945515e-05,2929.312147173482,1.0775733116567499,1.1863822599601463,0.5674,58.20715050000699,0
Shale,19.04789190353232,60.81475209466427,Anticline,0.5491765392112188,2.5658539647403695,1425.0,0.05610617468421772,2.9455319763660122e-05,1158.3928240392809,1.0382399931594315,1.4091068004775007,0.285,42.67701901379949,0
Sandstone,8.648874137,628.1708490553347,None,0.4039564999930294,4.839766714,2772.5,0.2676016265479134,0.0003094063138265708,5432.970610012015,1.0757445111603952,1.9550552225702047,0.5545,226.57199244556705,0
Sandstone,19.06283762108916,719.2981373574229,Fault,0.4814464104827508,2.480208479564591,1677.0,0.19288139645146532,0.0001011818913245535,13711.863593596438,1.0451530278714611,1.1940874697352533,0.3354,428.91958101217824,0
Sandstone,11.143635083369213,968.2598229107818,Fault,0.1621418788898954,2.155917992829797,3820.0,0.2926928832937881,0.00026265476310383107,10789.934132405451,1.1058326733346087,0.3495645940899553,0.764,253.47115783004762,0
Sandstone,2.744625551623762,179.94016487279816,None,0.2618505314084142,1.2950103589724575,2466.0,0.2542448438158084,0.0009263370869129792,493.8683742732743,1.0670964917721903,0.3390991506763392,0.4932,72.9684366880771,0
Sandstone,29.285609249642512,427.1191529114659,Anticline,0.4814464104827508,2.5658539647403695,1990.0,0.11991597409499553,4.094706484430039e-05,12508.4446152035,1.0538035819433456,1.2353211811471856,0.398,214.63274015651552,0
Sandstone,23.277345984219178,968.2397197756628,Anticline,0.4814464104827508,3.026176100840817,2741.0,0.20251367948883497,8.700033054718895e-05,22538.050952881527,1.0748525043845978,1.4569416212384982,0.5482,353.2432396116975,0
Sandstone,1.513667118603712,216.7692904537738,None,0.4532318012500003,3.851604670163392,2772.5,0.3757624143984116,0.0024824640092931073,328.11654728293496,1.0757445111603952,1.7456697223610673,0.5545,78.18549700767315,1
Limestone,15.548391620661333,383.98307444409426,None,0.9367135596314982,3.8101406788944945,2772.5,0.15604251933907426,0.00010035926747028846,5970.319217162332,1.0757445111603952,3.569010438024035,0.5545,138.49705119714852,1
Shale,18.749392451281057,383.97443000803054,Fault,0.0300583122019985,2.781537353073395,2450.0,0.14209774973494002,7.578792225090533e-05,7199.287279477515,1.0666469596162371,0.08360831816020065,0.49,156.7242571461349,0
Sandstone,11.897717231589892,932.1702630917644,Dome,0.063068955,2.638647166213336,4461.0,0.2779364133457413,0.00023360482345956767,11090.698201962568,1.1246581833090692,0.1664167193867864,0.8922,208.95993344356967,0
Shale,14.082955585116128,383.98764562686114,Anticline,0.8457959326969645,3.375354238790158,2741.0,0.1639613060583296,0.00011642535195638591,5407.6809585963965,1.0748525043845978,2.8548608865801746,0.5482,140.09034864168592,0
Limestone,16.069035017627233,932.5592879979022,Dome,0.4785086131694892,3.434804774934223,2800.0,0.23920649933571678,0.00014886176990299335,14985.32785485181,1.07652385244407,1.6435836693617147,0.56,333.05688857067935,1
Sandstone,19.79609600487117,884.8397788112502,Anticline,0.2416379480773777,4.221632321635607,4478.0,0.20992888140506916,0.0001060455967446372,17516.37321027648,1.1251617943799765,1.0201065717371642,0.8956,197.59709218652304,0
Shale,6.394263579,202.04911418661845,Dome,0.2277145385157423,0.5176426481508206,1415.0,0.17650737501364594,0.000276040192639744,1291.9552920127066,1.0379666116409472,0.11787475673973088,0.283,142.7908934181049,0
Shale,14.082955585116128,383.98764562686114,Anticline,0.500169229,2.5658539647403695,2741.0,0.1639613060583296,0.00011642535195638591,5407.6809585963965,1.0748525043845978,1.2833611992707838,0.5482,140.09034864168592,0
Limestone,3.766967359117541,162.43635800206314,Anticline,0.4785086131694892,3.9988135049560416,2741.0,0.20619367603967653,0.0005473731423252363,611.8924585277033,1.0748525043845978,1.9134667045799398,0.5482,59.26171397375525,0
Sandstone,22.42791384298328,61.50228056922088,Anticline,0.7257310893630712,1.7436117440014276,2741.0,0.05199730304980481,2.3184190653591486e-05,1379.3678497534706,1.0748525043845978,1.2653932504004004,0.5482,22.437898784830672,1
Shale,6.018962704397204,988.6868676026482,None,0.4149585022025196,0.1605356127113422,1438.0,0.4024372797304643,0.0006686156726581149,5950.869382427636,1.0385954967818538,0.06661561740086233,0.2876,687.5430233676275,0
Sandstone,16.847530829007244,383.9793688973719,Fault,0.4814464104827508,3.686343451265424,2837.0,0.1499047738066437,8.897729603708163e-05,6469.104255201219,1.0775733116567499,1.7747768224183336,0.5674,135.34697528987377,1
Shale,6.127402767365025,309.4768726942334,Fault,0.500169229,2.480208479564591,2837.0,0.22315444075366642,0.00036419091289739035,1896.2894461821193,1.0775733116567499,1.2405239629830838,0.5674,109.08596147135474,0
Shale,17.678571835885535,738.1721436,Dome,0.500169229,0.4760497657559787,4587.0,0.2029013260615725,0.0001147724646227957,13049.829267882213,1.128396192850635,0.23810544430379849,0.9174,160.92699882276,0
Sandstone,14.082955585116128,383.98764562686114,Dome,0.2960634297081951,1.6617028000759029,2800.0,0.1639613060583296,0.00011642535195638591,5407.6809585963965,1.07652385244407,0.49196943014618305,0.56,137.13844486673614,0
Sandstone,14.082955585116128,842.1330503808649,Anticline,0.1618104956605133,2.148556898311946,2741.0,0.24281365107069489,0.0001724166845539992,11859.722345272083,1.0748525043845978,0.34765905667067104,0.5482,307.23569878907875,0
Limestone,22.76987287472183,147.4841842,None,0.9526981391702748,0.8529147764940009,2772.5,0.07991385296471619,3.5096310552279467e-05,3358.1961252660576,1.0757445111603952,0.8125703204366655,0.5545,53.195377529305674,1
Shale,10.541869680641987,821.7188418144193,Fault,0.6269748784023066,3.37305472328882,1712.0,0.27722503640953033,0.00026297520725246495,8662.452944535677,1.0461168051246699,2.1148205749783338,0.3424,479.9759590037496,0
Shale,16.710204189393856,714.9770421808422,Fault,0.500169229,4.458546633924694,4589.0,0.20539261210588497,0.00012291448373578215,11947.412365570737,1.1284556263944197,2.2300278323506597,0.9178,155.80236264564005,0
Sandstone,6.738073202246545,753.2286356788206,Fault,0.6250225476519636,1.2859996516993644,2837.0,0.3319901486655396,0.0004927078390226609,5075.309685232187,1.0775733116567499,0.8037787785846746,0.5674,265.50181024984863,1
Shale,14.082955585116128,614.5010393,Anticline,0.6542349967603346,1.1202833152298837,2741.0,0.20741685941397214,0.00014728219382668868,8653.9908434696,1.0748525043845978,0.7329285511100798,0.5482,224.18863163079166,0
Sandstone,26.70709865387313,367.7657024749548,Dome,0.9851262236761242,1.412492751,3865.0,0.11652038345257622,4.362899353564868e-05,9821.954897509571,1.1071439304899837,1.39148364976253,0.773,95.15283375807368,0
Sandstone,26.05658492357513,482.27407389925247,Fault,0.5110290653086953,2.480208479564591,3485.0,0.1350883379932671,5.184422225302583e-05,12566.41536299442,1.0961197823693847,1.267458621082593,0.697,138.38567400265495,0
Sandstone,27.98313839718284,383.9559396998485,Dome,0.4814464104827508,3.9588037615019207,2800.0,0.11631135979320696,4.15648016824719e-05,10744.29219904125,1.07652385244407,1.9059518607807115,0.56,137.12712132137446,0
Shale,20.51925389745424,137.11576204232549,Fault,0.799557377,3.670810510181906,2837.0,0.08116944122195624,3.955769621429884e-05,2813.5131346893954,1.0775733116567499,2.9350236229850766,0.5674,48.331252041707955,0
Limestone,11.253340336950048,433.5719251823677,Fault,0.7259372139997892,1.7424437145902316,4192.0,0.1949034370154201,0.0001731960743917606,4879.132434623827,1.1167192155570111,1.2649047357210765,0.8384,103.42841726678618,1
Sandstone,11.241196401397783,447.5393038512765,Anticline,0.747302254,0.5301924042440614,4151.0,0.19812485933646293,0.0001762489082672972,5030.877211937038,1.115514118601117,0.3962139787452663,0.8302,107.81481663485341,1
Limestone,4.0572357373950405,384.04511624470535,Fault,0.4785086131694892,2.480208479564591,631.0,0.30549608590443283,0.0007529660726605387,1558.1615704000512,1.016756037253399,1.1868011199276598,0.1262,608.6293442863794,0
Sandstone,18.58704674335979,383.9748315742604,None,0.4814464104827508,1.8362291912481004,1795.0,0.14271704068615054,7.678306438710395e-05,7136.95814274448,1.0484058883103557,0.8840459529500424,0.359,213.91355519457406,0
Shale,14.082955585116128,383.98764562686114,Fault,0.500169229,2.7291500482712454,2837.0,0.1639613060583296,0.00011642535195638591,5407.6809585963965,1.0775733116567499,1.3650368754691418,0.5674,135.34989271302823,0
Shale,28.45508829654584,947.0932378662148,Fault,0.3061592924661312,2.010612957748225,2976.0,0.18115321548159477,6.366285480955086e-05,26949.621708544633,1.0815250240011438,0.6155678405674319,0.5952,318.24369551956147,0
Shale,18.327225664751897,261.0229139678584,None,0.2959446652383303,1.887833995714991,2772.5,0.1185006141650147,6.465823924071756e-05,4783.825847960061,1.0757445111603952,0.5586943998874124,0.5545,94.1471285727172,1
Limestone,11.338716017331276,119.75223449259803,Fault,0.4785086131694892,1.3099396509653531,4479.0,0.10204448114110955,8.999650488215255e-05,1357.8365793524322,1.1251914255825022,0.6268174057191559,0.8958,26.736377426344728,1
Shale,10.3744225967348,384.001758765585,Fault,0.500169229,1.9830517102770016,1104.0,0.19103559150432825,0.0001841409386624119,3983.7965233235905,1.0295002832219098,0.9918614449963793,0.2208,347.82768004129076,0
Shale,14.13965382315205,383.9874600883238,Dome,0.028589209939715,2.638647166213336,2800.0,0.16363220418534266,0.00011572574988887905,5429.449758080314,1.07652385244407,0.07543683779170714,0.56,137.1383786029728,0
Limestone,29.084726982185344,383.9541568854593,Anticline,0.8394715423230991,0.6811519391893006,2758.0,0.11408717839167325,3.9225803447133156e-05,11167.201826688744,1.075333812953578,0.5718076689476119,0.5516,139.21470517964443,0
Sandstone,22.248078583553564,383.96652963893393,Anticline,0.5278742078895624,3.694835328976543,2741.0,0.13044579305306547,5.863238596680203e-05,8542.51752486135,1.0748525043845978,1.9504082725658636,0.5482,140.0826448883378,1
Sandstone,1.635356697325776,756.6890308911643,None,0.4814464104827508,3.0419378890501654,2772.5,0.6754327588705823,0.004130186154342271,1237.4564744608165,1.0757445111603952,1.4645300775946783,0.5545,272.92661168301686,0
Shale,11.339821158784591,618.4256354446136,Dome,0.163291681997559,2.638647166213336,4176.0,0.23188373520239575,0.00020448623656005627,7012.836105949636,1.1162487790028341,0.4308691339690683,0.8352,148.09042994363352,0
Shale,21.82689106296602,116.04874799262105,None,0.2809478257997007,4.544769379,2772.5,0.07240256251940702,3.317126672348378e-05,2532.9833804285363,1.0757445111603952,1.2768430757911058,0.5545,41.857077725021114,0
Limestone,14.082955585116128,705.0908043253702,None,0.4785086131694892,2.435525839508468,2772.5,0.22218015664631488,0.00015776528961089015,9929.762480787995,1.0757445111603952,1.1654200918016528,0.5545,254.3158897476538,1
Sandstone,14.082955585116128,383.98764562686114,None,0.086773282,2.937906102807428,2772.5,0.1639613060583296,0.00011642535195638591,5407.6809585963965,1.0757445111603952,0.2549317547484299,0.5545,138.49869995558564,0
Limestone,11.009745744631918,383.9990139965471,Fault,0.3498032880468829,0.9519155786240358,3361.0,0.18544112693855944,0.00016843361439929346,4227.731510291336,1.0925462363435203,0.3329831993457388,0.6722,114.25141743425976,0
Sandstone,28.129193398737065,739.7639514511766,Dome,0.391042292189469,2.4639146725981016,2800.0,0.16102658801356695,5.7245362755690204e-05,20808.963259784083,1.07652385244407,0.9634948413320267,0.56,264.2014112325631,0
Shale,0.018825499,384.29334782801146,None,0.500169229,2.5005076870000003,2772.5,4.486295057492093,233.82319450727817,7.234514035242881,1.0757445111603952,1.2506770019153635,0.5545,138.6089622463522,0
Limestone,0.5301013438630164,783.4382355952463,Fault,0.0143513095852935,2.480208479564591,2837.0,1.207125924910781,1.070034732925081,415.30166152271056,1.0775733116567499,0.03559423972630153,0.5674,276.15024166205365,0
Shale,6.992184356725049,384.01997925406965,Fault,0.4794968364782597,3.941078407,2837.0,0.2327020036649379,0.0003328030151852708,2685.1384916101833,1.0775733116567499,1.889734628469279,0.5674,135.36128983224168,0
Shale,11.468750586725902,383.9971278152853,Dome,0.2156913679728856,2.638647166213336,4912.0,0.18169190649209999,0.00015842345259682675,4403.967284932614,1.1380953365975153,0.5691334168783325,0.9824,78.17531103731379,0
Sandstone,10.98454997039859,383.9991197980915,Dome,0.3843292217637013,2.638647166213336,3274.0,0.1856537081752689,0.00016901348591938012,4218.057520011211,1.0900459471498478,1.0141092118997674,0.6548,117.28745259562966,0
Sandstone,21.169061891069447,393.3064142455824,None,0.7742667441877137,2.8402512720151485,2772.5,0.13534566689069957,6.39355997857409e-05,8325.927825319332,1.0757445111603952,2.199112105058181,0.5545,141.85984282978626,1
Sandstone,14.082955585116128,971.006214397558,Fault,0.4814464104827508,3.689161802529616,2837.0,0.26073164696426687,0.00018513986314053752,13674.637390232558,1.0775733116567499,1.7761337075179582,0.5674,342.26514430650616,1
Sandstone,2.0752257151625155,384.0760810582763,Dome,0.4814464104827508,2.638647166213336,2304.0,0.42717478421695804,0.0020584497440246157,797.0445599909777,1.0625537168600117,1.270367206703893,0.4608,166.69968795932132,0
Sandstone,11.188920371188749,383.99826852212357,Fault,0.6164339230065218,2.480208479564591,3974.0,0.18395016832831554,0.00016440385866180944,4296.526049168396,1.110326534674966,1.5288846429320415,0.7948,96.62764683495811,1
Limestone,7.464570810597956,384.01696015502864,Dome,0.6204143747135337,2.638647166213336,3431.0,0.2252176536918795,0.0003017154762228563,2866.521791547785,1.0945621262197953,1.6370546317158845,0.6862,111.92566603177751,1
Shale,14.082955585116128,383.98764562686114,Fault,0.2926499645385542,3.210820833011851,2837.0,0.1639613060583296,0.00011642535195638591,5407.6809585963965,1.0775733116567499,0.9396466029205692,0.5674,135.34989271302823,0
Shale,10.224972215941232,723.2475539185318,Dome,0.500169229,0.8958343741935743,553.0,0.26408398603540256,0.0002582735487766732,7395.186144064446,1.0146696545367988,0.44806878825209756,0.1106,1307.8617611546686,0
Sandstone,15.811504694776913,56.52309427498734,Dome,0.6109185775172612,2.638647166213336,4300.0,0.059368491184882924,3.754765427511424e-05,893.7151704922804,1.1198998522987633,1.6119985733530036,0.86,13.144905645345894,1
Sandstone,10.458637248472868,384.0013854174696,Dome,0.9119841961076944,2.638647166213336,1411.0,0.19026481960697197,0.0001819212341787203,4016.1311929923336,1.037857279190347,2.4064045146909154,0.2822,272.1483950513604,1
Sandstone,7.152815368604509,307.07465589935333,Dome,0.4814464104827508,2.638647166213336,3633.0,0.20573734331931823,0.0002876312790378328,2196.4483180258358,1.100400286563682,1.270367206703893,0.7266,84.52371480852004,0
Limestone,2.2590430079540926,384.0721610213497,Fault,0.4785086131694892,3.506191389521138,4872.0,0.40942448650340846,0.0018123802205705002,867.6355299050985,1.136897111267562,1.677742779306564,0.9744,78.83254536563007,0
Limestone,20.40713261531349,786.5105882009683,Anticline,0.7241589492063322,3.413256006668308,3739.0,0.19493550230859116,9.552322023051479e-05,16050.425876765377,1.103476322780671,2.4717398831611237,0.7478,210.35319288605731,1
Sandstone,15.260518520522371,816.6374017449576,Anticline,0.4814464104827508,2.5658539647403695,2741.0,0.2296992812382955,0.00015051866090224622,12462.310193880194,1.0748525043845978,1.2353211811471856,0.5482,297.93411227470176,0
Shale,10.394385922529242,562.8160020040177,Anticline,0.348591150376583,2.5658539647403695,1177.0,0.23105397682310866,0.00022228727944602507,5850.126728204751,1.0314813331905026,0.8944339852671619,0.2354,478.17842141377884,0
Shale,14.27063454032876,500.0496131,Fault,0.9268163539283985,0.1746740445907968,2837.0,0.1858722489524045,0.00013024806179930557,7136.025280582893,1.0775733116567499,0.1618907611335688,0.5674,176.25999756785336,0
Limestone,17.928973196067012,383.9764960816232,Anticline,0.4785086131694892,2.5658539647403695,2741.0,0.1453129299985533,8.104922039284986e-05,6884.304306167153,1.0748525043845978,1.2277832222633498,0.5482,140.0862809491511,0
Limestone,10.176608951753517,135.6630305910576,Fault,0.6861957796855566,1.3665861150705032,3456.0,0.11464598819907391,0.00011265637575601196,1380.589611534968,1.0952829879623265,0.9377456247382596,0.6912,39.254349129356946,1
Limestone,8.644935687,393.8374672749047,None,0.1603539846877729,0.038625706,3552.0,0.2119372425871934,0.00024515768567937225,3404.6995757225186,1.0980555115472426,0.006193785868478418,0.7104,110.87766533640335,0
Sandstone,17.630910548626378,924.738025603304,Dome,0.4814464104827508,2.638647166213336,2800.0,0.22740585133574343,0.00012898134257363162,16303.973410325221,1.07652385244407,1.270367206703893,0.56,330.2635805726086,0
Sandstone,26.665652951802585,383.9581664735013,None,0.4814464104827508,2.4443392314482524,2772.5,0.11915039634962064,4.468309722810149e-05,10238.495215192828,1.0757445111603952,1.176818348982927,0.5545,138.48806725825116,0
Shale,2.7958835868808407,373.1549253499921,None,0.500169229,2.5005076870000003,3439.0,0.36275607561683537,0.0012974648777188014,1043.2977311497882,1.0947927503438175,1.2506770019153635,0.6878,108.50681167490319,0
Limestone,17.991132402243007,426.08022710684895,Fault,0.4785086131694892,2.480208479564591,2837.0,0.15280799892694788,8.493517556899135e-05,7665.66577985709,1.0775733116567499,1.1868011199276598,0.5674,150.18689711203697,0
Limestone,19.90506208215772,190.09358210327773,Anticline,0.4785086131694892,2.5658539647403695,704.0,0.0970357142976194,4.8749264833792805e-05,3783.8245531854886,1.0187125636851972,1.2277832222633498,0.1408,270.0192927603377,1
Shale,10.599493340640176,32.75736040558254,None,0.2612413308916234,1.78372399267487,1919.0,0.05520031351972145,5.2078256710700025e-05,347.2114234759223,1.0518350582356517,0.46598242978970333,0.3838,17.070015844493245,0
Shale,27.786156056530352,921.5121953954288,Fault,0.001763182,4.074789837464513,2837.0,0.1808281155135144,6.507849273775883e-05,25605.281669253272,1.0775733116567499,0.007184596095200355,0.5674,324.8192440590161,0
Sandstone,0.2933814091728559,700.2898447176066,Fault,0.4814464104827508,2.151747489652137,2837.0,1.5340950449046598,3.6949174178475186,205.45202147269183,1.0775733116567499,1.0359511051582913,0.5674,246.8416794915779,1
Limestone,12.380347451374478,230.85582251158183,Anticline,0.726559908,3.512388922301761,2741.0,0.13559186920028324,0.00010952186094359549,2858.075293866221,1.0748525043845978,2.5519609722477865,0.5482,84.22321142341548,1
Shale,5.954732238160473,384.0273963835176,Dome,0.500169229,2.971364052996762,4296.0,0.25216199581513643,0.00042346487756271295,2286.780317581763,1.119781889549379,1.4861848674657057,0.8592,89.39185204458045,0
Shale,28.597115363436984,614.3811289107823,None,0.4161398150084874,0.7192940348164967,596.0,0.14554170831256877,5.089384242532798e-05,17569.528020580292,1.0158193097904933,0.2993268865852454,0.1192,1030.8408203201045,0
Sandstone,9.176844397845596,384.0074231592451,None,0.4814464104827508,2.4443392314482524,2772.5,0.20312004027402944,0.0002213397454158806,3523.9763699500413,1.0757445111603952,1.176818348982927,0.5545,138.5058334208278,1
Limestone,14.082955585116128,383.98764562686114,None,0.4785086131694892,0.3972972658618851,2772.5,0.1639613060583296,0.00011642535195638591,5407.6809585963965,1.0757445111603952,0.19011016370360048,0.5545,138.49869995558564,1
Shale,3.041395274095906,203.07490390957827,Dome,0.9068121500964484,2.638647166213336,2540.0,0.25657913867278087,0.0008436231254059942,617.6310530380716,1.069178043614142,2.392757310139816,0.508,79.95074957070011,0
Sandstone,10.293325411895854,384.0021211689889,Anticline,0.3311657542220343,2.5658539647403695,806.0,0.19178675383466742,0.00018632147159461425,3952.658792050664,1.0214526474155112,0.8497229634568415,0.1612,476.4294307307554,0
Shale,21.90730003073604,714.5012214204565,Fault,0.500169229,1.0902964238662332,2837.0,0.17932329396674068,8.185549735254884e-05,15652.792629985304,1.0775733116567499,0.545332721706631,0.5674,251.85097688419333,0
Limestone,11.425642054447149,70.96458900814947,Fault,0.8234763759882132,3.908389606507208,4769.0,0.07825465604179346,6.849037950679959e-05,810.8159925480705,1.1338174844301836,3.2184665091165545,0.9538,14.880391907768814,0
Shale,1.162708066625474,941.3169378463602,Anticline,0.3047362005410787,0.649042306,2741.0,0.8934335191993849,0.0076840743161986965,1094.4767968851531,1.0748525043845978,0.19778668632086016,0.5482,343.4209915528494,0
Sandstone,27.09744315285392,383.9574247785223,None,0.4939872654301404,4.918375031739068,2471.0,0.11819715581842934,4.361930206908866e-05,10404.264491052192,1.067237009419781,2.4296146322886623,0.4942,155.3854410273259,1
Limestone,7.935474119665146,773.7005438049451,Dome,0.4785086131694892,0.6242124990439724,2221.0,0.3100485176592717,0.00039071202675959946,6139.680641734992,1.0602337433895532,0.2986910572405923,0.4442,348.35684097476144,1
Limestone,8.838099988213681,384.00916006000614,Dome,0.4785086131694892,2.568632627216476,2800.0,0.20697647432095773,0.00023418661770853186,3393.911353000286,1.07652385244407,1.2291128361912576,0.56,137.14612859285936,1
Sandstone,18.984078319845207,383.97385561155664,Dome,0.2234273167496692,2.638647166213336,4018.0,0.1412165889342869,7.438685542435033e-05,7289.389747702726,1.1116138460751976,0.5895458561961641,0.8036,95.56342847475278,0
Shale,15.899110230642618,969.0685886762508,None,0.6834966170980852,3.0504898512942553,2788.0,0.24514356424045733,0.00015418697064442516,15407.328312416983,1.0761837068389732,2.0849994938516643,0.5576,347.58557700009,0
Sandstone,28.099839137540428,958.4919060960058,None,0.4814464104827508,1.5651190147791367,3674.0,0.18338843998456833,6.52631636383881e-05,26933.46837593227,1.1015890559512589,0.7535209316437147,0.7348,260.8851132542204,1
Shale,26.331388820908185,570.7790785807523,Fault,0.7282222094075168,3.563189757157903,4338.0,0.14619307061300904,5.5520455684026e-05,15029.405848949495,1.121021118385345,2.5947939174957613,0.8676,131.57655107901158,0
Shale,11.290445560950795,383.99785139758825,None,0.500169229,3.9683564265282447,4317.0,0.18312114901867924,0.00016219125102734933,4335.506836726543,1.1204013326350069,1.9848497742538276,0.8634,88.95016247338157,0
Limestone,14.082955585116128,383.98764562686114,Fault,0.0166394642019502,1.613311832486703,2837.0,0.1639613060583296,0.00011642535195638591,5407.6809585963965,1.0775733116567499,0.026844644483245174,0.5674,135.34989271302823,0
Shale,24.40303446972792,596.3520028418217,Anticline,0.1671971294681363,4.579770424859914,2309.0,0.1552240721271765,6.360851242485139e-05,14552.798481440257,1.0626936363048631,0.7657244686596447,0.4618,258.2728466183723,0
Sandstone,11.229065570858456,383.9981031315831,Dome,0.8821077571882531,0.8690074447261514,4110.0,0.183621012870634,0.00016352296788360127,4311.939879149814,1.1143103221141795,0.7665582080472803,0.822,93.4301954091443,1
Shale,28.57550369053796,383.954972466292,None,0.1169135721755914,1.3507407165267742,4689.0,0.11509934418461223,4.027902550068589e-05,10971.706732710929,1.1314312982960744,0.15791992225216306,0.9378,81.88419118496311,0
Shale,16.069801851843362,471.8330973547517,Anticline,0.00475904,2.252175566950276,2741.0,0.1701447637422568,0.0001058785698236469,7582.264381632379,1.0748525043845978,0.01071819361013904,0.5482,172.13903588279888,1
Shale,9.181543906,414.55373078557005,Fault,0.2356886639246012,2.4075254658881606,2987.0,0.2109901614078829,0.0002297981293429355,3806.2432806038155,1.0818383675400869,0.5674264604196336,0.5974,138.78598285422498,0
Limestone,10.306073672700109,726.1272312540566,None,0.1711916795905251,4.105757269531182,853.0,0.263566001917693,0.0002557385191373669,7483.520741058056,1.022717714264889,0.7028714829620513,0.1706,851.2628736858811,0
Shale,10.883013994124276,864.5485780758615,Fault,0.7106700939415648,3.3218101823804176,2837.0,0.2798657512717863,0.00025715831241500327,9408.894273799846,1.0775733116567499,2.360711154368338,0.5674,304.74042230379325,1
Shale,5.902763330149669,301.0894141560112,Fault,0.500169229,4.856994937849809,2837.0,0.2242589095483415,0.00037992190607217727,1777.2595529763494,1.0775733116567499,2.429319413321242,0.5674,106.12950798590452,0
Sandstone,10.848000192209025,567.9682506698639,Anticline,0.1353094026876377,4.11610489,2799.0,0.22720445130838993,0.00020944362765735103,6161.319692435307,1.0764955028712149,0.5569476940655647,0.5598,202.91827462303104,0
Shale,18.79371059030781,383.97432099013497,Dome,0.500169229,2.638647166213336,4238.0,0.14193008773697127,7.551999220961011e-05,7216.30226279855,1.1180728253266639,1.3197701187279594,0.8476,90.60271849696436,0
Shale,14.786888567538082,370.55816721035296,None,0.8169067100945848,4.152411625430972,2395.0,0.15718801979239133,0.00010630229549269005,5479.4023263306335,1.065103136674102,3.3921329198893226,0.479,154.7215729479553,0
Shale,14.082955585116128,383.98764562686114,Fault,0.6682893861376992,0.040813557,2837.0,0.1639613060583296,0.00011642535195638591,5407.6809585963965,1.0775733116567499,0.027275266953625994,0.5674,135.34989271302823,0
Shale,10.375765739258078,288.6906293245679,Anticline,0.500169229,3.462715691030185,3179.0,0.16562882190115158,0.00015963045626066235,2995.3863409907053,1.0873222811719934,1.73194383742877,0.6358,90.81177393034537,0
Shale,8.872426878,978.9507173699734,None,0.8009376958208562,2.730629761844672,593.0,0.32982900767888285,0.0003717460985750407,8685.668657030734,1.0157390590322024,2.187064309591725,0.1186,1650.8443800505454,0
Sandstone,7.58395332,384.0162274150347,Dome,0.655489624,0.066690224,2800.0,0.22343778161738823,0.0002946191414814619,2912.3611428381273,1.07652385244407,0.043714749854235777,0.56,137.1486526482267,1
Limestone,15.212472721808002,383.9840830228592,Anticline,0.4785086131694892,2.938560982279584,2741.0,0.15775616965092193,0.0001037018586891327,5841.347388593705,1.0748525043845978,1.4061267403445759,0.5482,140.08904889560714,0
Limestone,10.324002142991867,900.7654180245196,Anticline,0.9517732844096326,2.282436783301417,919.0,0.2932995909622672,0.0002840948567231407,9299.504106018105,1.0244968364349183,2.1723623537001466,0.1838,980.1582350647656,1
Sandstone,24.41130812271924,141.35681754594083,Dome,0.4814464104827508,4.348145963744527,510.0,0.07556009605990678,3.095290743128351e-05,3450.704828360967,1.013521300407418,2.0933992664998637,0.102,277.1702304822369,1
Sandstone,10.224164432740103,384.00243249567603,Dome,0.4814464104827508,2.638647166213336,550.0,0.19243440573864867,0.00018821528840286437,3926.104012407973,1.0145894946024419,1.270367206703893,0.11,698.1862409012291,1
Limestone,1.935022760596854,868.6379642147057,Anticline,0.523754344,4.511846214912199,2741.0,0.6652823664057891,0.0034381113233034224,1680.834231473971,1.0748525043845978,2.3630990545202217,0.5482,316.9054958827821,0
Sandstone,22.1727426597886,383.96668626116565,Anticline,0.4814464104827508,2.118858733897609,1769.0,0.13066723843213748,5.8931472951746826e-05,8513.594524400612,1.047688287851062,1.0201169317550298,0.3538,217.05296001196476,0
Sandstone,10.520791880489375,314.7299590146265,Dome,0.4956643822969191,2.638647166213336,1636.0,0.17174119318839565,0.00016323979709824573,3311.208397347836,1.0440251608886197,1.3078834177406493,0.3272,192.37772555906267,0
Shale,20.595418291297577,383.97009376955884,Anticline,0.500169229,1.5912838881656033,3550.0,0.13557919144090871,6.582978287855244e-05,7908.024692532818,1.0979976791178612,0.7959112354639121,0.71,108.16058979424193,0
Limestone,21.903905633292748,383.9672495404387,Dome,0.5948083157798915,3.493884736808991,1492.0,0.13146675992004656,6.001978008900121e-05,8410.382400208737,1.040073507598915,2.078191695830425,0.2984,257.3507034453342,0
Sandstone,2.111043237,384.0752906712188,Anticline,0.3679133130975384,3.926359694950061,946.0,0.4235349634963767,0.002006282751926301,810.7995448702857,1.0252255508759724,1.4445600037817172,0.1892,405.9992501809924,0
Sandstone,24.17936702602752,433.3687596650912,Fault,0.1878765389411459,1.952074926827783,4590.0,0.1329339730261646,5.497826840672455e-05,10478.582297556552,1.1284853443402068,0.3667490810061945,0.918,94.41585177888697,0
Shale,16.76297833873193,383.97960122681394,None,0.500169229,3.684610311414762,2898.0,0.15028240369877488,8.965137379646779e-05,6436.641737880006,1.0793057353665347,1.8429286986257716,0.5796,132.49813706929396,0
Limestone,12.453748186041633,513.7025260377725,Anticline,0.4785086131694892,1.9426438636851,2392.0,0.2016672883235953,0.00016193300628129556,6397.521901807913,1.0650189924433786,0.9295718210941755,0.4784,214.7585811194701,1
Shale,15.646529517329013,383.9827839012367,Fault,0.500169229,1.6211194427961009,1435.0,0.1555523271091696,9.941650443115236e-05,6007.997962456868,1.0385134466816333,0.8108340618202354,0.287,267.58382153396286,0
Shale,3.862416086271392,285.03536729131315,Anticline,0.500169229,0.2298619360023973,2741.0,0.26974257241862176,0.0006983778194622722,1100.9251877822423,1.0748525043845978,0.11496986730676641,0.5482,103.98955391875707,1
Sandstone,9.120908173,523.7691704,Anticline,0.9569761897103106,0.9044968601218306,1185.0,0.23794718553870672,0.00026088102305764404,4777.250507066789,1.0316986661981171,0.8655819588043293,0.237,441.9992999156118,1
Limestone,22.10479367254512,383.96682798324207,Anticline,0.1375502574929482,0.2570530349326805,1880.0,0.1308679406345725,5.9203421019538753e-05,8487.50750967119,1.050755321624265,0.03535771114433401,0.376,204.23767445917133,0
Shale,28.78416548866236,383.9546365258187,Dome,0.3066483214286178,2.638647166213336,837.0,0.11468134685800893,3.984181751010991e-05,11051.813797898372,1.0222868774075198,0.8091367243616986,0.1674,458.72716430802717,0
Limestone,14.082955585116128,186.84802730990737,Fault,0.5599116862447463,0.7454621038515674,2837.0,0.11437391884582918,8.121442843056872e-05,2631.372469771991,1.0775733116567499,0.4173929435990873,0.5674,65.86113052869487,0
Sandstone,7.248073861201196,924.6456495,Anticline,0.4814464104827508,3.749088736375029,998.0,0.35465493565879497,0.0004893092184907996,6701.899963014353,1.0266304616487465,1.8049853147090695,0.1996,926.4986467935871,0
Sandstone,10.976978958534229,146.17113988028942,Anticline,0.025491389,3.778306259589719,4632.0,0.11458269932018432,0.00010438454856570547,1604.5175268109003,1.1297342050270267,0.09631427462433652,0.9264,31.556809127869048,0
Shale,10.55853987374646,570.5331882557555,Anticline,0.500169229,1.6384855212781964,1772.0,0.23081720204552383,0.00021860712258088352,6023.99741749409,1.0477710628303296,0.8195200399053787,0.3544,321.97132520076497,0
Limestone,11.501635908959956,646.6062651395333,None,0.4785086131694892,4.672002161742633,3319.0,0.23543433236537573,0.0002046963877390421,7437.029838087339,1.0913384849653365,2.2355932751403227,0.6638,194.81960383836497,0
Sandstone,10.699896077047553,392.54924859864894,Fault,0.4814464104827508,2.089611028144605,2277.0,0.1901896781354563,0.00017774908911819616,4200.236165128648,1.0617984701367806,1.0060357288053903,0.4554,172.39756196690774,1
Sandstone,16.582871041007493,563.2497983426764,Fault,0.4926096788528267,2.480208479564591,2837.0,0.18299967094887132,0.00011035463671901845,9340.298769790079,1.0775733116567499,1.2217747026063708,0.5674,198.53711608835965,0
Shale,17.740551121596283,616.3160750795821,Fault,0.500169229,2.480208479564591,631.0,0.18507503581187482,0.00010432316028027763,10933.786837010899,1.016756037253399,1.2405239629830838,0.1262,976.7291205698607,1
Shale,4.774772519814895,461.93978963475047,Anticline,0.500169229,2.5658539647403695,2741.0,0.3088488519601692,0.0006468346935450287,2205.65741335708,1.0748525043845978,1.2833611992707838,0.5482,168.52965692621322,0
Shale,10.264361559549377,844.6770097823412,Anticline,0.810153735,3.992399172273717,699.0,0.2848452713349672,0.00027750900012866694,8670.070229444977,1.018578435003605,3.23445710102846,0.1398,1208.4077393166542,0
Shale,12.372091814035985,170.16252554953462,Dome,0.032368534,2.638647166213336,2800.0,0.11645014732353656,9.412324857743565e-05,2105.2663894070865,1.07652385244407,0.08540914051358002,0.56,60.772330553405226,1
Sandstone,16.788505669341717,948.9869391265024,None,0.4814464104827508,1.665627302613058,2772.5,0.23607703655369747,0.00014061825465789304,15932.072607656528,1.0757445111603952,0.8019102860451233,0.5545,342.2856408030667,0
Limestone,3.245081627,59.44273164176119,Fault,0.5226880656466428,2.480208479564591,4218.0,0.13438977125583848,0.0004141337158907729,192.89651630937078,1.1174840978519438,1.296375372584017,0.8436,14.092634338966617,0
Sandstone,9.471633893114658,384.00596304251746,None,0.7728813870417252,1.2252819462687148,2772.5,0.19993378176939974,0.0002110868980216183,3637.1638947116435,1.0757445111603952,0.9469976101493488,0.5545,138.50530677818483,0
Limestone,3.442607982415064,384.0527031662516,Dome,0.5078500727175616,3.978736038947551,4805.0,0.3316509727830475,0.0009633713001222613,1322.1429015882209,1.134892909396746,2.0206013867034964,0.961,79.92772178277869,0
Sandstone,26.47846372551737,383.95849175214124,Dome,0.2369151189667091,0.8687784811491167,1679.0,0.11957087150928314,4.515778284903001e-05,10166.63099596343,1.0452080769301493,0.20582675721715984,0.3358,228.68284202033428,0
Sandstone,23.018375325468902,9.076591853,Fault,0.3359555407282923,2.480208479564591,4759.0,0.019717584831418986,8.56601934438104e-06,208.92839794844727,1.1335189361681055,0.8332397808710179,0.9518,1.9072477102332421,0
Shale,29.367586683597,262.6673156033808,Anticline,0.3129083330586367,1.572488846898944,821.0,0.09390712318433325,3.197645220088317e-05,7713.905159930017,1.0218562220473466,0.4920448638364463,0.1642,319.9358289931557,0
Sandstone,23.036290909011345,856.2900041,Dome,0.9462329004445272,4.212393975284495,2800.0,0.19144049479777975,8.310387099812668e-05,19725.74563692612,1.07652385244407,3.9859057690485002,0.56,305.8178586071429,1
Limestone,6.168644630980232,384.0257664769784,None,0.3650848775068701,0.9671497970403492,785.0,0.24775073668435177,0.0004016291284475935,2368.9184825362813,1.0208879106901005,0.3530917651832701,0.157,489.2047980598451,0
Sandstone,10.975008043327612,383.99915992971944,None,0.7414517680393581,4.206874830679981,3241.0,0.18573440617093206,0.00016923395904374898,4214.393868859717,1.0890990591153134,3.119194781127947,0.6482,118.48169081447683,1
Shale,10.525502989468404,22.171053981624908,None,0.5429333873929625,3.68686816769793,1653.0,0.045572346237987255,4.329707215283297e-05,233.3614949632583,1.0444926652709576,2.001723823159522,0.3306,13.412615838853544,0
Sandstone,16.722148929425614,310.6701562990345,Anticline,0.5543616863422735,2.5658539647403695,2741.0,0.13534224388892271,8.093591586830315e-05,5195.072621560388,1.0748525043845978,1.4224111308014795,0.5482,113.34190306422272,0
Shale,19.154663543974067,249.5674990228839,Anticline,0.500169229,0.6334530445259623,2758.0,0.11334083231733585,5.917140338024478e-05,4780.381475294418,1.075333812953578,0.3168337208882533,0.5516,90.48857832591875,0
Sandstone,3.872585854273853,171.68933918707833,Dome,0.9565875534795444,3.118318238926628,632.0,0.20907436443327596,0.0005398830969816663,664.881706265505,1.0167828135838872,2.9829444151454645,0.1264,271.66034681499735,1
Sandstone,6.513096884096711,384.0232571346596,Anticline,0.4814464104827508,2.5658539647403695,2741.0,0.2411096775521446,0.0003701920635341257,2501.1806794644217,1.0748525043845978,1.2353211811471856,0.5482,140.10334080067844,1
Limestone,1.7128301372383117,384.0849457372637,None,0.4785086131694892,4.189767772495329,2772.5,0.4702038089067839,0.002745186453018154,657.8722703183269,1.0757445111603952,2.00483996631896,0.5545,138.533794675298,0
Sandstone,14.082955585116128,604.5115093559685,Dome,0.4814464104827508,4.757521060175799,2800.0,0.20572403327639568,0.00014608015486026208,8513.308736951618,1.07652385244407,2.2904914372177294,0.56,215.89696762713163,0
Limestone,10.614018283339359,384.0007043925262,Anticline,0.3955821119160967,1.2397257187704058,1971.0,0.18886685254375218,0.00017794095271176727,4075.7904972374654,1.0532764331635727,0.4904133180278981,0.3942,194.8253193264973,0
Shale,10.692572338765562,384.00036388050745,None,0.3052665380122666,1.9157996140367999,2251.0,0.1881717255679885,0.00017598358898707493,4105.951668904624,1.061071702881519,0.5848295157022505,0.4502,170.59101016459684,0
Shale,28.462331854491328,383.9551556978587,Anticline,0.5999442914044706,2.5658539647403695,2879.0,0.11532797351557983,4.051950982272775e-05,10928.25905871534,1.0787658295328961,1.5393694387235124,0.5758,133.36406936361885,0
Shale,1.5292463106732723,559.1482876015004,None,0.500169229,0.8975735114179956,4060.0,0.6004190001525717,0.003926241286063516,855.0754559338724,1.1128440355838614,0.44893865117676157,0.812,137.72125310381784,0
Shale,25.98681092,581.9489438028335,Dome,0.1152925720557787,1.2491160654305844,2800.0,0.14859205774376127,5.717979716757076e-05,15122.997167697938,1.07652385244407,0.14401380397968644,0.56,207.83890850101196,0
Sandstone,11.40670163778163,383.99737833270143,None,0.007660867,2.144182665666196,4706.0,0.18218546975067032,0.00015971792331906883,4380.143524331477,1.1319379423024483,0.016426298225374194,0.9412,81.59740296062503,1
Limestone,27.97633768057353,383.95595092278325,Fault,0.4553583879951243,4.405793334771727,2837.0,0.1163254975918121,4.157995907827038e-05,10741.681337481501,1.0775733116567499,2.0062149507613167,0.5674,135.3387208046469,0
Shale,17.502645570553053,443.4073472777355,Fault,0.500169229,2.480208479564591,641.0,0.1580444470820371,9.029746185795796e-05,7760.801642781336,1.0170238322925411,1.2405239629830838,0.1282,691.7431314785265,0
Limestone,0.4998141373264797,416.318514075064,Fault,0.1760328010800007,0.1960925064000729,2837.0,0.9062295981102225,0.9069035856721949,208.08187896547003,1.0775733116567499,0.03451871317240279,0.5674,146.7460395047811,0
Sandstone,16.85844329979718,664.6705096178156,Anticline,0.1611228967158336,1.5082092322501857,4660.0,0.19716241014046762,0.00011695172954838579,11205.31009943924,1.1305675465441096,0.24300704035371337,0.932,142.6331565703467,1
Limestone,27.043404886151382,383.957516951501,Fault,0.2808189702310101,2.912276662446972,2837.0,0.11831520215967373,4.375011307110281e-05,10383.518590000775,1.0775733116567499,0.8178225333761616,0.5674,135.33927280630982,0
Limestone,10.540481686489182,490.2156888037999,Fault,0.8028484229697286,2.480208479564591,1707.0,0.21413764500608906,0.00020315736166077807,5167.1094902661325,1.0459790682665364,1.99123146645458,0.3414,287.17966538008193,1
Limestone,4.450810118685505,445.3606896,Dome,0.094893167,2.638647166213336,3844.0,0.3140986393643888,0.0007057111649084554,1982.2158637364341,1.1065318171047522,0.25038958619755886,0.7688,115.85866014568158,1
Sandstone,3.182753388387275,634.3963622124286,None,0.3799101608895553,4.895270036333963,1198.0,0.44331098751376513,0.0013928537131756668,2019.1271714121683,1.0320519300056166,1.8597628271014552,0.2396,529.5462121973528,1
Shale,5.697982986910775,384.0294318300819,Anticline,0.500169229,1.346590806796422,2741.0,0.25778125212369835,0.0004524079006832159,2188.193169040818,1.0748525043845978,0.6735232856138544,0.5482,140.10559351699447,0
Sandstone,14.082955585116128,266.6293467852348,None,0.6802129044188826,3.040638713256648,2772.5,0.13662705827583407,9.701589801236844e-05,3754.9292484649877,1.0757445111603952,2.0682816904327983,0.5545,96.16928648700986,0
Sandstone,19.792909213592512,311.35783740603466,Anticline,0.8813978525224676,0.6167768572489779,4917.0,0.12453881608109676,6.29209252349682e-05,6162.677408718143,1.1382452035314483,0.5436257974648057,0.9834,63.32272471141645,1
Limestone,4.650260022502637,904.264381,Anticline,0.4785086131694892,4.083386413,2741.0,0.4378634972696133,0.0009415892770528726,4205.064500737393,1.0748525043845978,1.9539355695197653,0.5482,329.9030941262313,0
Sandstone,26.097886871909807,530.6891874,Dome,0.1721369734915302,2.638647166213336,2967.0,0.14159473190000732,5.425524778882054e-05,13849.866376910944,1.0812687195209687,0.4542087373039663,0.5934,178.86389868554096,0
Shale,11.135085480585944,329.9760075517347,None,0.560488039,3.6331851413692378,3790.855465230805,0.17093226687956567,0.00015350781740974202,3674.311050631039,1.1049842580705553,2.036356815209982,0.7581710930461609,87.04526209934102,0
Limestone,1.4497322656619072,901.5631115685624,Fault,0.5055796518296253,0.003744046,1798.0,0.7830397563910172,0.0054012714963855984,1307.0251323714906,1.0484887199852682,0.0018929134731141013,0.3596,501.42553479897794,0
Limestone,14.082955585116128,689.2668343809986,Fault,0.4785086131694892,0.3986923367895606,2837.0,0.21967287514399736,0.0001559849236307777,9706.914214881197,1.0775733116567499,0.19077771715847558,0.5674,242.9562334793791,1
Limestone,19.85432185723274,383.9717859627577,Dome,0.4785086131694892,2.638647166213336,1480.0,0.1380866761741678,6.95499333430339e-05,7623.499422601071,1.0397448790861474,1.2626153961483462,0.296,259.44039592078224,0
Shale,9.788464547068394,384.00444358354105,Anticline,0.500169229,2.5658539647403695,3328.0,0.19667107287401944,0.00020092127006060583,3758.8138819342166,1.0915971763877685,1.2833611992707838,0.6656,115.38595059601595,0
Limestone,20.07550956597429,383.9712743857942,Anticline,0.4785086131694892,0.6934544970865236,3259.0,0.13732377288651187,6.84036300225525e-05,7708.41899199135,1.089615441485437,0.331823949697018,0.6518,117.81874022270456,1
Limestone,25.85640993354772,660.0852733882256,None,0.4785086131694892,3.812759047223534,3450.0,0.15865200232243507,6.135886719392937e-05,17067.43541982388,1.095109937858844,1.8244380440363563,0.69,191.3290647502103,1
Shale,14.082955585116128,383.98764562686114,Dome,0.6443790464178937,0.7801822460255403,2800.0,0.1639613060583296,0.00011642535195638591,5407.6809585963965,1.07652385244407,0.5027330917261081,0.56,137.13844486673614,0
Shale,14.082955585116128,383.98764562686114,Fault,0.2277439398340551,2.480208479564591,2837.0,0.1639613060583296,0.00011642535195638591,5407.6809585963965,1.0775733116567499,0.5648524507458715,0.5674,135.34989271302823,0
Limestone,10.28032218736044,202.7362238,Dome,0.4785086131694892,4.2935341163257625,758.0,0.13944147295716766,0.00013563920509087707,2084.193699712812,1.0201622793765015,2.054493055598929,0.1516,267.4620366754617,1
Limestone,10.956837787706458,667.5513919828654,None,0.4785086131694892,0.5639628321339019,3178.0801952348893,0.24509214061901813,0.0002236887552483535,7314.252316913906,1.0872959435073102,0.2698610726835308,0.6356160390469778,210.0486302969228,0
Sandstone,23.4171817746282,286.6345211979923,Fault,0.7595928827379745,2.544478835331364,2837.0,0.10985670821189138,4.691286477987618e-05,6712.172685776905,1.0775733116567499,1.9327680135951146,0.5674,101.03437476136492,1
Limestone,23.10686297,383.9647808080362,Dome,0.4785086131694892,2.974977210574861,2800.0,0.12799849076433736,5.53941445580561e-05,8872.22157543738,1.07652385244407,1.4235522192430123,0.56,137.13027886001294,0
Shale,14.082955585116128,383.98764562686114,Fault,0.500169229,3.908291096975309,2837.0,0.1639613060583296,0.00011642535195638591,5407.6809585963965,1.0775733116567499,1.9548069446817047,0.5674,135.34989271302823,0
Limestone,28.84893769875921,874.2126258149096,Fault,0.948708715717112,2.480208479564591,1310.0,0.17285154765249394,5.991608753757622e-05,25220.105577603026,1.0351004481547916,2.352995401358414,0.262,667.3378823014577,1
Sandstone,11.262234454318468,685.2518115,Dome,0.8583358136488795,2.638647166213336,4222.0,0.2449302705137249,0.00021747928575559637,7717.466561359445,1.1176018185418444,2.264845362344034,0.8444,162.30502404073897,1
Sandstone,11.62873875607378,462.3447274856003,Dome,0.6767672716905974,4.742303221514664,2083.0,0.19799138594748006,0.00017026041267292864,5376.48605117817,1.0563876451377414,3.20943561275401,0.4166,221.96098295036018,1
Sandstone,17.552353266186092,342.18454934594246,None,0.1355448836115148,1.560943683861502,4409.0,0.13864115587016423,7.898721827645235e-05,6006.144092350669,1.1231191247515415,0.21157792995313643,0.8818,77.61046707778237,0
Limestone,1.0927632990516043,206.13453945971744,None,0.6308427814040466,3.1991598190256805,1479.0,0.4312627832962044,0.003946534292197514,225.25625938848395,1.039717498064228,2.0181668783902267,0.2958,139.37426603091103,0
Sandstone,24.543125049652453,383.96199637812737,Fault,0.8309030034615783,1.583525951735394,2837.0,0.12419635170608119,5.060331618521411e-05,9423.627291422583,1.0775733116567499,1.315756469356293,0.5674,135.34085173709107,1
Limestone,11.108791993239532,626.8229188598832,Anticline,0.4785086131694892,2.2414424584982267,4150.0,0.235867804374341,0.00021232534061118696,6963.245422209703,1.1154847422443328,1.0725495223151968,0.83,151.04166719515257,0
Shale,22.927547942081866,768.8065972,Anticline,0.2206910328390553,2.610034960072495,2741.0,0.1818274272029907,7.930522167582497e-05,17626.850115491823,1.0748525043845978,0.5760113110844414,0.5482,280.4839829259395,0
Sandstone,14.082955585116128,383.98764562686114,Dome,0.4814464104827508,1.6870831218998168,2800.0,0.1639613060583296,0.00011642535195638591,5407.6809585963965,1.07652385244407,0.8122401132246999,0.56,137.13844486673614,1
Sandstone,26.97781076774069,383.9576290830955,Fault,0.3586455984015247,2.587994124377192,4732.0,0.11845896851378829,4.3909778126043575e-05,10358.33626023412,1.1327132484662255,0.9281727013968879,0.9464,81.14066548670658,1
Shale,24.16806656310715,337.45581847102466,Anticline,0.2054232565952627,2.930244042062135,1149.0,0.1173321838955007,4.854843625538905e-05,8155.654682915527,1.0307210281369292,0.6019402737392697,0.2298,293.69522930463415,0
Shale,14.082955585116128,615.9963399704366,Dome,0.500169229,2.272717012637704,2800.0,0.20766906575825045,0.0001474612800580937,8675.049096397754,1.07652385244407,1.1367431159461836,0.56,219.9986928465845,0
Shale,10.485663778621484,384.00126623801725,Anticline,0.500169229,4.302277080479936,1509.0,0.19001943056293108,0.00018121831347515545,4026.5081683367625,1.0405392424690805,2.1518666102880206,0.3018,254.4740001577318,0
Limestone,14.082955585116128,299.0821330479075,Anticline,0.4785086131694892,2.5658539647403695,2741.0,0.14470314756848196,0.00010275055310222987,4211.9603960154745,1.0748525043845978,1.2277832222633498,0.5482,109.11424044068133,1
Shale,22.268806145107884,443.7368950695149,Anticline,0.070161936,1.295965745938326,3560.0,0.14016641022039564,6.294293879386438e-05,9881.490895735105,1.0982868717271832,0.09092746572471708,0.712,124.64519524424576,0
Shale,21.23351935087448,383.96868484763684,None,0.2291849109277852,0.48737844,2772.5,0.13352622164275726,6.288463981702502e-05,8153.006499842122,1.0757445111603952,0.11169978435952291,0.5545,138.49186108120355,0
Shale,6.573781940124026,977.6967397145788,Dome,0.500169229,2.812376677249261,2800.0,0.38293413783649016,0.000582517250076697,6427.165170453839,1.07652385244407,1.406664274317345,0.56,349.177407040921,0
Shale,21.38647108034209,147.81344549790774,None,0.4307503419657628,4.118016166076964,1996.0,0.08254999549122788,3.859916635199614e-05,3161.2079774267254,1.0539701047851182,1.7738368717581914,0.3992,74.05483241378143,0
Sandstone,12.96031676791088,853.6271858599631,None,0.4814464104827508,3.858261002094542,2772.5,0.25483317123261806,0.00019662572743867857,11063.278730445458,1.0757445111603952,1.8575459101639982,0.5545,307.8907793904285,0
Shale,15.72588813189922,959.6130150414368,Dome,0.500169229,1.721568893,2677.0,0.2452845094496597,0.0001559749804859108,15090.766924456158,1.0730424505377976,0.8610757858821936,0.5354,358.4658255664687,0
Sandstone,23.715615308150205,383.9635800778504,Fault,0.4814464104827508,3.831728626,1331.0,0.1263448271954965,5.3274952200829604e-05,9105.932557466425,1.035673046998838,1.8447719929317026,0.2662,288.4775207196472,0
Limestone,19.39095336370968,884.2630657727361,Dome,0.4785086131694892,2.206380349359432,2800.0,0.2120414717560258,0.00010935072029664259,17146.70386965007,1.07652385244407,1.055772001096395,0.56,315.8082377759772,1
Limestone,10.044550341403532,384.00325096800464,Dome,0.6320731105670357,3.8031233121073527,2800.0,0.19414752064677562,0.00019328642303329555,3857.1399856107373,1.07652385244407,2.403851981753702,0.56,137.1440182028588,1
Limestone,14.082955585116128,383.98764562686114,Fault,0.029582845,3.428665507762499,2837.0,0.1639613060583296,0.00011642535195638591,5407.6809585963965,1.0775733116567499,0.1014296802729843,0.5674,135.34989271302823,0
Sandstone,14.082955585116128,435.2557022709224,Fault,0.3485675066807289,2.480208479564591,2837.0,0.17456411782680434,0.00012395417763817713,6129.68672324993,1.0775733116567499,0.864520085770231,0.5674,153.42111465312738,0
Sandstone,16.514153313088215,448.52721694638814,Anticline,0.4377763110583433,0.1111072038019134,2741.0,0.16364241976017638,9.909222511001054e-05,7407.047225745432,1.0748525043845978,0.04864010181240919,0.5482,163.63634328580378,0
Sandstone,11.127506223351013,383.9985226886078,Dome,0.7847144306310921,2.272455401327273,3765.0,0.18445715329174922,0.00016576683902873662,4272.945950975079,1.104232134528525,1.7832285463870812,0.753,101.9916394923261,1
Sandstone,5.238327509467858,384.03331626851644,Dome,0.7589598154427607,3.76381420567976,946.0,0.26885478818783515,0.0005132454732963939,2011.69228516154,1.0252255508759724,2.8565837349035514,0.1892,405.95487977644444,0
Sandstone,15.61368276418149,383.9828809425111,Anticline,0.9006845482876117,3.907638666219348,2741.0,0.15571587977829915,9.973039809385559e-05,5995.386889912838,1.0748525043845978,3.519549766954979,0.5482,140.08861034020833,1
Sandstone,24.778227573357547,400.9211610047927,None,0.0428026360681066,2.626359857072329,2772.5,0.12630601088478707,5.0974594736790574e-05,9934.115766351475,1.0757445111603952,0.11241512514615137,0.5545,144.6063700648486,0
Sandstone,8.380355727936797,384.01161600154137,Anticline,0.3267828459692184,2.5658539647403695,1813.0,0.2125546458757405,0.0002536343954555142,3218.153945752783,1.0489029765347246,0.8384770609392606,0.3626,211.81004743604046,0
Limestone,16.61033501,383.9800236365529,Dome,0.8542246391707045,4.1045066915910935,2800.0,0.15097142965695418,9.08900570434396e-05,6378.036829750862,1.07652385244407,3.506170747598144,0.56,137.13572272734032,0
Shale,2.7750131381689136,384.06265966197634,Dome,0.500169229,2.131023861446561,934.0,0.369401086797577,0.0013311687851731235,1065.7789264420803,1.0249016138219336,1.0658725617603293,0.1868,411.2019910727798,0
Sandstone,14.486356023475308,383.98634148159556,None,0.3077540440643939,0.6448342192581702,2772.5,0.16166200440000683,0.00011159604536712455,5562.562850854159,1.0757445111603952,0.19845033872780793,0.5545,138.49822956955657,1
Sandstone,11.04255759076798,748.1757276601058,Fault,0.3898947642129998,2.480208479564591,3474.0,0.25846195140555955,0.0002340598627456053,8261.77356070146,1.0958023023631118,0.9670203003389188,0.6948,215.36434302248296,0
Limestone,2.133321246403104,277.7685507,Anticline,0.4785086131694892,2.414300182,1724.0,0.3582969037212975,0.0016795262519670004,592.5695507909078,1.0464474475897245,1.1552634318636654,0.3448,161.11864889791184,1
Sandstone,14.082955585116128,383.98764562686114,None,0.6615412504824808,2.994510003453825,2772.5,0.1639613060583296,0.00011642535195638591,5407.6809585963965,1.0757445111603952,1.9809918922671412,0.5545,138.49869995558564,0
Sandstone,18.779517417538607,383.9743558758157,Dome,0.4814464104827508,0.09891088,2800.0,0.14198371797650206,7.560562650236173e-05,7210.853104058048,1.07652385244407,0.047620288133690104,0.56,137.13369852707706,1
Limestone,2.8574680191860846,384.06130729994527,Dome,0.0297083053467526,3.1960137844006016,2800.0,0.3640317276386644,0.0012739660608427543,1097.4429030163928,1.07652385244407,0.0949481533994034,0.56,137.16475260712332,0
Limestone,14.842627213071108,969.4023060521438,Anticline,0.4785086131694892,2.5658539647403695,2741.0,0.25376182114019946,0.00017096826424147136,14388.477048223436,1.0748525043845978,1.2277832222633498,0.5482,353.6673863743684,0
Shale,14.082955585116128,383.98764562686114,Anticline,0.2790176837653664,4.395997456851111,2741.0,0.1639613060583296,0.00011642535195638591,5407.6809585963965,1.0748525043845978,1.2265610282490382,0.5482,140.09034864168592,0
Sandstone,29.54537231901282,383.9534313177455,Dome,0.4814464104827508,4.052063065704934,706.0,0.11319420433299773,3.8311991167617084e-05,11344.04708144531,1.0187662201031658,1.9508512180333712,0.1412,543.8433871356169,0
Sandstone,14.082955585116128,739.2069007321488,Fault,0.084170437,3.2876351734855325,2837.0,0.22749180131159338,0.00016153697278717752,10410.2179512222,1.0775733116567499,0.2767216892488481,0.5674,260.5593587353362,0
Limestone,7.034984330222812,384.0196974336297,Anticline,0.2528673003281405,2.5658539647403695,2631.0,0.23199297352318887,0.00032977041971014767,2701.5725539424902,1.0717433573916282,0.648820565100153,0.5262,145.9595961359292,0
Sandstone,5.758663169871773,888.3017630112231,Dome,0.4814464104827508,2.638647166213336,2800.0,0.3899860493352809,0.0006772162875849616,5115.430646384894,1.07652385244407,1.270367206703893,0.56,317.25062964686543,0
Sandstone,21.33797474131359,733.1893373709387,Dome,0.9032105062904678,4.210224691580428,2800.0,0.18406072144735067,8.625969600150518e-05,15644.775561421538,1.07652385244407,3.802719175278987,0.56,261.85333477533527,0
Limestone,15.11125161252212,721.8323287108677,Anticline,0.0146168843176139,2.5658539647403695,3719.0,0.2170189180951327,0.00014361412519615344,10907.789941202696,1.1028952811756805,0.03750479057850096,0.7438,194.0931241491981,0
Limestone,26.876525435779783,383.9578027646871,Dome,0.9506456247259472,4.802070935631929,1054.0,0.11868199429535661,4.415823562422225e-05,10319.45165227123,1.0281455956018732,4.5650677245821285,0.2108,364.2863403839536,1
Sandstone,14.082955585116128,806.7560694982728,Fault,0.6920674842711947,4.758041423667809,2837.0,0.23765878033033402,0.00016875632312687882,11361.509894767036,1.0775733116567499,3.292885758135914,0.5674,284.36942879741724,1
Shale,10.882335892824305,383.9995515173393,Fault,0.500169229,3.090672256530389,2919.0,0.18652366629143846,0.00017140039429809384,4178.812102305577,1.0799027877758398,1.5458591596404951,0.5838,131.55174769350438,0
Limestone,4.105354997590704,914.8391474366218,Fault,0.5409965214147301,2.480208479564591,3662.0,0.4687342191989478,0.0011417629400478943,3755.7394659205547,1.1012409905784817,1.3417841598277604,0.7324,249.81953780355593,1
Shale,26.179652165281663,383.95901579319843,None,0.4780183066595389,2.7188862098487694,3563.0,0.12025140157760345,4.593315480985485e-05,10051.913479189823,1.0983736443618408,1.2996773820318805,0.7126,107.76284473567173,0
Limestone,14.082955585116128,383.98764562686114,Anticline,0.2266472988330703,2.5658539647403695,2741.0,0.1639613060583296,0.00011642535195638591,5407.6809585963965,1.0748525043845978,0.5815438703085287,0.5482,140.09034864168592,0
Shale,24.625207101145527,71.60029373041048,Anticline,0.500169229,0.3559221212758684,2741.0,0.05354230999995352,2.1742887188738737e-05,1763.1720616142097,1.0748525043845978,0.1780212929825956,0.5482,26.12196049996734,0
Limestone,10.715122950447551,384.0002665914147,Fault,0.6286394899635678,2.020680555568461,2331.0,0.1879735881877061,0.00017542830731574088,4114.610069531645,1.063309500782748,1.270279593831856,0.4662,164.736279103996,1
Shale,10.093834877316368,746.7791564787857,None,0.9957803944681344,1.7528557481890656,3007.0,0.2700832456463916,0.0002675724825391617,7537.865495318465,1.082408315668567,1.7454593883774445,0.6014,248.34690937106274,0
Shale,10.750876069734854,705.3150148339429,None,0.1862322047642138,3.236031735190938,2457.49246287717,0.2543309918304947,0.00023656769009408474,7582.75431460292,1.066857442471949,0.6026533247315728,0.491498492575434,287.00597275003554,0
Limestone,10.820324695611488,383.99981541356925,None,0.8893277820194403,0.7933882259697789,2702.0,0.1870574498194952,0.0001728760042620182,4155.002685829696,1.0737491397536725,0.7055821912820419,0.5404,142.11688209236465,0
Limestone,16.290642926002924,717.5020117794096,Dome,0.2447344772349805,2.638647166213336,2800.0,0.2083877077022486,0.00012791865161418687,11688.569072587106,1.07652385244407,0.6457679348307835,0.56,256.2507184926463,0
Sandstone,4.416812232315509,708.1542414,Anticline,0.5318213616419428,1.3069434040051275,2591.0,0.39759334817463116,0.0009001816859354994,3127.78431578163,1.0706149896734412,0.6950604207069627,0.5182,273.31309972983405,0
Shale,10.872939678474872,636.5826098406754,Fault,0.1395004714627936,0.3570313675289505,2837.0,0.24026114583834898,0.0002209716534287349,6921.5243171637685,1.0775733116567499,0.04980604409729453,0.5674,224.3858335709113,0
Shale,6.668482999157558,384.02216829038576,None,0.500169229,2.5005076870000003,2323.0,0.2382836651915728,0.00035732814377974063,2560.84530054406,1.0630855087786855,1.2506770019153635,0.4646,165.31302982797493,0
Limestone,0.9006399644721563,384.1146372105571,Anticline,0.4785086131694892,2.4514759674208064,3208.0,0.6484619074074442,0.07153935057303229,345.94899321055135,1.0881529936121157,1.173052365388862,0.6416,119.7364829209966,1
Limestone,18.137223307747263,383.97596282278204,Dome,0.4785086131694892,2.835179566094652,3793.0,0.14447618559547773,7.965727892525045e-05,6964.257782524059,1.1050466645994965,1.3566578422584261,0.7586,101.23278745657316,1
Sandstone,10.56048644594284,881.5933019195753,Anticline,0.093798335,2.5658539647403695,1779.0,0.2868942388775526,0.00027166763609433217,9310.054115755669,1.047964229882163,0.24067282974579535,0.3558,495.55553789745665,0
Limestone,23.20987694686997,161.44254328321935,Anticline,0.628669927,3.447894351561887,4254.0,0.08281370679981828,3.568037305384609e-05,3747.06156359325,1.1185440306145529,2.1675874903001238,0.8508,37.950762407903,1
Limestone,9.080376311,384.00791117847723,Dome,0.7379585719093322,2.638647166213336,2132.0,0.20419627267676357,0.0002248764430934426,3486.936339901637,1.0577516886107978,1.9472122945513999,0.4264,180.11628104056155,1
Sandstone,28.01933922433557,84.76187228647656,Anticline,0.5091083323914358,3.249720169408109,2741.0,0.05461362124311997,1.9491402279639247e-05,2374.9716528845947,1.0748525043845978,1.6544596161861767,0.5482,30.92370386226799,0
Limestone,19.668882363429525,423.9131060239153,Anticline,0.4311844071921811,0.6878212905626979,2915.0,0.14577338159885322,7.41137086008967e-05,8337.897014700418,1.0797890380493331,0.2965778154254379,0.583,145.424736200314,0
Sandstone,14.19082510029062,433.1687246309703,None,0.4814464104827508,1.5103645039458486,2772.5,0.17348198012831398,0.0001222493962840548,6147.021610154049,1.0757445111603952,0.7271595689452893,0.5545,156.23759229250507,0
Sandstone,20.65935157,383.9699506514876,Anticline,0.4827678978809543,3.825199656791706,2741.0,0.13536921918928918,6.552442787500769e-05,7932.570202824631,1.0748525043845978,1.8466835972842797,0.5482,140.0838929775584,0
Sandstone,3.432945558370757,622.2925068625943,Fault,0.4814464104827508,0.6427033875082294,2837.0,0.4227595975298645,0.0012314777218037274,2136.296297441347,1.0775733116567499,0.3094272389209415,0.5674,219.3487863456448,0
Sandstone,15.415522037297936,383.9834707483142,None,0.7095280635765979,4.5407442922120085,2772.5,0.15671363878486458,0.00010165963786740088,5919.305655278785,1.0757445111603952,3.221785504849676,0.5545,138.4971941382558,1
Shale,15.72464003084268,383.98255395023625,Dome,0.500169229,2.638647166213336,2800.0,0.15516545466927015,9.867663384657771e-05,6037.987438991094,1.07652385244407,1.3197701187279594,0.56,137.13662641079867,0
Sandstone,17.76904113186287,383.9769098366317,Fault,0.7188190436735273,2.480208479564591,931.0,0.1459654956483421,8.214596081192107e-05,6822.901504572709,1.02482064555239,1.7828210873915924,0.1862,412.4349192659846,1
Shale,11.055651463831863,471.0028463574796,None,0.9953487964272196,3.986046389281659,3519.0,0.20495062379051326,0.00018538086557902205,5207.243307801044,1.0971016658604096,3.9675064760745635,0.7038,133.84565113881203,0
Limestone,21.329638243910487,659.0656098931789,None,0.4785086131694892,4.376701435181007,2772.5,0.17454291652749013,8.183116587892499e-05,14057.63103802374,1.0757445111603952,2.094289334005377,0.5545,237.71527859086706,1
Sandstone,14.082955585116128,242.8568583690177,None,0.1493614474304313,3.4034326695445145,2772.5,0.13039409653399128,9.259000764853726e-05,3420.142349951714,1.0757445111603952,0.5083416297551855,0.5545,87.59489932155732,0
Limestone,10.349590486475082,384.00186943235997,Anticline,0.7891484594482999,4.723966708517859,1013.0,0.19126466072545864,0.00018480408570310553,3974.2620946657994,1.027036082028349,3.7279110505119246,0.2026,379.07390862029615,1
Limestone,8.038282503205437,57.84457901712394,Fault,0.4785086131694892,2.142155721163429,3704.0,0.08423243350246834,0.00010478909327817088,464.9710674186317,1.102459700760892,1.0250399633269993,0.7408,15.61678699166413,0
Limestone,5.473741219574702,455.56042302598337,Anticline,0.5253712797848467,0.8034966324135179,699.0,0.28645770690832995,0.00052333074476361,2493.6198655242133,1.018578435003605,0.42213405407390436,0.1398,651.731649536457,0
Shale,9.169454905085503,915.9747441019664,Fault,0.349384692,1.3560866660498794,2445.0,0.3138337441580099,0.0003422599788172288,8398.989110240214,1.0665065196574914,0.473795922143144,0.489,374.6317971787184,0
Sandstone,27.057287152466664,258.3985206303876,None,0.3294534359575404,1.9883603078726213,4452.0,0.09703592142985189,3.5863137676389575e-05,6991.562972468979,1.124391656946155,0.6550721353502279,0.8904,58.040997446178714,0
Shale,6.780995903659562,384.02139559758143,Fault,0.500169229,0.5445426669729636,1931.0,0.23629831123724027,0.0003484713965240931,2604.047510464828,1.052167508048887,0.272363485897471,0.3862,198.8717740018547,0
Sandstone,1.6874008294551746,92.3229623929214,Anticline,0.4814464104827508,2.5658539647403695,2741.0,0.23226051497235664,0.0013764394974687109,155.78584331957444,1.0748525043845978,1.2353211811471856,0.5482,33.682219041561986,1
Limestone,18.852684867530183,8.798887794401374,Fault,0.4785086131694892,4.828918752182803,2837.0,0.0214514638465863,1.1378466248874702e-05,165.88265877260682,1.0775733116567499,2.3106792152151336,0.5674,3.1014761347907553,0
Limestone,4.982245570005412,12.017420050637064,Anticline,0.4785086131694892,1.1933955343719056,1439.0,0.04876662541144535,9.78808144364357e-05,59.87373781018072,1.0386228482558029,0.571050042114962,0.2878,8.351230056036876,0
Shale,11.264904060028238,254.92353659135185,Fault,0.3871869764138588,2.480208479564591,4231.0,0.1493725746879358,0.00013259995281980356,2871.6891823446767,1.1178667354380543,0.9603044220786279,0.8462,60.25136766517416,0
Shale,14.082955585116128,563.0699632715209,Anticline,0.8200641195433708,0.6907769497626731,2741.0,0.19854727168010175,0.0001409840927780392,7929.689284065798,1.0748525043845978,0.5664813911079818,0.5482,205.42501396261252,0
Limestone,18.525873451869348,383.974983798551,None,0.4785086131694892,2.435525839508468,2772.5,0.1429525039648881,7.716370530991807e-05,7113.47195853554,1.0757445111603952,1.1654200918016528,0.5545,138.4941330202168,0
Sandstone,24.35668931,726.6306606963686,Fault,0.628385052,2.480208479564591,2837.0,0.17150523444958882,7.041401738419958e-05,17698.31724570148,1.0775733116567499,1.5585259344020366,0.5674,256.1264225225127,1
Sandstone,10.832299222528254,383.9997643368654,Anticline,0.4544035588198637,4.336743442686787,2744.0,0.1869540177981773,0.00017258941426706852,4159.60034867726,1.07493742553414,1.9706316540455837,0.5488,139.94160507903257,1
Limestone,23.90584710828573,595.8835276590074,Fault,0.4785086131694892,3.8754898181882975,3751.0,0.15676830739058933,6.557739061932413e-05,14245.100506562183,1.1038250946670478,1.8544552582537581,0.7502,158.85991139936215,1
Sandstone,14.07179233170357,353.7846554878953,Dome,0.4814464104827508,0.6003495544401477,2800.0,0.15744339126661305,0.00011188581209509118,4978.384202168954,1.07652385244407,0.2890361380201279,0.56,126.35166267424833,1
Sandstone,2.199174543411595,384.07340158913905,Dome,0.1880252377707282,3.766701103738845,2800.0,0.4149606489188179,0.0018868927441979503,844.644447576333,1.07652385244407,0.7082348706417606,0.56,137.1690719961211,0
Limestone,2.6034886219497144,980.9256517318396,Dome,0.3496017324042866,2.638647166213336,2800.0,0.6094945855652596,0.0023410687507011956,2553.8287732624526,1.07652385244407,0.922475620511844,0.56,350.3305899042285,0
Sandstone,28.863063124950827,831.7666981446354,Dome,0.3125697335229571,2.638647166213336,3356.0,0.16856181644202947,5.840052932438599e-05,24007.334713780532,1.0924023863592525,0.8247612416044083,0.6712,247.8446657165183,0
Limestone,11.329761500225949,565.4349712107338,None,0.8648013689610676,3.5944041068832027,4449.0,0.22182505449819628,0.00019578969468489907,6406.24336770474,1.1243028288620496,3.1084455922318774,0.8898,127.09259860884104,0
Limestone,8.996228053321948,969.2713669293628,Fault,0.6578472389213587,2.480208479564591,2837.0,0.32592833024456885,0.0003622944286346949,8719.786262451646,1.0775733116567499,1.6315983002309071,0.5674,341.6536365630464,1
Sandstone,14.082955585116128,622.9362445183226,Anticline,0.4814464104827508,2.5658539647403695,2741.0,0.2088356043434149,0.00014828961369737419,8772.783463910577,1.0748525043845978,1.2353211811471856,0.5482,227.26605053568863,1
Limestone,10.462837421882652,384.0013668756771,Dome,0.5606850818894642,2.8016681236822123,2800.0,0.19022662148129654,0.00018181169582492444,4017.7438714009236,1.07652385244407,1.5708535213538628,0.56,137.14334531274181,0
Shale,18.162352725227617,336.0029001098621,Anticline,0.4832377652930145,1.6250691101125043,2741.0,0.1350563810215695,7.436062005005297e-05,6102.603188494736,1.0748525043845978,0.7852947652174743,0.5482,122.58405695361623,0
Limestone,11.467119600434742,324.2063842639608,Dome,0.8345758649949531,0.925579178,2800.0,0.16696031612167672,0.00014559917567734003,3717.7133835793425,1.07652385244407,0.7724660431006677,0.56,115.787994379986,1
Sandstone,10.923383250314982,426.1378023526333,Anticline,0.4814464104827508,2.5658539647403695,2741.0,0.19612190062137166,0.00017954318376196896,4654.866532544791,1.0748525043845978,1.2353211811471856,0.5482,155.46800523627627,1
Shale,22.51795370232379,855.2335752421301,None,0.500169229,2.5005076870000003,2772.5,0.19351184706976882,8.593669283981117e-05,19258.110051975134,1.0757445111603952,1.2506770019153635,0.5545,308.4701804299838,1
Sandstone,10.917930293215152,864.9022251001054,Dome,0.831332984,3.6683031950653247,3043.0,0.2794750205033534,0.0002559780223885754,9442.942204089632,1.0834349790801563,3.0495814413703903,0.6086,284.22682389093177,1
Limestone,25.641103502795925,753.0561855164989,Anticline,0.116548363433554,4.488203466631607,1060.0,0.17016685887634891,6.63648734376014e-05,19309.19159624924,1.0283080639491717,0.5230927687927175,0.212,710.4303636948102,0
Sandstone,17.237465926556386,949.6525449,Anticline,0.1456930888300366,2.5658539647403695,2741.0,0.23306405907930494,0.0001352078432365408,16369.603384781307,1.0748525043845978,0.37382718960982025,0.5482,346.4620740240788,0
Shale,18.46354261153218,383.97513942124766,None,0.402752558,3.4936403427967493,3279.0,0.1431936254552428,7.755479458519798e-05,7089.541348473216,1.0901894868329411,1.4070725847933876,0.6558,117.10129290065498,0
Sandstone,27.095723365032875,80.44019358320226,None,0.8487885877391554,2.8036394909634508,2772.5,0.05410231227137595,1.9967103864514344e-05,2179.585232760141,1.0757445111603952,2.379697204064592,0.5545,29.013595521443555,1
Shale,19.84773197877796,578.7293218411097,None,0.9365694249033396,3.809708274710019,2772.5,0.16955552588034922,8.542816179785438e-05,11486.464468162276,1.0757445111603952,3.5680562878946565,0.5545,208.73916026730737,0
Shale,10.770023042377913,384.0000305919053,Anticline,0.070937652,4.024062304891189,3870.0,0.18749382165795614,0.00017408859843679535,4135.6891777486435,1.1072897216736828,0.28545753141068914,0.774,99.22481410643547,0
Limestone,10.63131548958406,169.53294116094193,Anticline,0.4785086131694892,2.5658539647403695,2741.0,0.12539008396425777,0.00011794409082028245,1802.358183359065,1.0748525043845978,1.2277832222633498,0.5482,61.850762918986476,0
Sandstone,8.022458354,384.0136315747851,Dome,0.3606696643093027,0.9504439608210165,1613.0,0.21724472149191174,0.00027079569865712483,3080.733366677013,1.0433929880047104,0.34279630429412006,0.3226,238.07416712633918,0
Shale,9.806797891668197,753.1771359388567,Anticline,0.9185423350991888,4.283797257899984,2040.0,0.2751785636516397,0.0002805998111630606,7386.255948777871,1.055192076600635,3.934849136362953,0.408,369.20447840140037,0
Limestone,10.24869560417525,384.0023218287388,None,0.8024027817219871,3.977986420288685,641.0,0.19220393556567453,0.00018753990067513755,3935.522907719285,1.0170238322925411,3.1919473692919307,0.1282,599.0675847562227,0
Sandstone,10.53937142274817,144.95985906993306,None,0.6504382637665866,1.876324378677929,1703.0,0.1164517909703932,0.00011049215963586191,1527.7857961272546,1.0458688918374228,1.2204331711301915,0.3406,85.1202930533958,0
Limestone,25.200564957620955,383.960775773802,None,0.4785086131694892,2.435525839508468,3560.0,0.12256541491678562,4.863597904368424e-05,9676.028471066233,1.0982868717271832,1.1654200918016528,0.712,107.85415049825899,0
Sandstone,28.932965387039424,475.6175758188745,None,0.4814464104827508,1.548652999427636,4897.0,0.12730988382837177,4.40016714931683e-05,13761.026858635096,1.1376458541786085,0.7455934276577808,0.9794,97.12427523358679,0
Limestone,12.046252140158474,322.09985653385894,Anticline,0.4785086131694892,3.219981163197429,2741.0,0.16236743844783283,0.0001347866843219644,3880.096086115736,1.0748525043845978,1.5407887208334805,0.5482,117.51180464569826,1
Shale,10.871164886126165,383.9995989456806,Anticline,0.264992791,2.5658539647403695,2880.0,0.1866194873334705,0.00017166466453989235,4174.522956344813,1.0787942388949383,0.6799328034149661,0.576,133.33319407836132,0
Sandstone,14.082955585116128,599.6922906379212,Dome,0.615979174,4.310361343750576,2800.0,0.20490236739235013,0.00014549670781388075,8445.439893790397,1.07652385244407,2.65509282016501,0.56,214.1758180849719,1
Limestone,5.503572034506879,102.97284984133182,None,0.9823603753233752,0.4901563975676276,2772.5,0.13582155133925553,0.00024678799602815616,566.7184967002299,1.0757445111603952,0.48151022268168814,0.5545,37.14079345043528,0
Limestone,8.813277185231723,384.009289944758,None,0.4785086131694892,0.6950802638213838,3450.0,0.2072677814838121,0.0002351767420082142,3384.3803139871693,1.095109937858844,0.33260189308265303,0.69,111.30704056369797,0
Sandstone,8.383359219567078,657.4081173504125,None,0.4814464104827508,0.49034685,1756.0,0.27805975856944637,0.0003316805963896243,5511.288401607816,1.0473296718329352,0.23607573082402383,0.3512,374.3781989467041,0
Sandstone,7.493164873395593,384.0167835899359,Fault,0.4814464104827508,2.480208479564591,1200.0,0.2247874738063661,0.0002999900277177562,2877.5010735904652,1.0321062890188415,1.1940874697352533,0.24,320.01398632494664,0
Limestone,11.178153107312394,383.99831298212956,None,0.4785086131694892,3.075949653294799,3937.440719508536,0.18403875190031002,0.00016464146637955575,4292.391935463908,1.1092580509972603,1.4718684027772655,0.7874881439017072,97.52484934682636,1
Shale,28.56431751229054,383.9549905449909,Fault,0.500169229,0.083888571,1685.0,0.11512188192923616,4.030268949352701e-05,10967.412260355632,1.0453732415036963,0.04195848187898176,0.337,227.8664632314486,0
Sandstone,10.382895485323285,384.0017210659217,Fault,0.4814464104827508,2.255192647406577,1135.0,0.1909576195990311,0.0001839155752544738,3987.0497360117297,1.030341085793833,1.0857544050409882,0.227,338.32750754706757,1
Limestone,10.368749807292046,832.7764040253471,Dome,0.4785086131694892,2.383319998097871,1598.0,0.2814042525057568,0.00027139651137869414,8634.850178755181,1.0429809075848742,1.1404391470289221,0.3196,521.1366733575388,1
Limestone,20.64656758223208,730.9413402,Anticline,0.4785086131694892,2.600830920121462,2741.0,0.18683015737046224,9.048969356593859e-05,15091.429779086591,1.0748525043845978,1.2445199966756473,0.5482,266.66958781466616,0
Shale,23.74088757368657,888.8576583468903,Anticline,0.2190793356675294,2.5658539647403695,4639.0,0.192130928560932,8.09282837318526e-05,21102.26973582383,1.1299424828020885,0.5621255820152166,0.9278,191.60544478268812,0
Limestone,11.226108818068015,383.9981152926498,Anticline,0.4785086131694892,2.211823995815961,4100.0,0.18364519540340052,0.00016358757818900726,4310.804628208314,1.1140169103308448,1.0583768328128937,0.82,93.65807690064631,1
Sandstone,23.33833582410963,92.44358236532294,Fault,0.1615414599392695,0.7418914560073814,3390.0,0.062493246850672354,2.6777079274912912e-05,2157.4793700256455,1.0933809398768286,0.11984622891990271,0.678,27.26949332310411,0
Limestone,10.582479798533134,384.00084181353355,Anticline,0.4785086131694892,2.5658539647403695,1858.0,0.18914811267238196,0.00017873704110316402,4063.6811511114365,1.050146728475177,1.2277832222633498,0.3716,206.6742959168641,1
Sandstone,11.044593396460826,117.23210140754638,Anticline,0.081084341,0.8181644631459506,3481.0,0.10230057081052701,9.262502216089606e-05,1294.7808930590127,1.0960043244532884,0.0663403263238082,0.6962,33.67770795965136,0
Sandstone,10.509438467659946,348.1768626978306,Fault,0.8166223661523051,3.947874741161877,1595.0,0.18073399398488982,0.00017197302647620186,3659.143314385736,1.0428985110327413,3.223922812400531,0.319,218.2927038857872,1
Shale,14.082955585116128,601.0666004,None,0.3668717064823884,2.1006151194471654,2772.5,0.20513701954485886,0.00014566332919608316,8464.794237129943,1.0757445111603952,0.7706562535342878,0.5545,216.79588833183047,1
Limestone,14.082955585116128,383.98764562686114,Fault,0.4785086131694892,1.7708436983319635,2837.0,0.1639613060583296,0.00011642535195638591,5407.6809585963965,1.0775733116567499,0.8473639622287572,0.5674,135.34989271302823,1
Sandstone,24.709367842592727,383.96168466985824,Fault,0.6620095646140466,2.480208479564591,1955.0,0.1237778044529288,5.009347274338886e-05,9487.450503969125,1.052832722937304,1.6419217357086213,0.391,196.39983870580983,1
Sandstone,29.778766453586105,383.9530680029505,Fault,0.088807479,1.807220771625011,4666.0,0.1127496928139414,3.7862445709319676e-05,11433.648741197727,1.1307461996858261,0.16049472072445195,0.9332,82.28741277388565,0
Sandstone,14.082955585116128,417.4177806075708,Dome,0.4069349746356621,1.475036306219285,2800.0,0.1709496498487485,0.00012138762265885457,5878.476064734168,1.07652385244407,0.6002438618580255,0.56,149.07777878841816,0
Sandstone,18.803115582516654,799.2743460667099,Anticline,0.4814464104827508,2.8425720669544456,4719.0,0.20472113334967362,0.00010887617663746407,15028.84791123276,1.1323255290275764,1.3685461181737513,0.9438,169.37366943562404,1
Limestone,13.08733345092952,645.9585087317828,None,0.4785086131694892,4.9481903368289695,2772.5,0.22060044071919072,0.00016856026595969608,8453.87439923801,1.0757445111603952,2.367751695774698,0.5545,232.9877398491552,0
Limestone,12.080136247619937,383.9947294623531,None,0.4785086131694892,2.435525839508468,4146.0,0.17703387011899344,0.00014654956408614444,4638.708650273183,1.1153672445530691,1.1654200918016528,0.8292,92.61812095088112,0
Shale,2.9662002798795406,384.0595824320461,Fault,0.500169229,0.539331372,3214.0,0.357296461358058,0.0012045594620892154,1139.1976409003546,1.0883249443739886,0.26975695650875225,0.6428,119.49582527443874,0
Shale,29.882661817935368,896.6133257782506,Anticline,0.3526449215570981,4.599685335896223,3005.0,0.17199768545322655,5.755768562424206e-05,26793.192795685773,1.0823513073462923,1.6220556744644579,0.601,298.37381889459255,0
Sandstone,13.661494064418228,383.9890486901775,Fault,0.4814464104827508,2.480208479564591,4900.0,0.16647152900563741,0.00012185455574673748,5245.8641094824625,1.1377357364585627,1.1940874697352533,0.98,78.36511197758725,1
Sandstone,14.082955585116128,383.98764562686114,Anticline,0.6172245860913963,4.703029302,2741.0,0.1639613060583296,0.00011642535195638591,5407.6809585963965,1.0748525043845978,2.9028253143026586,0.5482,140.09034864168592,1
Shale,3.7915926721700135,384.0482436745098,Dome,0.500169229,2.638647166213336,2811.0,0.3160179140695836,0.000833470104500227,1456.154506476035,1.0768357470245886,1.3197701187279594,0.5622,136.6233524277872,0
Shale,10.587497345793336,620.2780538085874,Anticline,0.7501663163764574,1.009975224588631,1876.0,0.24034007846694297,0.00022700367293356234,6567.192248352275,1.050644642096614,0.7576493938611386,0.3752,330.63862143314896,0
Limestone,15.581930558504029,383.9829749443688,Anticline,0.8534027221808783,3.117073262411373,722.0,0.1558744737646939,0.00010003540522751433,5983.196051230947,1.0191955731999955,2.660118807379097,0.1444,531.8323752692088,1
Shale,14.082955585116128,383.98764562686114,None,0.1810623529229392,0.7428305991795631,2772.5,0.1639613060583296,0.00011642535195638591,5407.6809585963965,1.0757445111603952,0.13449865611060843,0.5545,138.49869995558564,0
Limestone,12.932605878698682,843.4596631860092,None,0.392262146,3.8027149232790336,2772.5,0.253582211965299,0.00019607974938985398,10908.131398564592,1.0757445111603952,1.4916611164316589,0.5545,304.2235034034298,0
Sandstone,27.47804887533461,219.761249661666,Dome,0.5517769383122278,2.277040569906434,2800.0,0.08879985573913227,3.231665251852818e-05,6038.61035910787,1.07652385244407,1.2564184740757025,0.56,78.48616059345214,0
Sandstone,10.144199654514251,362.4378801831933,None,0.4814464104827508,1.9243234823108464,2054.0,0.18768844870716717,0.0001850204600652199,3676.642218937227,1.0555811828447008,0.9264586331662241,0.4108,176.45466415929567,0
Shale,6.591203711742012,577.3903431579026,Anticline,0.8712539058201941,3.886588114071937,1033.0,0.293888125535444,0.0004458792936590505,3805.697372946362,1.0275771585055726,3.386205074699517,0.2066,558.9451531054237,0
Limestone,0.1619562655103223,384.19390214019586,None,0.2493178065200962,4.428296718171656,1232.0,1.5293468920656135,7.913615300515571,62.22260962246435,1.0329764227191431,1.1040532243946979,0.2464,311.84569978912003,0
Sandstone,23.858635471430528,679.1029125,Dome,0.4814464104827508,2.638647166213336,2800.0,0.1675230779053956,7.021486124216775e-05,16202.468836924281,1.07652385244407,1.270367206703893,0.56,242.53675446428574,1
Sandstone,2.127478784639377,384.0749324658608,Fault,0.4814464104827508,0.8185799065043858,3852.0,0.4218956140137769,0.0019830778904114488,817.1112705329203,1.1067649632413756,0.3941023576798423,0.7704,99.70792639300645,1
Sandstone,5.853264600726301,461.5879182516167,Anticline,0.1354012677217271,2.200417222687133,2741.0,0.27884174119595456,0.0004763867007846434,2701.796222025134,1.0748525043845978,0.2979392814685597,0.5482,168.40128356498238,0
Sandstone,17.676438430435663,287.0797018192714,Anticline,0.6190885652738011,3.812880990467798,3097.0,0.12654165462320782,7.158775514717136e-05,5074.54667383618,1.0849768003412965,2.3605110219484584,0.6194,92.69606129133723,1
Limestone,14.082955585116128,383.98764562686114,Anticline,0.8233837175040588,2.709355159787918,2741.0,0.1639613060583296,0.00011642535195638591,5407.6809585963965,1.0748525043845978,2.230838923504979,0.5482,140.09034864168592,1
Limestone,10.929725002346684,383.999350859037,Dome,0.4785086131694892,3.202858853350304,3084.0,0.18611881367617727,0.00017028682207120155,4197.007305968913,1.0846054207387845,1.5325955480942746,0.6168,124.51340819034922,0
Shale,14.082955585116128,253.1950720902497,Fault,0.500169229,4.998299605641364,2837.0,0.1331405564350576,9.454020899971453e-05,3565.7349546172627,1.0775733116567499,2.4999956600646454,0.5674,89.2474698943425,0
Sandstone,3.433144905505443,511.0045782952599,Fault,0.081511036,0.1289347164279203,1244.0,0.38308573149377256,0.0011158449236426068,1754.3527646643288,1.0333029119496748,0.010509602312406002,0.2488,410.77538448172015,0
Shale,11.360226299183507,383.99756686731655,None,0.500169229,2.407036066411486,3169.0,0.18255779980818398,0.00016069908732478766,4362.299257948567,1.087035975675897,1.2039253735122257,0.6338,121.17310409192696,0
Limestone,11.107889875865096,383.9986041678513,None,0.026813797817671,1.080441393453013,3698.0,0.18461997515555975,0.00016620616266343864,4265.414207582404,1.1022855167669847,0.028970737077891818,0.7396,103.83953601077644,0
Shale,0.2825956791733597,253.34249802601428,None,0.500169229,2.9856395521051,2772.5,0.9401581467169822,2.3867085253676876,71.59349529313705,1.0757445111603952,1.4933250328483132,0.5545,91.37691542867964,0
Sandstone,14.930638786433164,414.95523829865095,Anticline,0.8658720484895911,1.6324514747873438,4754.0,0.16553547500464644,0.00011086965358445445,6195.546775575454,1.1333696915176634,1.4134941025339713,0.9508,87.28549396269479,1
Shale,5.547608924,906.0831615,Fault,0.4359692660003781,3.648963660591619,552.0,0.4012922374133628,0.0007233607179433594,5026.595032623533,1.0146429338550138,1.590836008770181,0.1104,1641.4550027173912,0
Shale,8.496572514290023,317.5686666200985,None,0.2251219370671424,1.4333207928315872,2772.5,0.19196700388952165,0.0002259346384282139,2698.2452042040604,1.0757445111603952,0.32267195332085924,0.5545,114.54235044908873,0
Shale,10.79783703480773,520.6924760680724,None,0.500169229,1.0321944223857389,2623.0,0.21804790325754783,0.00020193664949253468,5622.35250183357,1.0715175887492094,0.5162718884227754,0.5246,198.51028443311947,0
Shale,26.19058182089148,383.95899652013156,Anticline,0.523372147,4.532235659470217,2741.0,0.12022630473900667,4.5904403942300195e-05,10056.109514227894,1.0748525043845978,2.3720459078068883,0.5482,140.07989657793928,0
Limestone,14.906865555001469,383.9850201332755,Fault,0.4785086131694892,4.588470767,4063.0,0.15936524761858192,0.00010690728176931373,5724.01307026127,1.1129319583401254,2.1956227832859123,0.8126,94.50775784722508,0
Shale,10.584430784293561,242.3434156701626,Dome,0.500169229,2.638647166213336,1865.0,0.15024897115093627,0.00014195281183556284,2565.06710919012,1.0503403335046804,1.3197701187279594,0.373,129.94285022528825,0
Shale,23.428915909333057,848.9424615230647,None,0.500169229,2.5005076870000003,3434.0,0.18901343701288872,8.067528081296925e-05,19889.801542886096,1.0946486045725223,1.2506770019153635,0.6868,247.2167913579105,0
Limestone,19.834220352860896,383.9718327370032,Fault,0.2231149585386668,4.750948084986994,2837.0,0.13815664062824834,6.965569514221947e-05,7615.781939797568,1.0775733116567499,1.0600075850012316,0.5674,135.3443189062401,0
Shale,14.082955585116128,25.14618178136999,Dome,0.7505149276387741,2.638647166213336,2800.0,0.04195838548448039,2.9793735576944516e-05,354.1325611622899,1.07652385244407,1.9803440870148585,0.56,8.980779207632139,0
Limestone,27.39698041264369,510.7368527033425,Anticline,0.333786854745934,3.832415446613921,4749.0,0.13557415192538527,4.948507093972221e-05,13992.64754952876,1.1332204665175025,1.2792098980049946,0.9498,107.54618924054381,0
Shale,25.802205569693783,418.4040309842825,Dome,0.7146489034571513,2.638647166213336,2800.0,0.12644427264734456,4.900521868404182e-05,10795.746818644984,1.07652385244407,1.8857063039446802,0.56,149.4300110658152,0
Limestone,27.348987411254267,383.9569981254135,Anticline,0.6323683319146128,1.1615210902913908,1364.0,0.11765227142707566,4.3018876588703636e-05,10500.835108194913,1.0365734852167257,0.7345091543512092,0.2728,281.4934003852005,0
Shale,11.432263574364054,383.99727496384486,None,0.1116268085135406,1.8267326607211367,4791.0,0.1819816527392797,0.00015918252020304986,4389.958059224222,1.1344745674211887,0.20391233692374885,0.9582,80.14971299600184,0
Sandstone,10.521346019141065,642.8893035,Dome,0.566601347,2.2936202691528966,1638.0,0.24544946862910025,0.0002332871366292524,6764.060814128096,1.044080150541638,1.2995683340085338,0.3276,392.48431227106227,0
Shale,12.862928733440503,383.99183006929945,Anticline,0.500169229,4.060535978,2741.0,0.17156184517037662,0.00013337696937118008,4939.259544404795,1.0748525043845978,2.030955149443021,0.5482,140.0918752533015,0
Sandstone,11.459391593744817,294.10274864099904,None,0.4814464104827508,3.111607729833406,4881.0,0.15907370980524596,0.00013881514433286088,3370.238565473909,1.1371666019296476,1.4980723723586742,0.9762,60.25460943269802,0
Shale,14.16679277268613,383.987371542353,Anticline,0.500169229,0.8932096545922635,2341.0,0.1634753772638075,0.00011539335676525984,5439.86951996895,1.0635895571570886,0.4467559842727688,0.4682,164.02707028720758,0
Sandstone,16.64063129340259,685.9174634783295,None,0.71663159,0.4414929505383563,2772.5,0.20159542829941207,0.00012114650264460664,11414.099607448818,1.0757445111603952,0.3163877951180936,0.5545,247.40034751247234,1
Sandstone,1.0729872904480575,384.10654909595945,Anticline,0.6678819385013619,2.5658539647403695,3761.0,0.5940981708004835,0.005536861210652368,412.1414453578273,1.1041158221115888,1.713687519882203,0.7522,102.12883517574035,1
Limestone,26.713228440032573,555.1389919614107,Anticline,0.4498958559880934,2.988216733316917,3601.0,0.1431420805308009,5.3584717718464725e-05,14829.554708234571,1.0994733579793488,1.3443863251135586,0.7202,154.16245264132485,0
Sandstone,10.26949871585602,651.8376643760834,Fault,0.9637791364163036,2.480208479564591,718.0,0.2501639647193939,0.00024359900287357046,6694.046057256775,1.019088217964857,2.390373186567155,0.1436,907.8519002452415,1
Shale,8.453920511894774,969.3478860660672,None,0.387364837,3.824413535932103,2214.0,0.3362330512969519,0.00039772440588229773,8194.789977175764,1.060038314747406,1.4814433259669328,0.4428,437.8265068049084,0
Limestone,11.51373767720542,81.12750010591226,Anticline,0.6497996268787427,1.7802085535151224,2741.0,0.08334998570042028,7.239177062843309e-05,934.0807546269286,1.0748525043845978,1.1567788538404729,0.5482,29.597774573481306,1
Shale,29.18884904856125,246.6520355929545,Fault,0.2891012538584304,3.3114695713298614,2837.0,0.09127745336404351,3.127134379714184e-05,7199.489034443105,1.0775733116567499,0.957350005185502,0.5674,86.94114754774567,0
Shale,25.993531897471247,522.3014017250023,None,0.9993529298700328,2.004006154310116,1583.0,0.14075297950381513,5.414923222400113e-05,13576.45814583279,1.042568989913182,2.0027094217873915,0.3166,329.94403141187763,0
Limestone,8.665182434325406,261.8657205140944,Fault,0.4785086131694892,3.769249865,2837.0,0.1726156302139853,0.00019920599655259724,2269.1142415506965,1.0775733116567499,1.8036185255904345,0.5674,92.30374357211645,0
Shale,14.722950201370814,488.2311494470541,None,0.663714165,4.808757459,2868.0,0.18081937701381048,0.0001228146360210978,7188.20290006701,1.0784533759235042,3.191640441587707,0.5736,170.23401305685292,0
Sandstone,14.082955585116128,383.98764562686114,Anticline,0.5183307870098315,2.5658539647403695,2741.0,0.1639613060583296,0.00011642535195638591,5407.6809585963965,1.0748525043845978,1.3299611048961721,0.5482,140.09034864168592,0
Shale,12.432251931554854,544.6379720770694,Fault,0.5860059530346196,3.104012608865764,4945.0,0.20783022388507022,0.0001671702158460665,6771.076480353265,1.1390848231344506,1.8189698670898578,0.989,110.1391247880828,0
Shale,28.445955202292023,393.0594329836394,None,0.766172589,3.555098481856332,3247.0,0.11672086539371956,4.1032499898022346e-05,11180.95102249091,1.0892711593751752,2.723819007993835,0.6494,121.0531053229564,0
Shale,11.335730392212897,793.2789613,None,0.500169229,3.4746068231993066,4469.0,0.26267446852649723,0.00023172257934693118,8992.396431111489,1.1248951486691314,1.7378914158377368,0.8938,177.5070398970687,0
Shale,14.082955585116128,383.98764562686114,Dome,0.500169229,2.638647166213336,2800.0,0.1639613060583296,0.00011642535195638591,5407.6809585963965,1.07652385244407,1.3197701187279594,0.56,137.13844486673614,0
Sandstone,14.082955585116128,383.98764562686114,Dome,0.3829474086980963,1.3837378218676295,2800.0,0.1639613060583296,0.00011642535195638591,5407.6809585963965,1.07652385244407,0.5298988132017567,0.56,137.13844486673614,1
Shale,9.47991423375682,877.497146,Anticline,0.0406720183701149,2.4308223287419843,2741.0,0.3020997043654323,0.00031867345728687303,8318.597684446386,1.0748525043845978,0.09886645040907947,0.5482,320.1375943086465,1
Limestone,8.841445405694063,384.0091425830898,Anticline,0.5729484736974183,2.5658539647403695,4272.0,0.20693730812896255,0.00023405370800083308,3395.195869435776,1.1190743739407933,1.4701021128284641,0.8544,89.88978056720266,0
Shale,10.89967716258672,383.99947798851065,None,0.500169229,4.695290091185742,1869.0,0.18637521080471903,0.00017099149637610765,4185.470340676591,1.050450980975126,2.3484396248397124,0.3738,205.4571845845429,1
Limestone,21.17868709740021,85.64395461,Anticline,0.4785086131694892,2.5658539647403695,4896.0,0.06314347623543146,2.9814632014268075e-05,1813.826516469136,1.137615894996605,1.2277832222633498,0.9792,17.492637787990194,0
Shale,14.082955585116128,439.0014051165637,Dome,0.6214293786195046,3.5392960013681933,2800.0,0.17531363653435592,0.0001244863945460709,6182.437290060139,1.07652385244407,2.199422514880734,0.56,156.7862161130585,0
Shale,14.082955585116128,383.98764562686114,Dome,0.7765319427707897,0.8689981141671027,2800.0,0.1639613060583296,0.00011642535195638591,5407.6809585963965,1.07652385244407,0.6748047938583328,0.56,137.13844486673614,0
Sandstone,19.77104043297004,646.7841474140112,Anticline,0.6076379946841319,4.318519518889527,1304.0,0.1795951355626009,9.083747320809146e-05,12787.59552992647,1.034936906639369,2.6240965404623147,0.2608,496.0001130475546,1
Limestone,20.28472000360336,712.8294671238639,Fault,0.1939802121060054,3.4968494030073827,4577.0,0.18613925080085983,9.176328328307919e-05,14459.546150925366,1.1280990720821364,0.6783195888981305,0.9154,155.74163581469605,0
Shale,1.1166511370798748,570.6677266,Dome,0.500169229,2.5172534700101785,4003.0,0.7098433987882158,0.006356894962239582,637.2367658026772,1.1111748223270483,1.2590527272925658,0.8006,142.56001164126906,0
Limestone,1.2821881818585412,306.0478603,None,0.5967765959309443,0.4585980766038466,2772.5,0.4851191705145127,0.0037835255181601257,392.4109495597539,1.0757445111603952,0.273680599056122,0.5545,110.38696494138865,0
Sandstone,13.861180285186668,251.64148397749736,Dome,0.4814464104827508,2.638647166213336,2800.0,0.13378907798728976,9.652069681993032e-05,3488.047976644003,1.07652385244407,1.270367206703893,0.56,89.87195856339191,0
Limestone,15.16095769517789,469.8539737464266,None,0.4785086131694892,2.435525839508468,2772.5,0.1748025574243062,0.00011529783338153109,7123.436218880797,1.0757445111603952,1.1654200918016528,0.5545,169.4694224513712,0
Sandstone,2.7427880658512773,384.063199146734,Dome,0.4655147251288725,4.806809000178069,4817.0,0.3715650613524433,0.0013546984033457245,1053.4039591523244,1.135251611013332,2.237640370464884,0.9634,79.73078661962508,0
Sandstone,10.684972223972657,494.3421047112715,Fault,0.9506437849446088,1.1184607166603169,2224.0,0.21357811562120932,0.0001998864490653784,5282.031657980118,1.060317509550868,1.0632577289978233,0.4448,222.27612621909685,1
Limestone,10.362408431450019,917.9295753975318,Fault,0.9942996338040386,2.480208479564591,1060.0,0.2955316350670851,0.0002851958953578238,9511.96117157672,1.0283080639491717,2.466070382988744,0.212,865.9712975448413,1
Limestone,19.283209848548776,246.84804195934865,Fault,0.4785086131694892,2.480208479564591,2837.0,0.11234527914579659,5.826067341908408e-05,4760.022593805494,1.0775733116567499,1.1868011199276598,0.5674,87.01023685560403,0
Sandstone,27.695219658577944,579.8689708294411,Dome,0.4814464104827508,2.638647166213336,2087.0,0.14367862926903652,5.187849420957217e-05,16059.598520314898,1.0564989296585925,1.270367206703893,0.4174,277.848093353829,1
Shale,19.60150495436042,350.50038585476403,Anticline,0.870632349,1.203705690578099,959.0,0.1327789377586341,6.773915475765395e-05,6870.335049837396,1.025576598224888,1.0479851128926774,0.1918,365.4852824345819,0
Sandstone,12.06921124147116,313.1758378,Fault,0.2506620347114671,2.480208479564591,2692.0,0.15995003068227673,0.0001325273271650682,3779.785342132909,1.0734664082347258,0.6216941039962944,0.5384,116.33574955423477,0
Shale,3.1368859426302453,384.0569983758803,Anticline,0.500169229,2.5658539647403695,2226.0,0.3474386474902181,0.0011075909479797486,1204.742999374066,1.0603733573351204,1.2833611992707838,0.4452,172.53234428386358,0
Shale,22.95581501263176,828.0007784591264,Dome,0.500169229,2.638647166213336,2800.0,0.18858131614567114,8.214969324413079e-05,19007.432700622798,1.07652385244407,1.3197701187279594,0.56,295.7145637354023,0
Limestone,14.082955585116128,273.7389835444917,Anticline,0.4785086131694892,3.9775522997271953,2741.0,0.13843664587744547,9.830084675105785e-05,3855.053947171911,1.0748525043845978,1.9032930347515729,0.5482,99.86829023877844,0
Sandstone,25.80759859199113,116.20371420463896,Anticline,0.3729853880830148,0.067597601,799.0,0.06662939276516738,2.5817742215598654e-05,2998.93881109178,1.0212643671375568,0.025212917442465788,0.1598,145.43643830367827,0
Sandstone,5.65155028,384.02980971290117,Fault,0.7210502516015632,1.714320289729312,3670.0,0.2588381688588849,0.00045799498550844507,2170.3637786112936,1.1014730219385167,1.2361110762349852,0.734,104.64027512613112,1
Limestone,11.085096493179604,383.9986990243058,Dome,0.4785086131694892,2.638647166213336,3620.0,0.1848097100319148,0.00016671908101623096,4256.662631939862,1.1000236276149382,1.2626153961483462,0.724,106.07698868074745,0
Sandstone,3.304268487568993,569.4979312438476,None,0.2833371392753103,0.9194801126250696,3491.0,0.41222854284666754,0.0012475637025184693,1881.7740679447786,1.0962929920492634,0.2605228647317273,0.6982,163.133179960999,0
Limestone,23.738528774900505,92.2625115010702,Fault,0.4785086131694892,0.5507681978981344,2837.0,0.06190352565674368,2.607723766023623e-05,2190.1762841127434,1.0775733116567499,0.2635473265540951,0.5674,32.52115315511815,0
Limestone,3.790694439435318,175.53388345673685,None,0.4785086131694892,4.426084646661868,1254.0,0.21367353722998864,0.0005636791375403463,665.3953159519396,1.033575065134522,2.1179196260449396,0.2508,139.97917341047597,0
Sandstone,8.513938291246475,384.0108856924211,None,0.4814464104827508,2.4443392314482524,2772.5,0.2108803757968584,0.00024768840057682006,3269.444983952177,1.0757445111603952,1.176818348982927,0.5545,138.50708230565232,1
Sandstone,15.603462435071837,706.9770120094184,Dome,0.2108169179536846,3.958404384285661,4367.0,0.21135951537490377,0.00013545680406153437,11031.289249348292,1.1218775766818478,0.8344986123094555,0.8734,161.8907744468556,0
Sandstone,25.54782957912657,383.9601438342836,None,0.4814464104827508,0.3070872082191006,2772.5,0.12172946566892634,4.7647674058536614e-05,9809.348319855204,1.0757445111603952,0.14784603410225508,0.5545,138.4887804632222,0
Sandstone,22.452190332151137,296.9735661185149,None,0.5064113070221608,2.5192339210664825,2772.5,0.1141981813179683,5.0862824351902334e-05,6667.707030110567,1.0757445111603952,1.2757685426618404,0.5545,107.11400040343189,0
Shale,0.4299271760100376,384.14879787650096,Fault,0.500169229,3.2067048074499827,3069.0,0.938603000644418,1.2445644123932362,165.1560078386948,1.0841770637704389,1.6038950711728515,0.6138,125.17067379488465,0
Sandstone,10.715122950447551,956.840027684122,None,0.4814464104827508,2.4443392314482524,2331.0,0.2967226754282002,0.0002769195246759223,10252.658540545006,1.063309500782748,1.176818348982927,0.4662,410.4847823612707,0
Sandstone,28.618102575792264,437.6871494662724,Dome,0.4814464104827508,3.293243485749013,2585.0,0.12279795319602815,4.290918759229747e-05,12525.775739531904,1.0704458370098928,1.5855202550595642,0.517,169.31804621519242,1
Shale,8.683226849046248,384.0099764665308,Dome,0.9062964019071608,2.638647166213336,2773.0,0.20881434401419813,0.00024048012063295797,3334.445737955798,1.07575867596486,2.3913964326416726,0.5546,138.48178018987767,0
Sandstone,10.262739833612258,384.0022585905033,Fault,0.3153253553801459,0.9735184114309614,693.0,0.19207236227429833,0.00018715505351234562,3940.915275433833,1.0184175038967405,0.306975039053583,0.1386,554.1158132619096,0
Shale,15.395100489916931,383.98353196147434,Fault,0.3955388763611394,2.480208479564591,2859.0,0.15681755688733806,0.00010186198978697554,5911.465061020127,1.078197799375782,0.9810188751483482,0.5718,134.30693667767554,0
Limestone,10.914289234228004,792.2525464579122,Anticline,0.4355362434191665,0.060485437,2741.0,0.2675246106381502,0.00024511409299945395,8646.873438595314,1.0748525043845978,0.026343600012546663,0.5482,289.03777689088366,0
Shale,26.85229677485535,39.57798900663864,Dome,0.4643326526180342,0.5349090381602806,3881.0,0.03812113219147199,1.4196600205599115e-05,1062.7599065582233,1.1076105298587222,0.24837573259832435,0.7762,10.197884309878546,0
Sandstone,15.802778630766458,383.9823250567341,Fault,0.4814464104827508,2.292062615277292,2163.0,0.15478131671104747,9.794563369362364e-05,6067.987680998577,1.0586155643714308,1.1035053187269583,0.4326,177.52303516261404,0
Shale,13.097451652254732,126.25584744780402,Dome,0.8310462473761965,4.726615760501448,2800.0,0.09749043242398688,7.443465722372326e-05,1653.629857762062,1.07652385244407,3.9280362905539157,0.56,45.09137408850144,0
Limestone,12.521748720183009,822.9272647503581,None,0.4785086131694892,2.435525839508468,2772.5,0.25455280180395085,0.00020328854019698814,10304.4884241915,1.0757445111603952,1.1654200918016528,0.5545,296.8177690713645,0
Limestone,1.032096253603747,200.44899331406705,Fault,0.4785086131694892,4.043754849220164,2301.0,0.4375941293844016,0.004239857744434825,206.88265503809114,1.0624697740360458,1.9349715248977377,0.4602,87.1138606319283,0
Shale,9.934394674924494,306.0205731342331,Dome,0.500169229,1.9520006589287289,3391.0,0.17427466448924767,0.00017542554950945941,3040.129152162067,1.093409734128668,0.9763306645838744,0.6782,90.24493457217136,0
Limestone,4.320096717594664,384.0422169819959,Dome,0.9242439343437908,2.638647166213336,1409.0,0.29605499797862445,0.0006852971526606503,1659.0995210016983,1.0378026172837536,2.4387536382461086,0.2818,272.5636742242696,1
Shale,10.829446943257908,383.9997764979847,Dome,0.500169229,2.638647166213336,2734.0,0.18697863928125577,0.00017265760685744263,4158.505205807821,1.0746543811247504,1.3197701187279594,0.5468,140.45346616605147,0
Sandstone,14.082955585116128,383.98764562686114,Anticline,0.9269103978785692,2.5658539647403695,2741.0,0.1639613060583296,0.00011642535195638591,5407.6809585963965,1.0748525043845978,2.3783167193558,0.5482,140.09034864168592,1
Shale,29.32268843141244,553.7803387503477,None,0.500169229,2.5005076870000003,2772.5,0.13645722069010857,4.653639484977319e-05,16238.328332618483,1.0757445111603952,1.2506770019153635,0.5545,199.74042876477824,0
Sandstone,14.082955585116128,956.2897099137977,None,0.3429296093981834,2.0287888281945503,2772.5,0.2587482877583708,0.00018373152297081332,13467.385511219598,1.0757445111603952,0.6957317604041553,0.5545,344.91964289045904,0
Sandstone,9.472302074521114,384.00595978485467,Dome,0.4814464104827508,4.141990597492408,2552.0,0.19992672907745862,0.0002110645622411342,3637.42044949855,1.0695159749638643,1.9941465054160241,0.5104,150.47255477462957,0
Shale,5.706837924604127,897.9854943867174,Anticline,0.500169229,0.6555861793344064,2741.0,0.39388236727494674,0.0006901937158172749,5124.657675110505,1.0748525043845978,0.32790403386074585,0.5482,327.6123657011008,0
Shale,14.082955585116128,383.98764562686114,Dome,0.9408571368674034,3.332393455465464,2800.0,0.1639613060583296,0.00011642535195638591,5407.6809585963965,1.07652385244407,3.1353061654249093,0.56,137.13844486673614,0
Limestone,11.295203853550731,383.99783193989504,None,0.2713906837663202,1.4721155014854053,4333.0,0.18308256890131105,0.00016208876906967704,4337.3337910826285,1.120873519258755,0.3995184325311235,0.8666,88.62170134777176,0
Limestone,25.88767180532967,45.66222448744309,Anticline,0.4785086131694892,2.5658539647403695,2741.0,0.04170246085918146,1.6109003997260152e-05,1182.0886814322146,1.0748525043845978,1.2277832222633498,0.5482,16.658965518950417,1
Shale,24.469966224439013,383.96213422193784,Anticline,0.500169229,3.459624512061011,2741.0,0.12438189284393786,5.083043094669796e-05,9395.540455874338,1.0748525043845978,1.7303977248270572,0.5482,140.08104130679965,0
Limestone,8.869636248374558,784.6237085015855,Dome,0.1212268693402295,2.047479249,2476.0,0.2953299261374218,0.0003329673482286759,6959.326886259736,1.0673775455710488,0.2482094993953542,0.4952,316.8916431751153,0
Limestone,9.573704694613877,259.39121229714124,Fault,0.066665551,4.151481556346238,2837.0,0.16344335325962453,0.00017072111421148912,2483.334866910726,1.0775733116567499,0.2767608054201595,0.5674,91.43151649529123,0
Shale,10.936059122691473,383.99932410460457,Dome,0.996271567803204,4.964540960260568,3106.0,0.18606489976277074,0.00017013889343072455,4199.43931148152,1.0852339837868112,4.946031005902021,0.6212,123.63146300856555,0
Shale,14.082955585116128,154.90759120778733,Fault,0.500169229,3.5919524480180725,2837.0,0.10414036455915288,7.39478044432774e-05,2181.5567267765946,1.0775733116567499,1.7965840865298621,0.5674,54.60260529002021,0
Sandstone,20.650152346396943,383.96997121713815,None,0.4814464104827508,2.9021493180937923,2763.0,0.13539937157738163,6.556821921025984e-05,7929.038402075552,1.075475415310006,1.3972293718812192,0.5526,138.96850206917776,1
Sandstone,10.11908509402459,384.0029095623863,Dome,0.9006272945948973,1.5791062814177952,2800.0,0.1934310910934586,0.0001911547232740254,3885.7581182148165,1.07652385244407,1.4221862181111176,0.56,137.14389627228084,1
Sandstone,16.32089895883727,448.0614567206536,Fault,0.4814464104827508,2.480208479564591,2837.0,0.1645229178711264,0.00010080505876916925,7312.765762487225,1.0775733116567499,1.1940874697352533,0.5674,157.9349512586019,0
Sandstone,14.082955585116128,887.2194060061518,Dome,0.4228233628899209,0.5750605471626857,2800.0,0.24922881899207472,0.00017697195555702632,12494.671489037748,1.07652385244407,0.24314903441664473,0.56,316.86407357362566,0
Shale,10.681314836334376,596.789033,Anticline,0.2033059710029396,0.2594040328524033,2211.0,0.23470789949232446,0.00021973689858286371,6374.491552344546,1.0599545706427644,0.0527383887811363,0.4422,269.9181515151515,1
Shale,15.031207109538103,930.5471143717044,Dome,0.8894114309537064,3.4501455671091144,4037.0,0.24705969561258018,0.0001643645076620677,13987.24640130413,1.1121701918397917,3.0685989058411045,0.8074,230.50461094171524,0
Limestone,14.082955585116128,340.48719764877546,Fault,0.3321070115377964,3.646607037419468,2837.0,0.15439496621213472,0.00010963250240972877,4795.066081788362,1.0775733116567499,1.2110637654500769,0.5674,120.01663646414362,0
Sandstone,23.445169432265462,383.9641096662124,Dome,0.1020298946414903,2.638647166213336,2958.0,0.12707153494443738,5.4199452604322125e-05,9002.103607033307,1.0810124757809383,0.2692208923648136,0.5916,129.80531090811778,0
Shale,25.076652243787272,383.96100337602803,Dome,0.3534145645002842,3.002553612120741,4420.0,0.12286789796044868,4.89969301986429e-05,9628.456556836285,1.1234445190913804,1.0611461772164068,0.884,86.86900528869413,0
Limestone,15.49882775562826,285.57127482979894,Anticline,0.7345201578474331,3.8388578509673614,2741.0,0.13478373355719636,8.696382441455991e-05,4426.020000542234,1.0748525043845978,2.819718474646404,0.5482,104.18506925567272,1
Limestone,24.874519208524195,7.778767423850764,Fault,0.4932921760875567,2.480208479564591,2837.0,0.017559320016963087,7.059159563954797e-06,193.4930997032181,1.0775733116567499,1.2234674380352275,0.5674,2.7418989862004803,0
Shale,14.082955585116128,383.98764562686114,Dome,0.4736018014946844,2.638647166213336,2800.0,0.1639613060583296,0.00011642535195638591,5407.6809585963965,1.07652385244407,1.2496680514274798,0.56,137.13844486673614,0
Sandstone,0.6734774529397403,95.97005813380343,Anticline,0.4814464104827508,1.419323836574264,1965.0,0.37483142728887525,0.18172978445285398,64.63367031043273,1.0531100199189976,0.6833283664312858,0.393,48.83972424112134,0
Sandstone,16.23611297313895,70.06420248167188,Fault,0.4814464104827508,2.480208479564591,1696.0,0.06522839722335512,4.0174885042540095e-05,1137.5703068653072,1.0456761110108643,1.1940874697352533,0.3392,41.311440142495215,1
Sandstone,0.9696979597827092,924.9575608244246,Fault,0.4814464104827508,3.703474726680034,3576.0,0.9697779617380852,0.03030454019415966,896.9294596170357,1.0987497383400315,1.783024613473689,0.7152,258.65703602472723,1
Shale,23.532169968252003,684.5444821771375,Fault,0.1384050028670275,3.809813003978432,655.0,0.16935557467077694,7.19676829205551e-05,16108.817105421454,1.017398863845833,0.5272971797384736,0.131,1045.106079659752,0
Limestone,21.8763284550256,344.0100330296359,None,0.7439939006792845,3.284828484946578,2772.5,0.12451680969161025,5.6918513519120835e-05,7525.676474380521,1.0757445111603952,2.443892357577829,0.5545,124.07936267976048,0
Limestone,18.61670541070376,382.9438384,Anticline,0.310026016,2.5658539647403695,4551.0,0.14241173511763944,7.649674417459449e-05,7129.152628336946,1.1273269241752228,0.7954814823262613,0.9102,84.14498756317293,0
Sandstone,17.394160355003883,383.97789446168696,None,0.3999086299604406,0.4740782316532121,2772.5,0.14753023179085673,8.4815954768645e-05,6678.973069043341,1.0757445111603952,0.18958797611450443,0.5545,138.4951828536292,0
Sandstone,28.402681055211097,383.95525256931813,Fault,0.332900846,4.250752488553203,2350.0,0.11544902942710902,4.064722946495481e-05,10905.358578199364,1.0638416709597405,1.4150790995759663,0.47,163.3852138592843,0
Limestone,22.209091796972523,567.3323357967859,Anticline,0.4785086131694892,2.5658539647403695,2537.0,0.15870222558423025,7.145822397197894e-05,12599.935925101658,1.0690935774616273,1.2277832222633498,0.5074,223.62330934047532,0
Shale,4.064835567865344,232.61331139341632,Anticline,0.4296014141676469,2.5658539647403695,2741.0,0.23753381225882758,0.0005843626594311881,945.5348617108955,1.0748525043845978,1.1022944918001263,0.5482,84.8643967141249,0
Shale,14.082955585116128,383.98764562686114,Anticline,0.1353010722340201,2.5104516840801745,2741.0,0.1639613060583296,0.00011642535195638591,5407.6809585963965,1.0748525043845978,0.3396668046477491,0.5482,140.09034864168592,1
Shale,16.558090831813995,768.6794525591581,None,0.2486141190217397,1.745842357065219,2772.5,0.21394254307458083,0.00012920725296633893,12727.864196023596,1.0757445111603952,0.4340410595526069,0.5545,277.25138054433114,0
Shale,1.078972686402384,384.10629214195956,Anticline,0.8586454671624839,2.851774095756156,4409.0,0.5924478576727427,0.00549085129900869,414.44019789646904,1.1231191247515415,2.448662900692415,0.8818,87.11868726286222,0
Limestone,14.082955585116128,440.6875688497801,Anticline,0.3309519189566503,2.493585681040025,2741.0,0.17564999558239558,0.00012472523577936653,6206.183459024259,1.0748525043845978,0.8252569662230221,0.5482,160.77620169638092,0
Shale,10.422344238513777,384.00154594495353,Fault,0.039467563,1.7603738647282348,1279.0,0.19059584457825055,0.0001828723367953441,4002.19629995977,1.0342557617388004,0.06947766640971507,0.2558,300.23576696243435,0
Sandstone,11.206208889428863,289.7173284,None,0.50699297,3.712557665697432,2883.0,0.15965683920518978,0.00014247176791055415,3246.632900937661,1.0788794714701173,1.8822406372282081,0.5766,100.49161581685743,0
Sandstone,9.290066112038776,931.1279718563128,None,0.6934508410975411,4.963505811452561,2365.0,0.31435830068970994,0.0003383811233402747,8650.240417313727,1.0642619934404496,3.441947279744311,0.473,393.71161600689754,1
Shale,15.846798231814708,424.5133186376879,Fault,0.500169229,4.792967568576476,905.0,0.1625191506820831,0.00010255645860108369,6727.176907169506,1.0241191884410348,2.3972948933969005,0.181,469.07549020739,0
Sandstone,13.789524589787174,383.9886179446205,None,0.4814464104827508,4.308848550851969,2772.5,0.1656968212523752,0.00012016137334792086,5295.020489345737,1.0757445111603952,2.0744796681214828,0.5545,138.49905065631037,0
Sandstone,10.386450691229998,265.9622678832426,Dome,0.5726341090497714,4.304319810844343,1148.0,0.15889348116660607,0.00015298150050504825,2762.403981097003,1.0306938847524012,2.4648003399481313,0.2296,231.67444937564687,1
Limestone,16.76859720811131,383.97958575122715,Fault,0.9622686816769364,2.480208479564591,2837.0,0.1502572200330474,8.960631480870978e-05,6438.799009599765,1.0775733116567499,2.3866269439145777,0.5674,135.34705172760914,0
Shale,24.99574979356362,980.8625248556746,None,0.2678743160746692,1.8036229482240076,1835.0,0.19669831279961386,7.8692703529247e-05,24517.394253175516,1.0495108488903375,0.4831442637120846,0.367,534.5299862973703,0
Shale,11.397693430434808,383.9974148158339,Anticline,0.7704321954012339,1.681129864960496,4676.0,0.18225745965429957,0.00015990731876295664,4376.68481215038,1.131044017659568,1.2951965726160948,0.9352,82.12091848071725,1
Limestone,11.021639642576178,846.1574199739995,None,0.1534970018257051,2.300636083333971,3402.0,0.2751263128310337,0.0002496237599424238,9326.042163845412,1.0937265209509819,0.3531407410837976,0.6804,248.72352145032318,0
Sandstone,10.34359604634586,384.0018961869697,Dome,0.6530559079950671,1.983595582753925,991.0,0.1913200813145607,0.00018496476511391743,3971.960495188853,1.0264412269650194,1.2953988143903685,0.1982,387.4892998859432,1
Shale,29.423814162437544,275.41280649342934,None,0.698509882,3.095529646,2772.5,0.09606655766389126,3.264925380970149e-05,8103.695236218037,1.0757445111603952,2.1622580477549618,0.5545,99.33735130511428,0
Limestone,27.21746833069217,916.8897714967017,None,0.2060702524206228,1.6182107572618685,3751.0,0.18224866213577406,6.696018157216287e-05,24955.418318447057,1.1038250946670478,0.3334650992187204,0.7502,244.43875539768106,0
Sandstone,27.950939210435063,158.5459176382324,Anticline,0.4814464104827508,2.5658539647403695,4617.0,0.07478404933476016,2.675546920685966e-05,4431.5073059688775,1.129288024775805,1.2353211811471856,0.9234,34.33959662946337,1
Limestone,16.47805480045328,72.32979988582005,Fault,0.4785086131694892,2.480208479564591,3284.0,0.06578627685995146,3.992356965467903e-05,1191.854406224362,1.0903330454176605,1.1868011199276598,0.6568,22.024908613221697,0
Shale,10.362135543996466,809.9885310443909,Anticline,0.7992387569371213,3.320904109011804,1059.0,0.27761597186257175,0.0002679138587638093,8393.210947764568,1.0282809841085252,2.6541952719939728,0.2118,764.8616912600481,0
Limestone,14.082955585116128,383.98764562686114,None,0.0410046886947824,1.1230140660843473,2772.5,0.1639613060583296,0.00011642535195638591,5407.6809585963965,1.0757445111603952,0.046048842179650454,0.5545,138.49869995558564,0
Shale,11.06108772011884,720.2692418016916,Dome,0.3317464916810625,3.445908795,2800.0,0.25338340292518113,0.00022907638863066426,7966.961265671998,1.07652385244407,1.1431681533941676,0.56,257.2390149291756,0
Limestone,12.034439084753926,847.7214790543925,None,0.4785086131694892,1.684145016576144,2772.5,0.2635380421391302,0.0002189865603898388,10201.852500517587,1.0757445111603952,0.8058778962581571,0.5545,305.76067774730114,0
Shale,14.382473958813058,383.98667381441265,Anticline,0.500169229,1.7194021306032576,2741.0,0.16224485220553223,0.00011280733250075831,5522.678336667034,1.0748525043845978,0.8599920380047887,0.5482,140.08999409500643,0
Limestone,26.936943143227563,647.8602496438361,Dome,0.9034554360782217,3.141786149142841,2800.0,0.1539912911221087,5.716732232878655e-05,17451.37470941323,1.07652385244407,2.838463775438362,0.56,231.37866058708434,1
Shale,14.082955585116128,383.98764562686114,Dome,0.500169229,2.638647166213336,2800.0,0.1639613060583296,0.00011642535195638591,5407.6809585963965,1.07652385244407,1.3197701187279594,0.56,137.13844486673614,0
Shale,8.787756102093686,384.00942386525395,Anticline,0.500169229,3.668761247083041,561.0,0.20756856927191106,0.00023620201432588434,3374.5811578333664,1.0148834453255022,1.8350014843386033,0.1122,684.5087769434116,1
Sandstone,25.48409704750987,765.7828057452165,None,0.089286252,0.5173568635338965,2772.5,0.17212653582922677,6.754272498191016e-05,19515.283338925496,1.0757445111603952,0.0461928552914171,0.5545,276.2066026132431,0
Shale,20.179330305803703,162.86039394807526,Fault,0.2064088676918952,2.480208479564591,4354.0,0.08920393529154913,4.4205597480057855e-05,3286.413683211525,1.1214935662141916,0.5119370239067642,0.8708,37.40477582638384,0
Limestone,10.500585781014992,384.00120056772266,Dome,0.4785086131694892,3.1895086452465966,1563.0,0.18988435145842741,0.0001808321510993581,4032.2375465741147,1.0420200194036147,1.5262073585290454,0.3126,245.68215007531842,1
Sandstone,11.067303495921495,216.2539633164621,Fault,0.3330746796251973,0.6543053316233027,3559.0,0.1388004186485766,0.00012541484807001733,2393.34824421916,1.0982579490390187,0.21793253870749005,0.7118,60.76256344941334,0
Sandstone,24.54923453025909,578.9038774,Fault,0.4814464104827508,2.480208479564591,2837.0,0.15248035689740794,6.211206166508472e-05,14211.647056768956,1.0775733116567499,1.1940874697352533,0.5674,204.05494444836094,1
Sandstone,26.238173835094976,383.95891269129186,None,0.4814464104827508,4.022539388416134,2772.5,0.12011720611975839,4.5779560298169504e-05,10074.38069672817,1.0757445111603952,1.9366371495784274,0.5545,138.48833640804034,0
Sandstone,10.237635821463158,311.5192709264672,None,0.4814464104827508,2.4443392314482524,600.0,0.17320972360603554,0.00016918918256781718,3189.220847112887,1.015926320664467,1.176818348982927,0.12,519.1987848774453,0
Limestone,23.55569653268524,417.9697406,None,0.8089092960897761,1.7946252394105957,2772.5,0.13226778889738386,5.6151083757533005e-05,9845.56836941877,1.0757445111603952,1.4516890391565709,0.5545,150.75554214607754,1
Shale,6.487515845595867,384.0234388771773,Fault,0.3670827470872466,1.3341088336952978,2837.0,0.24158462895530383,0.00037238387497628484,2491.3581447959036,1.0775733116567499,0.4897283355862325,0.5674,135.36250929755982,0
Shale,10.780221227945685,906.1913521941392,None,0.500169229,3.541772195714848,2561.0,0.2878894619737492,0.00026705338961639324,9768.943251504064,1.0697694935675686,1.7714854684243326,0.5122,353.8427771160247,0
Sandstone,21.94813021558405,79.63020822542266,Dome,0.9534019462519872,2.144825398,4357.0,0.05980945013332973,2.7250362352444323e-05,1747.7341792256489,1.1215821723461572,2.044880708823893,0.8714,18.276384720087826,1
Sandstone,20.986027728465714,383.96922621493684,Fault,0.4814464104827508,1.735872531681445,2837.0,0.134311356758033,6.400037134033295e-05,8057.988828224189,1.0775733116567499,0.8357295994336368,0.5674,135.343400146259,0
Sandstone,21.16845914352879,164.8667007,Fault,0.4814464104827508,2.480208479564591,4899.0,0.08762973496128487,4.1396369176957e-05,3489.9740178963393,1.1377057749095665,1.1940874697352533,0.9798,33.65313343539498,1
Limestone,11.026865411851846,904.449985910064,None,0.4785086131694892,2.435525839508468,3420.0,0.284377930444416,0.00025789553043674787,9973.248266381574,1.0942450973728683,1.1654200918016528,0.684,264.45906020762106,0
Shale,17.43963059,490.86767713002223,None,0.6656975480739203,3.379675819259852,2772.5,0.16658781237849674,9.55225579571733e-05,8560.550957718979,1.0757445111603952,2.2498419061660018,0.5545,177.04875640397555,0
Limestone,11.44702529993198,383.997215374752,Fault,0.8036119429560182,4.085546976,4840.0,0.18186426185283866,0.00015887469197252438,4395.625839498215,1.1359394393705737,3.2831943434214446,0.968,79.33826763941157,1
Shale,10.541869680641987,384.0010193664124,Fault,0.500169229,0.5144312266102558,1712.0,0.18951213099681774,0.00017977089144330675,4048.088703394399,1.0461168051246699,0.25730266998717594,0.3424,224.29966084486705,0
Sandstone,2.935710081493501,654.9773938911782,Fault,0.5318080088386673,3.481091987625151,1710.0,0.4690144480116627,0.0015976184125547513,1922.8237383966716,1.0460617082050505,1.8512725985231704,0.342,383.0277157258352,0
Sandstone,1.4959372948253655,152.09209480881904,None,0.4814464104827508,0.1224305535934533,3506.0,0.316611200201003,0.0021164737405518315,227.52023687262778,1.0967261360053433,0.05894375056098414,0.7012,43.38051762944069,0
Sandstone,10.560497475056348,384.000937838428,None,0.5806958197501985,4.445123899330181,1347.0,0.18934489570937302,0.0001792954320159645,4055.2409344619887,1.036109525379508,2.581264866612738,0.2694,285.0786472445642,0
Sandstone,7.608468829156925,468.7493784918812,Fault,0.4814464104827508,2.480208479564591,2837.0,0.24646279409383098,0.0003239321861309917,3566.4650349421595,1.0775733116567499,1.1940874697352533,0.5674,165.2271337652031,1
Shale,26.232436625894355,323.9220717424122,Dome,0.1786214070296019,0.1452952095298121,3178.0,0.11033939608349215,4.206219866536332e-05,8497.265218711233,1.0872936472293668,0.025952834760875856,0.6356,101.92639136010453,0
Limestone,6.662465646269695,384.02220998162215,Dome,0.0157200103034498,2.638647166213336,1613.0,0.238391259421931,0.00035781236568987936,2558.5347814071247,1.0433929880047104,0.04147956064004226,0.3226,238.07948541948056,0
Shale,14.082955585116128,334.178841309204,Fault,0.500169229,2.758455230542178,2837.0,0.152958007517774,0.00010861214934131505,4706.225779643091,1.0775733116567499,1.3796944258912984,0.5674,117.79303535749172,0
Shale,10.58582456576165,384.0008272201499,Dome,0.500169229,4.577968765088397,1870.0,0.18911822447287785,0.00017865233199174107,4064.965390059858,1.0504786446639538,2.289759107620346,0.374,205.34803594660423,1
Limestone,17.928395727973815,570.8874573725731,Fault,0.055606514,4.6772383399312565,1881.0,0.1771879501771144,9.883090091582855e-05,10235.096251912271,1.050782993327922,0.2600849192307242,0.3762,303.50210386633336,0
Shale,22.95480986450299,281.4290327221294,None,0.500169229,3.317943894989165,4623.0,0.10994544645545591,4.789647446632702e-05,6460.149936487472,1.1294664757265207,1.6595334398219879,0.9246,60.875845278418645,0
Sandstone,20.74248172539456,568.2091794754464,Fault,0.5468365102699866,2.480208479564591,2837.0,0.16434383335229416,7.92305547272541e-05,11786.068521470883,1.0775733116567499,1.3562685497071303,0.5674,200.28522364309,0
Sandstone,25.095926722827105,429.89202062566864,Dome,0.060649991,1.1529971742509155,4615.0,0.1299594070943364,5.1785059993869884e-05,10788.538648349859,1.1292285473912307,0.06992926824134346,0.923,93.151033721705,0
Sandstone,6.3613454814892325,773.5029464441483,None,0.2692561825989814,1.807768547796944,2772.5,0.34624709867889647,0.0005442985288040633,4920.5194732810905,1.0757445111603952,0.48675285820230935,0.5545,278.99114389329065,0
Limestone,10.831158220682578,125.38074911132657,None,0.674760834,2.857579605117881,2740.0,0.10683354219907394,9.863538138984116e-05,1358.0187314524846,1.0748241988256337,1.928182797570732,0.548,45.75939748588561,0
Limestone,7.314058131305386,689.0787484431924,None,0.4785086131694892,4.220700010325999,2772.5,0.30477888249019686,0.000416702844055467,5039.96202316067,1.0757445111603952,2.0196413085455425,0.5545,248.54057653496568,0
Limestone,21.914774324468983,220.39942643385783,Fault,0.4785086131694892,3.2265326513622448,2837.0,0.09957868267665645,4.543906371213309e-05,4830.003691540398,1.0775733116567499,1.5439236643494227,0.5674,77.68749609935065,0
Limestone,23.296724153556603,884.5335568697931,Fault,0.5320178191119393,4.427311983769185,3125.0,0.19348146901998517,8.305093357533156e-05,20606.73427895984,1.0857771268329375,2.3554088661330357,0.625,283.05073819833376,0
Shale,7.74693059,170.81982320461964,Fault,0.3473450429400172,1.6108775267010071,1911.0,0.14744632403109192,0.00019032870156526332,1323.3293137622597,1.0516134833861241,0.5595303236830701,0.3822,89.3876625874514,0
Sandstone,14.082955585116128,383.98764562686114,None,0.4814464104827508,0.2697373841805611,2772.5,0.1639613060583296,0.00011642535195638591,5407.6809585963965,1.0757445111603952,0.12986409538673785,0.5545,138.49869995558564,0
Limestone,10.813772826821433,383.999843384148,Anticline,0.4785086131694892,3.401180981415556,2679.0,0.18711411541114523,0.0001730331480119922,4152.487071891185,1.073098968555025,1.6274943945556,0.5358,143.3370076088645,1
Limestone,10.25246526977782,80.05016019,Fault,0.9264922163672986,1.7844377332036006,2837.0,0.08773979136010399,8.557921343927204e-05,820.7114871881261,1.0775733116567499,1.6532676704052423,0.5674,28.21648226647867,1
Shale,14.082955585116128,141.8383577,Dome,0.099529784,3.395399402350747,2800.0,0.09965052482075261,7.075966704465815e-05,1997.503291754914,1.07652385244407,0.33794336910969897,0.56,50.65655632142857,0
Sandstone,4.116814398506133,801.207235,None,0.4607004381371572,3.4076486556227747,2772.5,0.4380477312398985,0.001064045373040992,3298.4214812352866,1.0757445111603952,1.5699052286629072,0.5545,288.98367357980163,0
Sandstone,15.385886381309737,825.3897308060912,None,0.4814464104827508,2.439771242905422,2636.0,0.2299841562238927,0.00014947735250617073,12699.352618482348,1.0718844869488544,1.1746191072958547,0.5272,313.12205265784945,0
Sandstone,11.201892793535055,916.9579540948954,Anticline,0.4814464104827508,2.5658539647403695,4018.0,0.2840917703503912,0.0002536105063550947,10271.664697950257,1.1116138460751976,1.2353211811471856,0.8036,228.21253212914272,0
Shale,14.082955585116128,383.98764562686114,Anticline,0.7359748710048278,0.621197369,2741.0,0.1639613060583296,0.00011642535195638591,5407.6809585963965,1.0748525043845978,0.4571856535183134,0.5482,140.09034864168592,0
Shale,14.082955585116128,101.4563974186764,Fault,0.500169229,0.4462773360746147,2837.0,0.08427959923449747,5.984510760196543e-05,1428.8059386731104,1.0775733116567499,0.22321419110461393,0.5674,35.76186021102446,0
Shale,0.548252092,384.1375666628194,Anticline,0.3722702581266772,2.5658539647403695,2741.0,0.8311566611661406,0.6848551758961073,210.6042245386802,1.0748525043845978,0.9551911177692555,0.5482,140.14504438628944,0
Limestone,29.178798132976578,13.375933581852072,Anticline,0.4785086131694892,2.5658539647403695,2741.0,0.021259742507385094,7.2860240543486544e-06,390.29366582496397,1.0748525043845978,1.2277832222633498,0.5482,4.879946582215276,0
Sandstone,13.385113134380894,383.98999247669656,Dome,0.3984034149271385,3.722535183238598,2800.0,0.16818163797573052,0.00012564827527960186,5139.749491770652,1.07652385244407,1.4830707291886787,0.56,137.13928302739163,0
Sandstone,20.00897110461545,383.9714276849324,Fault,0.4814464104827508,2.480208479564591,2837.0,0.13755194123086514,6.874513462570606e-05,7682.873201545754,1.0775733116567499,1.1940874697352533,0.5674,135.34417613145308,0
Limestone,23.717026580734657,157.21723892077364,Dome,0.3569945274592565,2.2494470252847485,1541.0,0.08084433822353362,3.408704626118836e-05,3728.7254344337,1.0414164857055492,0.803040277836159,0.3082,102.02286756701729,0
Sandstone,14.45410327616824,141.69285546123325,Dome,0.3125587034702625,2.638647166213336,857.0,0.09831234326272315,6.801690937466831e-05,2048.0431663318445,1.0228254518471314,0.8247321371871226,0.1714,165.33588735266423,0
Shale,11.021349394686807,383.9989653521686,Dome,0.8063913,3.526456962498972,3401.0,0.18534347014060945,0.00016816767484928858,4232.186764344484,1.0936977183567627,2.8437042143835973,0.6802,112.90766402592433,1
Limestone,8.210953730351129,471.4499055912178,Fault,0.2228068424002851,2.312618157052952,2837.0,0.2379307766442282,0.00028977239972104125,3871.0533609878976,1.0775733116567499,0.5152671492505349,0.5674,166.179029112167,0
Shale,4.543728672012435,18.134529015917487,Anticline,0.985095286,2.924674937723128,3779.0,0.06273018864939416,0.00013805883488551422,82.39837944306572,1.1046393244875583,2.8810834942333967,0.7558,4.798763962931328,1
Shale,18.11232865689769,20.61263911626568,None,0.500169229,4.702424393,2136.0,0.03349726144482107,1.849417713169883e-05,373.3428941598292,1.0578631168259878,2.3520079830776033,0.4272,9.650111945817265,1
Shale,27.70994512648958,680.2985701021107,None,0.500169229,0.5779593019564433,945.0,0.1555828039783861,5.614691882938999e-05,18851.036047158814,1.0251985522113527,0.2890774584529325,0.189,719.8926667747204,0
Sandstone,5.073745879325341,384.03479056890455,Anticline,0.4814464104827508,1.1814680309552272,4320.0,0.27318105455708613,0.0005384208453762985,1948.49493616655,1.1204898524725917,0.5688135426035176,0.864,88.89694226132049,0
Limestone,4.435573135871513,922.7587525726052,Dome,0.4785086131694892,2.638647166213336,2263.0,0.4528963936361884,0.0010210549567394342,4092.963933801356,1.0614070720885922,1.2626153961483462,0.4526,407.75905990835406,1
Limestone,9.123715484041083,780.4790715895575,Fault,0.4785086131694892,3.008512450728965,660.0,0.29041858978559315,0.00031831175609715607,7120.868990431655,1.0175328371988626,1.4395991205014582,0.132,1182.544047862966,0
Sandstone,26.62824988481865,383.958231285842,Dome,0.5752629890508375,2.638647166213336,3448.0,0.11923405866951105,4.4777279462699125e-05,10224.135728012394,1.0950522605670494,1.5179160558864058,0.6896,111.3567956165435,0
Sandstone,10.710326969486472,276.81000240077304,Fault,0.7475283198621373,2.4620780706427348,2314.0,0.1596317125876496,0.00014904466786349054,2964.7256341366146,1.0628335741746193,1.840473083516976,0.4628,119.62402869523467,1
Shale,21.65401264649568,383.96777936269683,Fault,0.047241592,2.480208479564591,885.0,0.13222325557816003,6.10617799743264e-05,8314.4431501667,1.0235799327772124,0.11716899706653074,0.177,433.8618975849682,0
Sandstone,11.198058467776441,383.9982308228029,Dome,0.4814464104827508,1.5581139984177002,4005.0,0.18387508836551206,0.00016420265074935218,4300.034640276461,1.111233348807263,0.7501483916611281,0.801,95.87970807061247,1
Sandstone,7.9526750625610845,924.1578521566728,None,0.2661478042644087,1.6306291572583689,1691.0,0.33849020664575463,0.0004256306261515318,7349.527104716385,1.0455384321766747,0.4339883697738381,0.3382,546.5155837709478,0
Limestone,3.855470053323493,384.0474720750792,Anticline,0.4785086131694892,2.5658539647403695,2741.0,0.31338877470313065,0.0008128419372184805,1480.6835276400584,1.0748525043845978,1.2277832222633498,0.5482,140.11217514596103,1
Limestone,14.510724694403818,256.78844188975177,Dome,0.2651872397711778,2.2075816234387413,1736.0,0.13209087981568168,9.102982972767971e-05,3726.186384967101,1.0467781945597823,0.5854224772892954,0.3472,147.91960938349757,0
Sandstone,6.180170356561197,405.2012770639162,Fault,0.8782066742268435,0.7558584914116273,994.0,0.2542522632357985,0.0004114000886170894,2504.2129209511554,1.0265223232722576,0.6637999719287244,0.1988,407.6471600240606,1
Sandstone,14.082955585116128,383.98764562686114,None,0.4814464104827508,0.380246851,2772.5,0.1639613060583296,0.00011642535195638591,5407.6809585963965,1.0757445111603952,0.18306848151131938,0.5545,138.49869995558564,0
Shale,21.572268615324354,978.5998164645146,Dome,0.5949302374008253,2.638647166213336,1616.0,0.21148730517050077,9.803665480980796e-05,21110.61810767962,1.043475423624113,1.569810985012315,0.3232,605.569193356754,0
Shale,10.911031980099008,38.14355420632357,Fault,0.500169229,3.3664903050984134,3019.0,0.05870935549283432,5.380733518141662e-05,416.1855397798365,1.0827504286639182,1.6838148603370484,0.6038,12.63449957148843,0
Shale,27.979231876619536,145.92032924578314,Anticline,0.500169229,2.5658539647403695,4128.0,0.07170833765359987,2.562913019550117e-05,4082.7387274804337,1.1148386580817582,1.2833611992707838,0.8256,35.348916968455214,0
Limestone,13.652269065611533,383.98907988249573,Anticline,0.4785086131694892,1.4477466154114904,2741.0,0.16652776965670635,0.00012197808939773264,5242.3222368124325,1.0748525043845978,0.6927592251613741,0.5482,140.09087190167665,0
Sandstone,3.494335490200112,384.0520143618944,Dome,0.4814464104827508,4.352391686553109,2800.0,0.3291867696611674,0.0009420582842843051,1342.0065838676107,1.07652385244407,2.09544335450596,0.56,137.16143370067658,0
Limestone,14.082955585116128,431.3865733963386,Fault,0.9012035745643544,0.3694175020979628,2837.0,0.17378650737757032,0.00012340201339642104,6075.197953156075,1.0775733116567499,0.332920373397319,0.5674,152.05730468676015,0
Shale,17.13486895867083,2.583059821873761,None,0.243653999613715,1.730961998841145,4289.0,0.012191481570078934,7.115013017890416e-06,44.26039156021451,1.119575484635802,0.4217558141969957,0.8578,0.6022522317262209,0
Sandstone,11.57818532810782,383.9966892674076,None,0.06576777,0.098781646,1588.0,0.18083110645134784,0.00015618259798653647,4445.9848337178755,1.0427062777245872,0.00649664857434942,0.3176,241.81151717091157,0
Limestone,21.719674927070745,954.2015137742565,Fault,0.4785086131694892,1.0606446359083228,3005.0,0.20812441885797156,9.582298978083304e-05,20724.946694095666,1.0823513073462923,0.5075275937941494,0.601,317.5379413558258,0
Shale,3.1579548744127584,733.8247945825711,Anticline,0.651493311,2.5658539647403695,1130.0,0.4786553075992546,0.0015157129428211465,2317.385587016972,1.0302054260441114,1.6716366950311805,0.226,649.4024730819215,1
Limestone,14.082955585116128,794.2665652568722,Anticline,0.4863202272490264,0.9671225552134628,2741.0,0.23581199033566705,0.00016744495777923916,11185.620761255272,1.0748525043845978,0.47033126082907034,0.5482,289.7725520820402,0
Shale,7.572051448264538,384.0162999461306,Dome,0.4563854888871614,0.2218900378063715,2800.0,0.22361333532751737,0.00029531407288412975,2907.791180164287,1.07652385244407,0.10126739338345159,0.56,137.1486785521895,0
Limestone,14.082955585116128,383.98764562686114,None,0.5247292604295243,2.9096395249036067,2772.5,0.1639613060583296,0.00011642535195638591,5407.6809585963965,1.0757445111603952,1.5267729960191818,0.5545,138.49869995558564,0
Shale,17.365205041067778,192.6442784864096,Fault,0.9735071835735696,2.480208479564591,945.0,0.10458460193949885,6.0226528677410886e-05,3345.307395905065,1.0251985522113527,2.41450077161621,0.189,203.856379350698,0
Limestone,11.116083542799808,644.3824106748322,Fault,0.4785086131694892,0.6880779052404018,3726.0,0.23907027750581758,0.00021506700321685684,7163.00871057217,1.103098610927287,0.3292512041891519,0.7452,172.94213920419543,0
Shale,24.148911911977635,383.9627440573352,None,0.1282821069493315,1.3848463208479944,2979.0,0.12520607685557392,5.184750241002489e-05,9272.282483721801,1.0816104723281674,0.17765100383941068,0.5958,128.88981002260329,0
Shale,18.91344347,96.67211831342732,Anticline,0.6693264127735739,3.748729327226565,2405.0,0.07098963819575199,3.753395742470369e-05,1828.4026448461593,1.065383665459499,2.5091235530516496,0.481,40.19630699103007,0
Sandstone,9.268679702,384.0069633204407,Anticline,0.4136862637390038,3.240241867390344,711.0,0.202111144163308,0.00021805818159807203,3559.2375463548274,1.0189003735127191,1.3404435517314042,0.1422,540.0941818852893,0
Limestone,21.86609413465024,472.068586461577,None,0.4785086131694892,2.435525839508468,2651.0,0.14589707736246996,6.672297140222828e-05,10322.29614958012,1.0723079871358527,1.1654200918016528,0.5302,178.0718922902969,0
Limestone,13.906542536559725,510.2327075925781,None,0.0437256954277978,0.8852640182500948,4625.0,0.1901972403293766,0.000136768172124276,7095.572851680227,1.1295259656429737,0.03870878483519208,0.925,110.3205854254223,0
Shale,10.411919616759858,318.79263166590863,Anticline,0.1308304285735524,2.5658539647403695,1241.0,0.173747427130618,0.00016687357713647755,3319.243255320774,1.0332212799690372,0.3356917738641311,0.2482,256.8836677404582,0
Limestone,10.750039700150213,386.0356786301487,Fault,0.4468154684192543,1.971040774253746,2837.0,0.1881647798592186,0.00017503635810441642,4149.8988709485275,1.0775733116567499,0.8806915068216371,0.5674,136.07179366589662,0
Sandstone,10.884628799843904,1.1850101001473654,Dome,0.1348341514522116,0.078118889,2927.0,0.010360575088849598,9.518537820047826e-06,12.898395064169923,1.0801303231788049,0.010533094110704506,0.5854,0.40485483435167935,0
Shale,16.811968614598282,46.659119813948905,None,0.9012659650033024,3.703797895009907,2772.5,0.052310471403060985,3.1115018474182974e-05,784.4316578968899,1.0757445111603952,3.3381069840233035,0.5545,16.829258724598343,0
Shale,10.217973547925117,384.0024604664454,None,0.500169229,2.5005076870000003,527.0,0.19249270017955725,0.00018838637551439464,3923.7269833843,1.013975145455683,1.2506770019153635,0.1054,728.6574202399344,0
Sandstone,10.913905747383522,16.656701514837053,Fault,0.1449920420027052,1.475186989906396,3029.0,0.03879127464029221,3.554298116381659e-05,181.78967039523192,1.0830356054249124,0.21389037400235245,0.6058,5.4990761026203545,0
Sandstone,24.25073467494221,383.96254977366254,Dome,0.5953577798139739,1.1938823304632096,2800.0,0.12494291426571515,5.152129036107765e-05,9311.373919675381,1.07652385244407,0.7107871336237095,0.56,137.12948206202233,0
Shale,14.082955585116128,383.98764562686114,Anticline,0.500169229,2.5658539647403695,2741.0,0.1639613060583296,0.00011642535195638591,5407.6809585963965,1.0748525043845978,1.2833611992707838,0.5482,140.09034864168592,0
Shale,14.082955585116128,623.5097878,Dome,0.3331831554960268,2.2634213608603453,2800.0,0.20893172068100296,0.0001483578638150481,8780.860648472582,1.07652385244407,0.754133871228561,0.56,222.6820670714286,0
Shale,5.860768825458251,384.0281309353001,Anticline,0.9951813258283256,2.5658539647403695,3592.0,0.25417560839244907,0.00043368987237365597,2250.7000978846063,1.0992128000253212,2.5534899505121866,0.7184,106.91206317797887,0
Shale,10.247088988328253,963.8114070250213,None,0.3720288893702312,4.178043527291367,635.0468213782738,0.30452673429792887,0.0002971836534695796,9876.261255751255,1.0168644006273964,1.5543528931986905,0.12700936427565476,1517.701332530432,0
Shale,12.27676440575388,215.32568098208324,None,0.500169229,0.7620601295525287,2271.0,0.13150298223773538,0.00010711534235853096,2643.502655925555,1.061630710446222,0.3811590274499284,0.4542,94.81535930518858,0
Limestone,0.0403881286969109,384.2580729404912,Anticline,0.4785086131694892,2.171005139887197,2741.0,3.0627692810119163,72.77063473718844,15.519464502747535,1.0748525043845978,1.0388446586712556,0.5482,140.18900873421788,0
Limestone,5.482534979623077,384.0312119277788,Anticline,0.5910239881953218,0.4354712544772748,2741.0,0.2627980896391436,0.0004793368225025185,2105.4645526610907,1.0748525043845978,0.25737395756557885,0.5482,140.1062429506672,0
Sandstone,10.90212810945103,793.2172973179738,None,0.2627899723554192,2.887888299409844,2988.0,0.2678367062663628,0.0002456737836663062,8647.756593993057,1.0818668578175996,0.7589080863674513,0.5976,265.46763631792965,0
Limestone,25.948878153456057,617.8452852,Dome,0.3746612995126337,1.641721723267224,2800.0,0.15321815314298998,5.904615692319758e-05,16032.392023342109,1.07652385244407,0.6150895942774186,0.56,220.65903042857144,1
Sandstone,21.91241258645378,383.96723161060186,Anticline,0.6543582004072221,3.545660277787939,2741.0,0.13144123501205485,5.9984830284416795e-05,8413.648398729965,1.0748525043845978,2.320131878628687,0.5482,140.08290098890984,1
Limestone,29.904231380365623,383.95287387217905,Dome,0.069812691,2.8175604205813647,3799.0,0.11251289184264207,3.76244051925425e-05,11481.81557942998,1.10522128491208,0.19670147501587684,0.7598,101.0668264996523,0
Shale,10.498650250068415,907.7087698,Dome,0.8253151430303431,3.501609843168043,1556.0,0.2919686217676543,0.00027810110329730403,9529.716903050065,1.041827948024306,2.889931628550691,0.3112,583.3603919023136,0
Sandstone,22.54358833378031,383.9659203575414,Anticline,0.4814464104827508,2.5658539647403695,3636.0,0.1295879039046271,5.748326397108967e-05,8655.96964274149,1.100487226173452,1.2353211811471856,0.7272,105.60118821714559,0
Limestone,21.89311534721044,337.3371604194388,Fault,0.0150226742378746,2.480208479564591,2837.0,0.12325596831150544,5.629896264498984e-05,7385.361363963206,1.0775733116567499,0.03725936403051311,0.5674,118.90629553029214,0
Limestone,7.276328297489122,502.7994159440803,None,0.7738257968923308,3.3214773906769923,898.0,0.26101825837854287,0.0003587224870936812,3658.5336181949147,1.0239304166502463,2.570244888700483,0.1796,559.9102627439647,0
Limestone,18.57504132729175,383.9748614091131,None,0.4785086131694892,2.435525839508468,2772.5,0.14276315920380592,7.685751901614793e-05,7132.348919315397,1.0757445111603952,1.1654200918016528,0.5545,138.49408887614538,0
Limestone,3.028248766691965,834.5434857927513,Anticline,0.4785086131694892,2.4894835129143567,2741.0,0.5212647525472379,0.0017213405922283703,2527.2052816027126,1.0748525043845978,1.1912393032729571,0.5482,304.46679525456085,0
Shale,3.087152650260019,384.0577364912993,None,0.194236758006649,1.5827102740199468,1495.0,0.3502263796633975,0.0011344640817612284,1185.6448590619787,1.0401556809552714,0.3074205124894495,0.299,256.89480701759146,0
Limestone,21.210458828177725,932.610582959894,Dome,0.4785086131694892,2.638647166213336,2800.0,0.2082115350785102,9.816455964729287e-05,19781.09837259366,1.07652385244407,1.2626153961483462,0.56,333.07520819996216,0
Shale,10.88032999540764,822.4524367614523,None,0.500169229,2.5005076870000003,2912.0,0.27300085685991876,0.00025091229491674126,8948.553917491736,1.0797037336174695,1.2506770019153635,0.5824,282.435589547202,0
Sandstone,11.100579205527145,383.9986345705585,Anticline,0.3233201037486408,2.5658539647403695,3673.0,0.1846807663950905,0.0001663703875047666,4262.607257864759,1.1015600463021675,0.8295921700837176,0.7346,104.54632032958304,1
Shale,27.04516858353909,185.01233313357287,None,0.4472167398935514,2.341650219680654,4499.0,0.08212684544801038,3.036654964613402e-05,5003.689739631373,1.12578421353164,1.0472251772166006,0.8998,41.12299024973836,0
Limestone,12.499081122412516,383.99315511968064,Anticline,0.9493277785454594,1.0976081786315866,2741.0,0.17404131104337606,0.00013924328463737774,4799.561596292021,1.0748525043845978,1.0419899339336518,0.5482,140.092358671901,1
Limestone,10.425912952062994,318.8451071522316,Fault,0.5776691702331689,4.907443318308599,1292.0,0.17364507862083103,0.0001665514371923387,3324.251332360365,1.034609901121055,2.834878709653637,0.2584,246.78413866271796,1
Sandstone,19.64176045495329,249.9253227451241,Fault,0.1903522283603135,1.6450528865370035,2837.0,0.11200684746091483,5.702485157468091e-05,4908.973320986616,1.0775733116567499,0.3131394827228846,0.5674,88.09493223303633,0
Limestone,26.94439334460302,443.0669718478997,None,0.4785086131694892,3.058360388152102,3642.0,0.1273298219108026,4.725651837186635e-05,11938.170767471964,1.100661126000115,1.4634517879071631,0.7284,121.65485223720475,1
Shale,13.358220742941135,383.99008534723913,Fault,0.9548830387675504,2.480208479564591,957.0,0.1683508624714185,0.0001260279087395527,5129.424323169227,1.0255225831176655,2.3683090097436827,0.1914,401.2435583565717,0
Limestone,28.279775308998914,383.95545280844027,Dome,0.7153606400498028,0.050867185,2800.0,0.11569966211053621,4.091251109541857e-05,10858.173934087627,1.07652385244407,0.03638838201913173,0.56,137.12694743158582,1
Sandstone,12.48654176536048,383.9932014699897,Dome,0.037431977,4.629669261865493,2800.0,0.17412868835747364,0.00013945309408288888,4794.747147769507,1.07652385244407,0.17329767332775609,0.56,137.1404290964249,1
Limestone,11.6239939146527,797.3579507,Fault,0.7960367599017643,2.480208479564591,749.0,0.2600630344471347,0.0002237294998230432,9268.483966736747,1.019920516905077,1.974337121953478,0.1498,1064.5633520694257,1
Shale,18.06768907131772,512.9622294153975,Anticline,0.040060563,0.3496768219525742,2741.0,0.1673096682613433,9.260158706568943e-05,9268.04206640735,1.0748525043845978,0.014008250355470882,0.5482,187.1441916874854,0
Shale,15.940704952580855,383.9819237741518,Dome,0.500169229,3.317888117043565,2800.0,0.15411016179579143,9.667713081336498e-05,6120.9425540081465,1.07652385244407,1.6595055414099418,0.56,137.13640134791137,0
Sandstone,10.630242663805806,893.9147346734139,Fault,0.9734688964947392,4.871273722881318,2029.0,0.28794272261144616,0.00027087126015649943,9502.530550329971,1.0548864508903004,4.742033455537096,0.4058,440.56911516678855,1
Shale,28.84243621270917,60.27889258,Anticline,0.4874111778902902,1.0148571351219808,4287.0,0.04539377599160335,1.5738537361001766e-05,1738.590114211398,1.1195165187916605,0.4946527116201701,0.8574,14.060856678329834,0
Limestone,21.98100551612421,383.9670872933052,Anticline,0.518354791,3.539248743643207,2741.0,0.13123596532364964,5.970425931033102e-05,8439.982663804289,1.0748525043845978,1.8345865428081873,0.5482,140.08284833757943,0
Shale,11.424739417108015,383.9973053664468,Anticline,0.7899765800618004,0.3092909086255868,4766.0,0.1820415752380914,0.0001593398051298156,4387.069150683308,1.1337279116961234,0.24433257424024785,0.9532,80.570143803283,0
Shale,25.41808229888172,674.7581239121283,Dome,0.5380219631356752,3.832618883022154,2880.0,0.16178278911815472,6.364869985698032e-05,17151.057525437507,1.0787942388949383,2.062033135394438,0.576,234.29101524726678,0
Sandstone,10.789025536096037,383.99994918592097,Fault,0.4814464104827508,4.645586094352254,2592.0,0.18732861448541518,0.00017362885448614783,4142.985257626482,1.0706431843826327,2.236600749714474,0.5184,148.14812854395097,0
Limestone,6.447495941601575,384.0237246444521,Fault,0.3633234835737514,3.516141166143864,2837.0,0.24233332271731176,0.0003758564951606864,2475.991406123826,1.0775733116567499,1.2774966572204614,0.5674,135.36261002624323,0
Sandstone,3.875233357293312,384.04723593469697,Anticline,0.6941075322306689,3.850428248102416,2741.0,0.3125885313686841,0.0008066315046044455,1488.2726594704325,1.0748525043845978,2.6726112493216254,0.5482,140.11208899478183,1
Shale,29.762242937740687,383.95309363057993,Fault,0.9110501507137712,3.868059835990852,2889.0,0.11278099063774515,3.7893982276023505e-05,11427.305249330417,1.0790499568229837,3.5239964965493504,0.5778,132.90172849795084,0
Sandstone,10.579136088139421,786.7623874286453,None,0.2740207174024077,1.8220621522072231,1846.0,0.27078608350220196,0.0002559623784458054,8323.26636563711,1.0498149171608373,0.4992827780995982,0.3692,426.1984763968826,0
Limestone,19.44707692146291,994.5645815,Fault,0.4785086131694892,0.7465059957177056,4844.0,0.2245530594756503,0.00011546879789826958,19341.373919793066,1.136059104227322,0.35720954873358796,0.9688,205.31886488439307,1
Limestone,25.117116546654543,50.98580059832197,Fault,0.4785086131694892,0.6671027660772089,2837.0,0.04473725976263635,1.7811463222515128e-05,1280.616295852542,1.0775733116567499,0.3192144194371354,0.5674,17.971730912344718,0
Sandstone,8.224921130169005,95.07552854898996,Fault,0.4814464104827508,1.6496091052177242,2837.0,0.10675744004712122,0.00012979752432583822,781.988723724574,1.0775733116567499,0.7941983824067357,0.5674,33.5126995237892,0
Limestone,13.503295760550888,471.06739685548456,Anticline,0.5311525659685531,2.5658539647403695,1646.0,0.1854604382345862,0.00013734457240905466,6360.962382892407,1.0443001381187333,1.3628599172724327,0.3292,286.1891839948266,0
Shale,10.779085711647143,383.99999174986084,None,0.7016563687448438,4.7505187777576925,2557.0,0.18741497655974443,0.00017386908460820258,4139.168824343546,1.0696568112144014,3.3332317552556563,0.5114,150.17598425884273,0
Limestone,13.88063495063481,327.9326852243628,None,0.1801933868998743,1.6467475703892431,500.0,0.1526220681445575,0.00010995323246187493,4551.913891980814,1.0132544276285351,0.29673302207757685,0.1,655.8653704487256,1
Limestone,25.743611827533105,470.90119581748166,Dome,0.4785086131694892,2.638647166213336,2875.0,0.1342949882513325,5.2166335147930704e-05,12122.697594246403,1.0786521995659555,1.2626153961483462,0.575,163.79172028434144,0
Limestone,8.262897109184186,50.74046293452143,Fault,0.4785086131694892,2.480208479564591,2837.0,0.07781094472463401,9.416908342976627e-05,419.2632245003245,1.0775733116567499,1.1868011199276598,0.5674,17.885253061163706,0
Shale,16.459029155837506,331.6319414540899,Anticline,0.4659582342155147,2.5658539647403695,1854.0,0.14094696136932452,8.56350396094505e-05,5458.339793399862,1.0500361130526519,1.1955807826653,0.3708,178.87375482960618,0
Sandstone,18.32580250550551,383.97548519154816,Fault,0.3385446476334715,4.087252805220574,2837.0,0.14373081760020154,7.843084501048255e-05,7036.658908575967,1.0775733116567499,1.383717560732317,0.5674,135.3456063417512,0
Limestone,0.3773343745858615,269.4587419953261,Dome,0.533588939,1.5012955506608885,1995.0,0.8390978372926579,1.3846535455851912,101.67604588749938,1.0539423491509028,0.8010747000025643,0.399,135.0670385941484,0
Shale,21.17955798152456,968.1900080612888,None,0.022665321,4.297726943921393,4737.0,0.21230073619449322,0.00010023851129456445,20505.8364128668,1.1328624066747814,0.09740936075432738,0.9474,204.38885540664742,0
Limestone,0.1877241307941068,678.7408324619986,None,0.4003251833277884,3.740968632175807,2506.0,1.8880851887539274,8.16967979205588,127.41603280839715,1.0682211511923556,1.4976039534992855,0.5012,270.8463018603347,0
Sandstone,16.784257783690386,383.9795426459559,Dome,0.3811908029602469,2.729028820935859,2800.0,0.1501870963876573,8.948092809537115e-05,6444.81162743326,1.07652385244407,1.040280687554196,0.56,137.13555094498426,0
Shale,25.683974970412304,383.9598984231168,Dome,0.3174667436325553,0.8966317833729626,4606.0,0.12140636693602375,4.726930589049504e-05,9861.616420741382,1.1289609379236594,0.28465077250486515,0.9212,83.36081164201407,0
Shale,5.389708975105379,384.0320005554125,Anticline,0.0141902999947505,2.5658539647403695,3167.0,0.26505176323506296,0.0004917737942054295,2069.820720121181,1.0869787236238493,0.03641023750238582,0.6334,121.26049907022814,0
Limestone,27.857906445919152,604.5047922496963,None,0.3933504265636626,2.180051279690988,4436.0,0.14627000772799784,5.250574303275566e-05,16840.237948601833,1.1239179882483568,0.8575241007971086,0.8872,136.27249599857896,0
Limestone,26.635137677786403,404.18588129438245,Fault,0.4406536869274413,3.7942396176027353,2837.0,0.12231866840337155,4.5923798060704165e-05,10765.54659569331,1.0775733116567499,1.6719456765828102,0.5674,142.46946820387114,0
Sandstone,10.966918363165838,383.99919398080095,Dome,0.4814464104827508,2.182172207473736,3213.0,0.18580290470449826,0.00016942125267253492,4211.287811908927,1.0882962840268624,1.0505989763434507,0.6426,119.51422159377559,0
Sandstone,10.687496838113402,528.8237704286847,Fault,0.4814464104827508,0.001006991,2837.0,0.22087528993229208,0.00020666699909057643,5651.802374375776,1.0775733116567499,0.0004848122023384357,0.5674,186.40245697169004,0
Shale,3.222429763086656,384.0557557413025,Dome,0.4572963999545204,0.05061279270057,2800.0,0.34279545653524107,0.0010637794513382627,1237.5926979855121,1.07652385244407,0.02314504789361509,0.56,137.16276990760804,1
Sandstone,14.082955585116128,931.1893314914072,None,0.4814464104827508,2.919716969968821,2772.5,0.2553299376072542,0.00018130422698847755,13113.897996727466,1.0757445111603952,1.4056872548170622,0.5545,335.86630531700894,0
Limestone,0.9516747544809344,80.57618508995607,Fault,0.2180921284064658,0.2498098233591994,754.0,0.2889273967334542,0.014671490778321746,76.68232116249428,1.0200548223150094,0.05448155607325106,0.1508,106.86496696280646,0
Sandstone,5.940090909226605,381.88445336995824,Anticline,0.4814464104827508,2.5658539647403695,2741.0,0.2517671661025552,0.0004238439612287602,2268.4283698378604,1.0748525043845978,1.2353211811471856,0.5482,139.32304026631093,0
Limestone,20.46459484684905,383.9703880148566,Anticline,0.4785086131694892,3.2109302801739807,4541.0,0.13601190984060052,6.646205842748086e-05,7857.798423911465,1.1270300849584811,1.536457795349971,0.9082,84.55635058684355,1
Shale,6.955238751441794,838.8658200093257,Anticline,0.092947466,3.803805937919313,2741.0,0.34484177860858767,0.0004958014971622697,5834.512058588859,1.0748525043845978,0.3535541230853535,0.5482,306.04371397640483,0
Sandstone,29.394106061428143,312.80734587386536,Fault,0.1370744426854728,3.1957767282514493,2705.0,0.1024325516364463,3.484799007746028e-05,9194.692301410236,1.0738339737294,0.4380593139722711,0.541,115.6404236132589,0
Shale,13.216174796189842,210.56563836532905,None,0.9577446331172504,3.873233899351751,3543.0,0.12533446505576717,9.483414602832015e-05,2782.8722827074866,1.0977952896005978,3.7095689799119405,0.7086,59.43145310904009,0
Sandstone,23.45186967014278,383.9640964721229,Fault,0.3526165997261374,2.480208479564591,2837.0,0.12705337919111545,5.417622602298128e-05,9004.675948478356,1.0775733116567499,0.8745626806759992,0.5674,135.34159198876378,0
Limestone,0.4360240579797203,363.9838862313796,Dome,0.4785086131694892,1.258483995780808,2800.0,0.9072260262385132,1.1734528024528814,158.705731113835,1.07652385244407,0.6021954315170718,0.56,129.9942450826356,1
Limestone,21.57058329488673,335.77475017690705,Fault,0.7050769619293124,2.273470824627821,2837.0,0.12388613979405645,5.743291134061425e-05,7242.857217010756,1.0775733116567499,1.6029719020635123,0.5674,118.35556932566338,1
Sandstone,8.614942953916723,384.01034105850147,Dome,0.9522739596286872,2.638647166213336,1338.0,0.20964036391266028,0.00024334504016343923,3308.227181933095,1.0358639836607186,2.5127149850329884,0.2676,287.0032444383419,1
Shale,10.255418564942762,843.7433586479466,Dome,0.500169229,4.945749553333362,3338.0,0.2848119036485954,0.0002777184586323952,8652.94130432531,1.0918846832211362,2.4737117409178424,0.6676,252.76913081124823,1
Shale,22.04285434066033,330.6393446307489,Anticline,0.004275202,2.5658539647403695,2741.0,0.12161103884156295,5.5170277388822004e-05,7288.23491298699,1.0748525043845978,0.010969544001765957,0.5482,120.62726911008716,0
Sandstone,13.288530322437982,383.99032688996215,Anticline,0.3712857564334544,2.5658539647403695,2741.0,0.16879178824798946,0.0001270206592846319,5102.667102400134,1.0748525043845978,0.9526650301964061,0.5482,140.09132684785192,0
Shale,10.565215329764852,384.0009172126912,Anticline,0.4323379441876859,1.7285784723810864,1796.0,0.18930261030136683,0.0001791753451234014,4057.052377179289,1.048433498141547,0.7473300631163294,0.3592,213.8089739491599,0
Shale,14.082955585116128,642.6666468352272,Dome,0.3624122522268806,4.005263873864143,2800.0,0.21211707218280199,0.00015061971253178022,9050.645843416018,1.07652385244407,1.4515567012900648,0.56,229.52380244115258,0
Limestone,14.082955585116128,383.98764562686114,Dome,0.6904297570595925,2.638647166213336,2800.0,0.1639613060583296,0.00011642535195638591,5407.6809585963965,1.07652385244407,1.821800521934656,0.56,137.13844486673614,1
Sandstone,3.3276069262441954,307.1052556865926,Fault,0.4814464104827508,3.426649292286608,2837.0,0.3016527318154248,0.0009065155185137635,1021.9255759087001,1.0775733116567499,1.6497480017546458,0.5674,108.2500020044387,0
Limestone,1.626352326179792,384.08733869097324,None,0.4785086131694892,2.817027691269539,2772.5,0.48254445117384637,0.002967035146113238,624.66133673627,1.0757445111603952,1.347972013809435,0.5545,138.53465777852958,0
Shale,15.418663400721242,645.3648056760758,None,0.500169229,2.5005076870000003,2892.0,0.20314630303661277,0.0001317535105066955,9950.662709391285,1.079135209601735,1.2506770019153635,0.5784,223.1551886846735,0
Sandstone,11.174197216513171,383.9983293274873,None,0.1436027256547114,1.4308081769641343,3924.0,0.18407132964705933,0.0001647289072140589,4290.873062716916,1.1088654902874744,0.20546795410109836,0.7848,97.85890145960431,0
Sandstone,14.082955585116128,383.98764562686114,Dome,0.4814464104827508,1.661271591,2800.0,0.1639613060583296,0.00011642535195638591,5407.6809585963965,1.07652385244407,0.7998132443239184,0.56,137.13844486673614,0
Sandstone,18.19984589327603,225.53938063058075,Dome,0.2554113759827081,1.7729334622020154,1409.0,0.11053682461895573,6.073503328937185e-05,4104.781970341494,1.0378026172837536,0.4528273751068033,0.2818,160.07053273994376,1
Limestone,8.331572620525314,27.57596103296732,None,0.9204410364836187,1.807759632680665,4558.0,0.05712569336450148,6.856531889762205e-05,229.75112192694348,1.1275347581440356,1.6639361500178373,0.9116,6.050013390295595,0
Limestone,14.082955585116128,468.5173807,Fault,0.4803975881875302,0.9306503305419228,2837.0,0.18111132030230256,0.0001286032035020503,6598.109463253044,1.0775733116567499,0.4470821742382675,0.5674,165.14535801903418,0
Sandstone,14.027668454963004,650.4504520979033,Anticline,0.4814464104827508,1.164625041835583,4542.0,0.21381787627330648,0.00015242581257162338,9124.303288410183,1.1270597653625498,0.5607045459500649,0.9084,143.20793749403418,0
Shale,10.683846740566219,246.74660747118293,Fault,0.500169229,4.415927893503314,2220.0,0.15090075701184966,0.00014124197087073928,2636.20293797677,1.0602058228063878,2.2087112498131467,0.444,111.14712048251482,0
Sandstone,9.207932189436978,384.00726698282614,Dome,0.4924706226322353,2.638647166213336,878.0,0.2027768225170268,0.0002202197174623477,3535.9128746288843,1.023391260385262,1.299456212851865,0.1756,437.3659077253145,0
Shale,10.505960430696572,212.07375253236785,Fault,0.7850980089510253,0.3824488662706599,2444.0,0.14107667918497585,0.00013428251525940892,2228.0384524943934,1.0664784338847415,0.30025984343467205,0.4888,86.77322116708996,1
Limestone,23.113416632219693,99.43872990057297,Dome,0.6967410002096508,3.830681480070763,3980.0,0.0651291422369644,2.8178067861319788e-05,2298.368793570705,1.1105019893166257,2.668992845909089,0.796,24.984605502656525,1
Sandstone,4.767743005325147,686.3870822672968,Anticline,0.5984861064260061,2.239501607859772,2741.0,0.37675392026439275,0.0007902144051044529,3272.5172104254407,1.0748525043845978,1.3403105976227752,0.5482,250.41484212597476,1
Shale,11.00018193079809,383.99905412816395,Dome,0.2200099780619718,4.570338472354937,3328.0,0.18552173253165286,0.00016865333109830922,4224.059456664187,1.0915971763877685,1.0055200670385955,0.6656,115.3843311683185,0
Sandstone,25.31265131961881,383.96057085622647,Dome,0.4814464104827508,2.638647166213336,3048.0,0.12229371668020564,4.8313278263909375e-05,9719.060050565451,1.08357764821622,1.270367206703893,0.6096,125.97131589771209,0
Sandstone,8.415834655662028,384.0114209054385,Dome,0.4814464104827508,3.1248501917867184,2945.0,0.2121060817789061,0.00025203213995679535,3231.7766242260072,1.0806424531376526,1.504447908132051,0.589,130.39437042629493,1
Sandstone,6.156602618822155,384.02585671882525,None,0.4814464104827508,0.8060764937984655,2622.0,0.2479929415916929,0.000402808102042385,2364.294595170541,1.0714893710131335,0.3880826345137925,0.5244,146.46295069367858,0
Shale,7.529616189482122,384.0165594817055,None,0.485611658494485,2.456834975483455,887.0,0.22424264355438292,0.00029781417526649,2891.497303302674,1.0236338455634637,1.1930677070917781,0.1774,432.93862399290356,0
Shale,22.92767022072424,704.3369523,None,0.500169229,3.890318125296168,3979.0,0.17403633210004119,7.590667975620583e-05,16148.805366604382,1.1104727449510872,1.9458174172941098,0.7958,177.0135592611209,0
Shale,14.082955585116128,500.4772876974561,Fault,0.449953786,2.3784197689148017,2837.0,0.18718667500023126,0.00013291718053706246,7048.199414002661,1.0775733116567499,1.0701789797204602,0.5674,176.41074645662886,0
Sandstone,18.05479045899144,383.97617316985264,Anticline,0.4814464104827508,4.577134528378098,2741.0,0.14480566748112544,8.020346057741754e-05,6932.6093478271005,1.0748525043845978,2.2036449889842937,0.5482,140.0861631411356,1
Sandstone,14.082955585116128,409.40507618333686,Dome,0.2909037201689264,1.8152754294238376,2800.0,0.169300934315423,0.00012021690567167045,5765.633504211018,1.07652385244407,0.5280703755506397,0.56,146.21609863690603,0
Shale,17.129747139779354,566.0665606001357,Anticline,0.8741703216759925,0.8769325204367268,2741.0,0.18050445378671445,0.00010537485014448352,9696.577047364912,1.0748525043845978,0.7665883834783123,0.5482,206.51826362646324,0
Sandstone,21.041498566790704,383.9691043239754,Dome,0.6253971931668133,2.638647166213336,2800.0,0.13413417887660217,6.374744576809893e-05,8079.285358324838,1.07652385244407,1.6502025315073863,0.56,137.13182297284837,1
Sandstone,12.03757749611184,383.9948924379384,Dome,0.2147793993147839,1.8898136010965327,2800.0,0.17734658249409352,0.00014732746896240279,4622.368275832814,1.07652385244407,0.40589303006042193,0.56,137.14103301354945,0
Limestone,17.078938024043858,600.5403427302134,Dome,0.7050816308353353,3.758709397529715,2800.0,0.18619598440341154,0.00010902082093235741,10256.591294427371,1.07652385244407,2.6501969518463517,0.56,214.47869383221908,1
Shale,14.032460261239908,899.2461431565714,Anticline,0.8550607297172208,3.842006113118668,2540.0,0.2513633926920574,0.00017912995156406516,12618.635768917842,1.069178043614142,3.285148550661271,0.508,354.03391462857144,0
Shale,24.74420843939492,383.96161960899735,Anticline,0.500169229,2.420265595761036,667.0,0.12369062182390969,4.998770606336452e-05,9500.826348332695,1.0177204295320335,1.2105423770070232,0.1334,575.6546021124398,1
Shale,4.556585170098908,421.7147204,Dome,0.6765833704198766,0.809434117,2800.0,0.30207812870446415,0.0006629484963580897,1921.5790409870474,1.07652385244407,0.5476496630126967,0.56,150.61240014285715,1
Shale,18.88885034815778,75.58698300057884,Fault,0.6802464906985235,1.7322468884433322,3186.0,0.06281312360024574,3.325407446323057e-05,1427.75121016668,1.0875227398856357,1.1783548668870134,0.6372,23.72472787212142,0
Shale,25.627741846618186,862.0821474894102,Dome,0.989541757120082,2.638647166213336,3724.0,0.18211629381402225,7.106216962227367e-05,22093.21872643683,1.1030405128877556,2.61105155327467,0.7448,231.49359492196837,0
Limestone,14.082955585116128,294.06272391399364,Fault,0.4785086131694892,2.480208479564591,2837.0,0.14348375415404768,0.00010188468839999151,4141.272280119038,1.0775733116567499,1.1868011199276598,0.5674,103.65270493972281,0
Shale,18.57717096160745,186.22640600934704,Anticline,0.500169229,3.440865160133415,870.0,0.09941696253449943,5.351566325139587e-05,3459.5597820013613,1.023175677378447,1.7210148742368918,0.174,214.05334024062878,0
Limestone,15.017426683448962,383.9846789100054,None,0.4785086131694892,2.435525839508468,2772.5,0.15877745483244723,0.00010572880306280395,5766.461763098697,1.0757445111603952,1.1654200918016528,0.5545,138.49762990442034,1
Limestone,11.346735457300344,218.0068750519304,Anticline,0.1452761169538045,4.144072093558999,3838.0,0.1376351238830667,0.00012129931503295428,2473.6663390869844,1.1063569897335968,0.6020347021288746,0.7676,56.802208194875035,0
Limestone,17.16515885351309,710.3193183275538,None,0.2094145895952853,4.755909054248523,2772.5,0.20199124578361882,0.00011767513922090996,12192.743935811593,1.0757445111603952,0.9959567427479559,0.5545,256.20173789992924,0
Shale,10.521900186979689,196.51204388714905,Dome,0.2462047685087816,2.638647166213336,1640.0,0.13569915571026828,0.0001289682978348236,2067.6801113199544,1.044135143091006,0.649647514733907,0.328,119.82441700435918,0
Limestone,14.082955585116128,802.9629058,Fault,0.4785086131694892,0.0433962079793759,2837.0,0.23709941621643948,0.00016835913085391183,11308.090938877185,1.0775733116567499,0.020765459297025883,0.5674,283.0323954176948,0
Shale,3.1013402160587966,384.0575247214375,None,0.331053678518681,1.993161035556043,1894.0,0.34942428238512985,0.0011266880059653066,1191.0930466985897,1.0511427917974177,0.6598432927009316,0.3788,202.77588422462384,0
Sandstone,11.384494259930456,175.2721196247516,Fault,0.4814464104827508,1.8648310637293848,4632.0,0.12320524487170802,0.00010822197460746985,1995.384439793829,1.1297342050270267,0.8978162217892421,0.9264,37.83940406406555,0
Limestone,10.75073664394327,384.0001133611436,Anticline,0.1538265767235525,2.5658539647403695,2457.0,0.1876619447925554,0.00017455728942842262,4128.284089990016,1.066843606628018,0.3946965317685658,0.4914,156.28820242618787,1
Limestone,3.1965374164833893,384.0561283449492,Fault,0.169067061,3.8751871327159697,3744.0,0.34418116608658783,0.001076731228959717,1227.649784284377,1.1036216310056015,0.655166499353306,0.7488,102.57909410922787,0
Sandstone,24.713021873973688,383.9616778420641,Fault,0.4583991069451001,2.480208479564591,974.0,0.12376865221134556,5.008236258702602e-05,9488.853343278568,1.0259818022244025,1.136925352070073,0.1948,394.21116821567153,0
Sandstone,6.531375389344546,384.0231277103367,Anticline,0.4814464104827508,2.051891877,4443.0,0.24077201955761557,0.00036863907707772737,2508.199205266411,1.1241251937458114,0.987875978880364,0.8886,86.43329455555633,0
Sandstone,2.021306145657772,671.0323710717479,Fault,0.5429424057977258,1.3584493533344533,670.0,0.5721176360841891,0.0028304353465368353,1356.3618555826306,1.0178008368329754,0.7375597600537729,0.134,1001.5408523458923,0
Shale,20.08070952722245,234.308260124442,Dome,0.3307391435659652,2.1815281547858216,2800.0,0.10725904372075752,5.341397104288153e-05,4705.076111387799,1.07652385244407,0.721516753578903,0.56,83.68152147301501,0
Limestone,29.73169526217261,383.95314104688276,Dome,0.4785086131694892,1.4192912457208768,2800.0,0.11283892085180236,3.795240058018702e-05,11415.577784559897,1.07652385244407,0.6791430856734936,0.56,137.12612180245813,1
Limestone,3.696977271489745,804.8370556373426,Dome,0.2889378505717169,4.183195087034832,2800.0,0.46329780174989604,0.0012531800109314825,2975.4643019439827,1.07652385244407,1.2086833969700106,0.56,287.44180558476523,0
Sandstone,11.07255091612838,831.9922942675975,None,0.4814464104827508,1.6788444960589537,3577.0,0.2721857955100179,0.00024582031509428384,9212.277040104438,1.0987786739794962,0.8082736563863059,0.7154,232.5949942039691,0
Limestone,0.2863005920167993,384.1675808016794,Fault,0.8078933569345047,2.480208479564591,1832.0,1.1502146145665721,2.867292322684472,109.98740581718239,1.0494279364662022,2.0037439544528612,0.3664,209.69846113628788,1
Limestone,10.984260699242208,383.99912101420136,Fault,0.9839775774078608,4.111948157875426,3273.0,0.18565615305386005,0.00016902016270122598,4217.946453499845,1.090017241481205,4.046064786812978,0.6546,117.32328781368815,0
Limestone,3.756900768862402,254.6590117453581,None,0.4785086131694892,0.8376677548633726,2772.5,0.25852009727912856,0.0006881206430091818,956.7286370238753,1.0757445111603952,0.4008312356764721,0.5545,91.85176257722564,0
Shale,15.735017226569294,819.3110913394403,None,0.7887494790012712,3.3662484370038137,4713.0,0.2265794163607143,0.0001439969293316849,12891.874136145381,1.1321466263584692,2.6551267008756017,0.9426,173.8406728918821,0
Sandstone,14.082955585116128,383.98764562686114,Dome,0.4814464104827508,0.7787657029596989,2800.0,0.1639613060583296,0.00011642535195638591,5407.6809585963965,1.07652385244407,0.3749339522970232,0.56,137.13844486673614,1
Shale,10.433054045468074,353.0835055850484,Dome,0.500169229,2.638647166213336,1318.0,0.18266806756483928,0.00017508590175873472,3683.7392963321386,1.0353185437095456,1.3197701187279594,0.2636,267.89340332704734,0
Limestone,8.721669228619952,384.009772468523,Anticline,0.4785086131694892,3.4079166005375967,4642.0,0.2083535864209131,0.00023889186915872218,3349.206216028066,1.13003175645979,1.6307174463205256,0.9284,82.72506946758358,0
Sandstone,22.612022112840137,383.96578040018255,Dome,0.8014432687281142,4.320941812774178,3640.0,0.12939163715037924,5.7222497176360345e-05,8682.242716982848,1.1006031563381324,3.4629897304137205,0.728,105.48510450554465,1
Sandstone,20.451745512370263,383.9704170167008,Anticline,0.6874153330188532,0.4405927226390205,2741.0,0.1360546347580098,6.652470551998459e-05,7852.865253104249,1.0748525043845978,0.3028701931585855,0.5482,140.08406312174418,1
Sandstone,9.38139885424374,384.0064051007903,Fault,0.4165345061206146,2.432502070513568,3145.0,0.200893128443878,0.00021413984371105023,3602.517248834811,1.086349150029704,1.0132210485787414,0.629,122.10060575541821,0
Shale,13.571002776197108,383.98935558101294,Dome,0.2093481159678516,2.638647166213336,2800.0,0.16702568872067133,0.00012307542152568593,5211.120610620065,1.07652385244407,0.5523958129506725,0.56,137.1390555646475,0
Sandstone,14.082955585116128,383.98764562686114,Fault,0.5531767061367565,1.0400190521265058,2837.0,0.1639613060583296,0.00011642535195638591,5407.6809585963965,1.0775733116567499,0.5753143135748121,0.5674,135.34989271302823,0
Limestone,14.359346116515743,908.7021270618058,Dome,0.7836074487998993,3.863743942499193,3344.0,0.24978887295638735,0.0001739556041964103,13048.368359294536,1.0920572236674333,3.027658533597857,0.6688,271.7410667050855,1
Shale,18.22415261725708,383.9757420351906,Anticline,0.4593452030587438,2.5658539647403695,4089.0,0.14413115616197647,7.908798789661896e-05,6997.632524173848,1.1136942466025108,1.178612710452748,0.8178,93.90455906950123,0
Limestone,17.233102676166173,383.9783240147966,Dome,0.4785086131694892,4.022709005061478,2800.0,0.1482181077987529,8.600779011416349e-05,6617.137883169194,1.07652385244407,1.9249009071963838,0.56,137.13511571957022,0
Limestone,10.965185636209894,383.9992012774617,None,0.1413149734027567,1.3929152364957542,3207.0,0.1858175862480299,0.00016946141398136656,4210.622526163695,1.0881243377932037,0.19683977959769206,0.6414,119.73782390940495,0
Shale,19.476863386228903,850.3422077950588,Anticline,0.500169229,2.5658539647403695,2916.0,0.20747558950094674,0.00010652412833970082,16561.99901276863,1.079817474357632,1.2833611992707838,0.5832,291.6125541135318,1
Limestone,23.55020508624786,993.3927259166404,Fault,0.1335289733121401,2.480208479564591,2837.0,0.20393547984453536,8.659605260237137e-05,23394.602426523692,1.0775733116567499,0.3311796918763238,0.5674,350.15605425330995,0
Shale,26.86932459191505,383.9578151374293,Dome,0.9110212987647948,3.855681356002359,934.0,0.11869789823129574,4.4175988802864e-05,10316.687164530102,1.0249016138219336,3.512607836568474,0.1868,411.0897378345067,1
Shale,14.082955585116128,672.2201236207362,Dome,0.5472927643469817,2.5954962088109186,2800.0,0.21693943161629906,0.00015404396492280082,9466.8461443721,1.07652385244407,1.4204962949722384,0.56,240.0786155788344,0
Sandstone,10.506117835888812,384.00117624539416,None,0.4814464104827508,2.4443392314482524,1583.0,0.1898343465322483,0.00018068933691546435,4034.361606754019,1.042568989913182,1.176818348982927,0.3166,242.57812776083017,0
Limestone,10.476555218021733,261.25692799053303,None,0.2352049930977313,1.7056149792931938,1476.0,0.15680297666133441,0.00014967035766833212,2737.0726321835473,1.0396353593247656,0.4011691594320428,0.2952,177.0033387469736,0
Shale,21.397076042500103,177.94433614481707,None,0.8628000341287271,3.5884001023861813,2772.5,0.09055126413676182,4.231945708698875e-05,3807.4884918228504,1.0757445111603952,3.096071730806325,0.5545,64.18190663474016,0
Sandstone,3.1619080448742007,683.7052445,Anticline,0.4814464104827508,2.5658539647403695,2741.0,0.46173148102764006,0.0014602938304172299,2161.8131129072326,1.0748525043845978,1.2353211811471856,0.5482,249.43642630426854,0
Limestone,23.39964980731633,452.8222377768498,None,0.6329886141924184,3.8825270873333535,1457.0,0.13813026417617968,5.903091085277299e-05,10595.881788943612,1.0391152979770273,2.4575954405756657,0.2914,310.79082894773495,0
Shale,28.88873983945889,697.2962408367299,Fault,0.3908005534601052,3.8020837189826375,1346.0,0.15426734709586926,5.34005110479609e-05,20144.00969256496,1.0360822400923229,1.48585642168007,0.2692,518.0506989871693,0
Sandstone,8.594212132337509,624.9726542686342,Dome,0.6101948316486301,1.7842757656897834,726.0,0.2677670420214191,0.0003115667124551068,5371.147567694671,1.0193029397444067,1.0887558504598078,0.1452,860.8438764030774,1
Shale,6.731075271,374.7066665409151,None,0.6615192818109894,2.984557845432968,2772.5,0.23427887745004158,0.0003480556493839892,2522.1787770323967,1.0757445111603952,1.974342562434171,0.5545,135.15118721042924,0
Sandstone,20.04009752229042,383.9713559088624,Fault,0.4814464104827508,4.942435725169205,1606.0,0.13744506356072522,6.858502729732045e-05,7694.823418179686,1.0432006635515951,2.379517938924425,0.3212,239.08552671784705,1
Shale,24.202726913673786,383.9626412733701,Anticline,0.7050212594968588,2.726003675767817,4828.0,0.1250667841798079,5.167466650592544e-05,9292.942951792267,1.1355805204231852,1.9218905448828931,0.9656,79.52830183789769,0
Shale,9.486453676899902,384.0058908438207,Anticline,0.8050721608281025,4.700046630936631,2802.0,0.19977753318915978,0.00021059242999903153,3642.854095146585,1.0765805538295627,3.783876697160997,0.5604,137.04707025118512,0
Shale,8.006978642963155,167.87312345639836,Fault,0.9055425836495654,1.897484165568069,3518.0,0.14377583500441807,0.00017956315536169672,1344.1565142428988,1.09707277438389,1.7182527137226489,0.7036,47.7183409483793,0
Shale,4.568707412029658,701.7891249138338,Dome,0.8132842131676772,3.471976316711493,2800.0,0.38916725590920853,0.0008518104155335265,3206.26917667564,1.07652385244407,2.823703526873517,0.56,250.6389731835121,0
Shale,26.95065825502996,311.8824088664755,Anticline,0.500169229,2.5658539647403695,1265.0,0.10681700566421272,3.9634284496289374e-05,8405.436217115906,1.033874516429208,1.2833611992707838,0.253,246.5473587877277,0
Limestone,4.060663049198522,677.7893021655275,Fault,0.2050813577663749,1.8282808730592808,1589.0,0.40567526286994443,0.0009990369995117303,2752.273974445609,1.0427337374561958,0.37494632382529064,0.3178,426.5508509537618,0
Sandstone,14.082955585116128,542.0538673355446,None,0.4550016185279725,2.4672949686097025,2772.5,0.19480673471512505,0.00013832801895719297,7633.720538426905,1.0757445111603952,1.1226232041033377,0.5545,195.51086288026858,0
Sandstone,10.9403799456345,214.68184063841696,None,0.1868807120505552,0.1994259074316601,3121.0,0.13909486610656657,0.00012713897213603546,2348.7009040124385,1.0856627583429006,0.03726885558215675,0.6242,68.78623538558698,0
Shale,5.227302049361386,357.265177,Anticline,0.174555495356965,2.1700570565531443,2741.0,0.25958894523416,0.0004966021530473329,1867.5329918975583,1.0748525043845978,0.3787953844595115,0.5482,130.34118095585552,0
Shale,20.47957815132597,383.97035421948436,None,0.0508326642133486,2.050312242392853,2772.5,0.13596214011882865,6.63891312185186e-05,7863.550877030246,1.0757445111603952,0.1042228337500737,0.5545,138.49246319909264,0
Limestone,3.071012537496279,384.05797859246445,None,0.4785086131694892,0.8861763707014619,4421.0,0.35114561481898526,0.0011434196719537512,1179.4468673829358,1.1234741050693595,0.4240430261679277,0.8842,86.87129124461987,0
Shale,11.29163494614498,383.9978465331648,None,0.1330040209876578,4.4532015876560935,4321.0,0.18311150322723493,0.000162165624464994,4335.9635031583,1.1205193606392505,0.5922937174268821,0.8642,88.86781914676344,0
Sandstone,11.04052216032705,914.5259293842932,Dome,0.2214519404267094,4.226558906650523,3467.0,0.28578067185997813,0.0002588470614975991,10096.84378956098,1.0956003175108584,0.9359796712055497,0.6934,263.78019307305834,0
Limestone,14.77205277613007,250.43070759253067,Fault,0.222043776,3.047779709598801,3528.0,0.1292864507447358,8.752097809564272e-05,3699.3756293204606,1.0973617233901347,0.6767405151355012,0.7056,70.98376065547922,0
Shale,28.66918385170265,616.6784180180538,Dome,0.500169229,0.8593321724696235,1320.0,0.14563017051803856,5.079676187202995e-05,17679.666943536722,1.035373074777967,0.42981151015902663,0.264,467.1806197106468,0
Shale,11.464824917501577,383.997143624632,Dome,0.2494512669524323,3.0889602110454994,4899.0,0.181723014121728,0.00015850483145566364,4402.460020477112,1.1377057749095665,0.7705450382109525,0.9798,78.38276048675893,1
Sandstone,17.99313944911494,436.8651224091846,Anticline,0.4814464104827508,4.784399727719853,2741.0,0.15472121316223553,8.598900353092416e-05,7860.5750679631265,1.0748525043845978,2.3034320752253734,0.5482,159.3816572087503,0
Limestone,3.788134113231956,534.3945120586019,Fault,0.4785086131694892,3.346289418536834,4802.0,0.37294773142421095,0.0009845156488032041,2024.3580810531357,1.13480325170302,1.601228308927797,0.9604,111.28582092015867,1
Shale,9.673494291,384.00498919635254,Anticline,0.500169229,4.611407055974086,2741.0,0.19783648704932513,0.0002045139854306708,3714.6700707064333,1.0748525043845978,2.3064839117917186,0.5482,140.09667610228112,0
Shale,20.52985951,339.8344463822418,Dome,0.901267581,1.0703971072813403,2800.0,0.1277527796421769,6.222779049216051e-05,6976.753440886053,1.07652385244407,0.9647142115888511,0.56,121.36944513651494,0
Limestone,10.355861115605556,384.0018414616336,None,0.4785086131694892,2.435525839508468,1036.0,0.19120673818370948,0.0001846362519245979,3976.669738313461,1.0276583445596474,1.1654200918016528,0.2072,370.65814812899,0
Sandstone,11.797844552976455,383.9958213818421,Dome,0.4814464104827508,1.1168194044316826,2728.0,0.17913958445483186,0.00015184094319130274,4530.323009655486,1.0744845902543494,0.5376886934211171,0.5456,140.76093159158435,1
Sandstone,18.410495631862307,383.97527227916527,None,0.4814464104827508,0.4043630192375014,2772.5,0.14339979695577534,7.789024251340582e-05,7069.175073038712,1.0757445111603952,0.19467912414386254,0.5545,138.49423707093428,0
Sandstone,26.51286046374096,582.1988303147955,Fault,0.4814464104827508,1.7290563851691123,2837.0,0.1471421234854494,5.549839621668935e-05,15435.756350289374,1.0775733116567499,0.8324479901619497,0.5674,205.2163659904108,0
Shale,14.870723106861416,576.9873994591842,Anticline,0.3377349354815543,2.5658539647403695,2741.0,0.19559005506955388,0.00013152692956760643,8580.219853505569,1.0748525043845978,0.866578523236679,0.5482,210.50251713213578,0
Sandstone,10.283300641362128,13.050455304578351,Anticline,0.4814464104827508,2.5658539647403695,769.0,0.03537335180651546,3.4398830725841644e-05,134.20175540363834,1.020457844667939,1.2353211811471856,0.1538,16.97068310088212,0
Sandstone,11.63502808713283,122.34330613622036,Dome,0.8595595326534653,2.638647166213336,3608.0,0.10182069012409836,8.751219967977713e-05,1423.4678031676144,1.0996760568652642,2.268074325027726,0.7216,33.9088985965134,1
Sandstone,11.287769902305618,381.5042369866597,Fault,0.0511595141962712,1.8483298874709213,4308.0,0.1825472340548425,0.00016172125728533478,4306.332043860087,1.1201358150789857,0.09455965911746095,0.8616,88.5571580748978,1
Limestone,11.388692337133937,954.6951461927464,Fault,0.5098774739540961,2.480208479564591,4646.0,0.28749154379147557,0.0002524359560176031,10872.729295744295,1.1301507989752366,1.264602434439923,0.9292,205.4875476092868,0
Shale,14.082955585116128,383.98764562686114,Fault,0.6088861831192705,3.1466755742602865,2837.0,0.1639613060583296,0.00011642535195638591,5407.6809585963965,1.0775733116567499,1.9159672799259844,0.5674,135.34989271302823,0
Shale,14.082955585116128,155.66093911686357,Fault,0.7243820515166337,1.2035577943637716,2837.0,0.1043932855815044,7.412739815201482e-05,2192.1660919202554,1.0775733116567499,0.8718356642000636,0.5674,54.868149142355854,0
Shale,28.015978285387465,383.9558855439329,Fault,0.500169229,2.480208479564591,1023.0,0.11624316243547396,4.14917377688374e-05,10756.899751945539,1.0273065846442273,1.2405239629830838,0.2046,375.3234462795043,0
Limestone,10.867157578866232,117.28391751254549,Anticline,0.6452679472473328,4.426283738993217,2866.0,0.10315514591026471,9.4923760110808e-05,1274.5428130755806,1.0783965759001461,2.856139022194402,0.5732,40.92251134422383,0
Shale,22.440482300982072,383.9661320292834,Fault,0.4413241709850946,3.785665958591861,1512.0,0.1298853036853283,5.7879907367072983e-05,8616.385189979681,1.0406214526218722,1.6707058908020465,0.3024,253.94585451672182,0
Sandstone,10.260848143857146,19.24971362806701,Dome,0.4814464104827508,0.8200526398874308,686.0,0.04300808986029494,4.191475135127359e-05,197.518388350333,1.018229783074642,0.3948113998807074,0.1372,28.060807037998554,1
Shale,17.010369762605166,742.8587202110574,None,0.2872442351781955,4.821007428881779,3699.0,0.20750371856134128,0.00012198660079542079,12636.30151216574,1.102314545521384,1.3848065916975452,0.7398,200.82690462586035,0
Sandstone,17.38790182238022,669.6618475240363,Fault,0.089819353,0.8544817410607447,2837.0,0.19486499771643578,0.00011206929950893918,11644.014458941694,1.0775733116567499,0.07674899713238963,0.5674,236.04576930702723,0
Limestone,10.646772220536052,179.0835197072847,Anticline,0.9877158687446708,2.5658539647403695,2088.0,0.12878001679542134,0.00012095686291383571,1906.6614427753393,1.056526752620507,2.534334677855492,0.4176,85.76796920846968,1
Shale,29.74360703528376,383.95312255155744,None,0.2548178179647618,2.609076615256803,841.0,0.11281632090516688,3.792960308120565e-05,11420.150797143671,1.0223945696035126,0.6648392100026248,0.1682,456.54354643466996,0
Sandstone,14.082955585116128,83.25982093,Fault,0.4814464104827508,1.915434565572584,2837.0,0.07634849481712443,5.421340311391379e-05,1172.5443601819122,1.0775733116567499,0.9221790961095077,0.5674,29.347839594642227,1
Limestone,16.424144695869558,383.9805441681989,Anticline,0.5291235390207832,2.811834993,2741.0,0.15182485558660797,9.244003776025536e-05,6306.55201781723,1.0748525043845978,1.4878080826386393,0.5482,140.08775781400908,0
Limestone,11.42052805230134,383.997322391905,Dome,0.7686638305086043,2.638647166213336,4752.0,0.1820751404555727,0.00015942795256203843,4385.452192385353,1.1333099991597102,2.028232638142217,0.9504,80.80751733836385,1
Sandstone,14.082955585116128,383.98764562686114,Fault,0.4814464104827508,4.243596644638071,2837.0,0.1639613060583296,0.00011642535195638591,5407.6809585963965,1.0775733116567499,2.0430643720976445,0.5674,135.34989271302823,1
Limestone,1.5826984449627246,384.08859543771155,None,0.8892777088335996,3.6678331265007986,1923.0,0.48915473999628734,0.003090637648334884,607.8964227271831,1.0519458631669747,3.2617222391186083,0.3846,199.7340589899696,0
Limestone,11.22917980218974,474.21157514296806,None,0.4785086131694892,3.832945559304509,4110.386287655767,0.20405239918531834,0.00018171620971420122,5325.007041559999,1.1143216577993045,1.8340974639369527,0.8220772575311533,115.36910206398633,0
Limestone,22.284938293970708,273.3216920936054,Anticline,0.6604244281443521,0.1758027237342108,2741.0,0.10996664632457734,4.9345726191366354e-05,6090.957042709658,1.0748525043845978,0.11610441328838568,0.5482,99.71604965107822,1
Sandstone,9.394896054893312,259.2420671318944,Fault,0.5048908142789611,4.800092090129278,2139.0,0.1649439521278425,0.0001755676179535076,2435.5522737598217,1.057946695690597,2.4235224039993715,0.4278,121.19778734543918,0
Shale,12.681077085815184,383.99248757864336,None,0.500169229,1.9574886914263327,4538.0,0.17278774656523357,0.0001362563648150288,4869.438335358706,1.1269410484358802,0.9790756095669279,0.9076,84.6171193430241,0
Sandstone,14.082955585116128,786.7571122541374,None,0.7600358554624315,3.2801075663872945,2772.5,0.23469459182852545,0.00016665151743897242,11079.86546814924,1.0757445111603952,2.4929993602279614,0.5545,283.77172669220465,1
Limestone,17.080038957216754,518.3892534796458,Fault,0.8732116596934296,4.507553785670867,3260.0,0.1729868994015689,0.00010128015505987911,8854.108644434862,1.089644136572653,3.9360485223430595,0.652,159.01510842933922,1
Shale,25.36653586490699,926.6732808907968,None,0.6913463413275371,3.740512826584742,2772.5,0.18978521984130658,7.481716102349732e-05,23506.491014767427,1.0757445111603952,2.5859898573480855,0.5545,334.2374322419466,0
Limestone,15.209988604300422,378.8164883979992,Dome,0.058876603,2.638647166213336,2800.0,0.1567038406387164,0.00010302692836627798,5761.794471654671,1.07652385244407,0.1553545816622176,0.56,135.29160299928543,0
Sandstone,12.844655190903596,383.9918957182187,Anticline,0.1099648281317061,2.2600637334698863,1923.0,0.17168385332911737,0.00013366170658337444,4932.24349660193,1.0519458631669747,0.24852752001771808,0.3846,199.6837731243987,0
Sandstone,25.16913290022204,899.8750597247669,None,0.1102870684236649,3.4073748983479386,2772.5,0.18775288920170657,7.45964868738288e-05,22649.074971807902,1.0757445111603952,0.3757893885591773,0.5545,324.57170774563275,0
Shale,14.082955585116128,651.5411158427098,None,0.8145787260026688,3.983616816546824,2772.5,0.21357659428087722,0.00015165608738168583,9175.624596289885,1.0757445111603952,3.244969511305519,0.5545,235.00130418132005,0
Shale,11.490214510418909,881.6629059555261,Fault,0.500169229,1.1614921815746282,4983.0,0.2750533028674454,0.00023938047685535986,10130.495915308287,1.1402252975967866,0.5809426489477099,0.9966,176.93415732601366,1
Limestone,11.448231179924552,383.99721051033663,None,0.4785086131694892,2.0520804771326446,4844.0,0.18185468226713597,0.00015884958943354816,4396.088838368488,1.136059104227322,0.9819381832249255,0.9688,79.272751963323,1
Sandstone,19.334551845617817,383.973010911487,None,0.3050186488594681,3.398001959125418,3911.0,0.1399306793853418,7.237337617269734e-05,7423.946086786121,1.108485933761572,1.0364539663942607,0.7822,98.17770670199104,0
Sandstone,14.082955585116128,519.1200519753465,Anticline,0.194556161,2.5658539647403695,2741.0,0.1906411484441407,0.0001353701268827574,7310.744635311981,1.0748525043845978,0.49920269706651565,0.5482,189.39075227119537,0
Limestone,4.681074340199308,137.5855540970923,None,0.3735485541413044,2.120645662423913,2772.5,0.170232821581169,0.0003636618630882947,644.0482068660025,1.0757445111603952,0.7921641210444814,0.5545,49.62508714052022,0
Shale,5.237695537415592,936.2119564085102,Dome,0.6432739938102959,4.956520297055555,4451.0,0.41980404109558134,0.0008015052385093828,4903.593186155975,1.124362046805029,3.188400606888721,0.8902,210.33744246428,0
Limestone,14.082955585116128,383.98764562686114,Anticline,0.8037054240166173,3.897890103746435,2741.0,0.1639613060583296,0.00011642535195638591,5407.6809585963965,1.0748525043845978,3.132755418601705,0.5482,140.09034864168592,1
Limestone,10.299290718606956,384.00209441436346,None,0.4785086131694892,1.1552730977275394,828.0,0.19173119806233832,0.00018615961360907306,3954.9492069274856,1.0220446114396602,0.5528081278256247,0.1656,463.7706454279752,0
Limestone,10.245996995004717,384.00233398993913,Dome,0.379213415,2.7665485614913186,631.0,0.19222924845278377,0.00018761400042036154,3934.486760135714,1.016756037253399,1.0491123277664605,0.1262,608.5615435656722,0
Sandstone,14.082955585116128,383.98764562686114,None,0.6656465961444752,1.4413067153679138,2772.5,0.1639613060583296,0.00011642535195638591,5407.6809585963965,1.0757445111603952,0.9594009090848258,0.5545,138.49869995558564,0
Shale,20.673632714872745,793.2151509634158,Dome,0.3043943525519966,4.504471041176615,4931.0,0.1944987212451401,9.408057303118113e-05,16398.638694889996,1.1386649359439573,1.3711355461681736,0.9862,160.86293874739724,0
Shale,25.066206736311223,246.5924993428372,Fault,0.9167675026668848,3.4680429724191795,2837.0,0.09848617499887995,3.929041838476966e-05,6181.138568151247,1.0775733116567499,3.179389094966171,0.5674,86.92016191146887,0
Sandstone,20.100976134227004,953.3709406222512,Dome,0.777901494,2.638647166213336,1095.0,0.2162479649889061,0.0001075808276896012,19163.68652451342,1.0292563077899266,2.0526075727362203,0.219,870.6583932623298,1
Limestone,5.966751088140522,833.5734318416273,Anticline,0.6468795433192011,2.5658539647403695,1954.0,0.3711356042377873,0.0006220061784971292,4973.725181486059,1.052804997255318,1.6597984409350117,0.3908,426.59848098343264,1
Sandstone,5.828207130054043,398.6084310663112,Dome,0.4820148928923041,3.718788810705049,2800.0,0.25967814450768795,0.0004455540764304992,2323.1725000403303,1.07652385244407,1.792511590281093,0.56,142.360153952254,0
Sandstone,21.353338349728485,383.96842501667845,Fault,0.4930154617009376,2.8678804387600803,2792.0,0.1331510248302176,6.235606941146542e-05,8199.007694993486,1.0762970767640327,1.4139093986183884,0.5584,137.52450752746364,0
Limestone,11.437382831563285,824.3558196257331,Dome,0.7498764545979597,1.6162561794921817,4808.0,0.2665776119602149,0.00023307570961474808,9428.47309848664,1.1349825741740804,1.2119924535996407,0.9616,171.45503735976146,0
Sandstone,3.1358366362708265,842.8522492785387,Dome,0.977435664668798,2.638647166213336,2800.0,0.5147882887317994,0.0016416298055117807,2643.046962250913,1.07652385244407,2.5791078467341726,0.56,301.018660456621,1
Shale,24.23596937051944,383.9625778960792,Anticline,0.500169229,2.5658539647403695,1420.0,0.12498097259744381,5.156838197256936e-05,9305.70527731506,1.0381032934009096,1.2833611992707838,0.284,270.3961816169572,0
Shale,11.396793001065387,752.3073090819179,Fault,0.5301503202879133,3.6176846764798256,4673.0,0.2551149788367537,0.00022384804112253793,8573.890674795137,1.1309546640322026,1.9179166899364557,0.9346,160.99022235863853,0
Shale,6.692590035869246,384.0220016412124,Anticline,0.5194477378123405,2.5658539647403695,3806.0,0.23785407171621253,0.0003553991361213262,2570.1018217385413,1.1054250434856878,1.33282703754121,0.7612,100.89910710489028,0
Sandstone,10.34523054924308,894.7032754776209,None,0.2905792289046622,1.3311393350498353,997.0,0.2920109081284095,0.0002822662160484909,9255.911657978932,1.0266034259866925,0.3868014415434459,0.1994,897.3954618632105,0
Limestone,24.54901528318145,383.96198529779514,Anticline,0.4785086131694892,2.4454645144675164,1603.0,0.12418144932878906,5.058510408515891e-05,9425.888645236264,1.0431182496385176,1.1701758333730496,0.3206,239.52712744715853,1
Shale,16.644773895099185,380.2999035151394,Fault,0.4501898259776145,1.1169701502660343,4204.0,0.15009070780640066,9.017287273009622e-05,6330.005906337531,1.117072173078004,0.5028485975704559,0.8408,90.4614423204423,0
Limestone,15.83502112683822,974.7152305320108,None,0.4785086131694892,0.40379545,2772.5,0.24635376311861523,0.0001555752664586465,15434.636268125376,1.0757445111603952,0.19321960078364983,0.5545,351.56545736050884,1
Sandstone,11.198648278609257,383.99822839058885,Dome,0.4814464104827508,2.638647166213336,4007.0,0.18387024554937537,0.00016418967805301046,4300.261099355273,1.1112918783701151,1.270367206703893,0.8014,95.83185135777111,0
Limestone,3.0758759468340413,325.8959701832596,Dome,0.8980678571732823,1.2211266679968906,2800.0,0.3232099598289326,0.001050789971427841,1002.4155758568321,1.07652385244407,1.0966546100651178,0.56,116.39141792259271,1
Limestone,10.32924099959878,384.001960320036,Anticline,0.0140812855048785,2.5658539647403695,3499.0,0.19145299453862136,0.00018535049627175707,3966.4487924640193,1.0965239808665324,0.0361305222413336,0.6998,109.74620186339983,0
Shale,10.60368118687408,651.1518874532363,None,0.9738402649752148,3.9215207949256445,1934.0,0.24606082122778697,0.00023205226269191957,6904.607018785431,1.052250636919062,3.8189348500362046,0.3868,336.6866015787158,0
Shale,5.578845226722531,359.14912356413845,Fault,0.2458875864733777,3.3499793676463923,2837.0,0.2519387075299113,0.000451596517363721,2003.6373736773742,1.0775733116567499,0.8237183414461834,0.5674,126.59468578221305,0
Shale,22.57037107595868,383.9658655322693,Fault,0.3845837928602181,0.8339585902496177,2837.0,0.1295109852084636,5.7380972945728415e-05,8666.25206556497,1.0775733116567499,0.32072695772655846,0.5674,135.34221555596378,0
Sandstone,17.644311201887945,384.73079633252553,Dome,0.3265654549588483,4.174135490042701,2800.0,0.14662423838555896,8.310000696987827e-05,6788.309899441249,1.07652385244407,1.36312845536567,0.56,137.40385583304484,0
Shale,4.042417953927222,384.0452852279405,Fault,0.8355369613800863,2.221965635145653,591.0,0.3060555503835643,0.0007571101105125223,1552.4715561265275,1.015685562048868,1.8565344150805723,0.1182,649.8228176445695,0
Sandstone,8.014322096119479,384.01367843434724,Fault,0.2019051205151908,2.480208479564591,2837.0,0.21735498180050325,0.00027120819352362464,3077.609308288509,1.0775733116567499,0.5007667919692869,0.5674,135.35906888767965,0
Shale,11.315363753527306,102.78875535739252,Anticline,0.8667837779383459,2.5658539647403695,2741.0,0.09463857489185679,8.363723602111808e-05,1163.092156641225,1.0748525043845978,2.224040593195741,0.5482,37.50045799248176,0
Sandstone,11.281232072527693,496.62557244730334,Fault,0.4814464104827508,0.4439263784706704,4286.0,0.2083367671228835,0.00018467554411031911,5602.548335929944,1.1194870370342058,0.21372676143331135,0.8572,115.87157546600639,0
Sandstone,2.9995574245133003,384.05906593231884,Anticline,0.4814464104827508,3.7475175959087137,2741.0,0.355303976796131,0.0011845213360227023,1152.0072226689301,1.0748525043845978,1.804228894771198,0.5482,140.11640493700068,0
Limestone,9.929758428,362.02122895397696,None,0.4085487324756647,0.47896942,971.0,0.189595194605615,0.00019093636162486412,3594.7833493206704,1.0259007486188767,0.19568234943560428,0.1942,372.83339748092374,0
Sandstone,8.869951178148574,596.9194846979323,Fault,0.4814464104827508,2.480208479564591,3699.0,0.2575887615449723,0.00029040606466871087,5294.646686556263,1.102314545521384,1.1940874697352533,0.7398,161.37320483858673,1
Sandstone,18.12391886569605,383.9759967074523,Dome,0.6046005076371881,3.2137021333630567,2800.0,0.14452921092573676,7.974501099720417e-05,6959.149810700639,1.07652385244407,1.9430059412260183,0.56,137.13428453837582,1
Shale,14.49035566645136,425.9092613445123,Anticline,0.500169229,2.5658539647403695,696.0,0.17023492640303675,0.00011748153759757004,6171.576678517567,1.018497966271617,1.2833611992707838,0.1392,611.9385938857936,1
Sandstone,18.08009882833516,667.6944356943162,None,0.5104271961272193,2.531281588381658,2278.0,0.19081746701016378,0.00010554005750848792,12071.981384482713,1.0618264326624078,1.2920349637661037,0.4556,293.1055468368377,0
Shale,10.384536198347677,384.00171376921304,Anticline,0.050539637,2.5658539647403695,1141.0,0.19094253193880764,0.00018387198839866267,3987.6796968639364,1.0305039010741581,0.12967732797298906,0.2282,336.54839068292114,0
Limestone,11.903679762437529,383.9954089738741,Dome,0.5977843096175839,4.702891769701315,1525.0,0.1783413487086686,0.0001498203515785353,4570.958378671227,1.0409777716795225,2.811314909757118,0.305,251.80026817958958,0
Shale,18.172611915628032,383.9758728134943,Dome,0.5173432058592131,3.714018728276493,3102.0,0.14433542659211965,7.942470089728515e-05,6977.84452160418,1.085119672507825,1.9214223555077188,0.6204,123.7833245691471,0
Limestone,14.082955585116128,303.4448229007612,Fault,0.2592281950671309,0.8985333294279341,2837.0,0.14575471394375555,0.00010349724747964094,4273.399963444849,1.0775733116567499,0.2329251731952631,0.5674,106.9597542829613,0
Shale,0.087351535,696.1924693208904,Dome,0.7726313885441417,0.9236887084523926,3917.0,2.8032319740483045,29.288155705038324,60.81348085062018,1.1086610975500786,0.7136708893941169,0.7834,177.73614228258626,0
Shale,11.131316391324692,383.9985068792044,Anticline,0.8739236793859108,2.5658539647403695,3778.0,0.18442557762790407,0.00016568173174166362,4274.408873868695,1.1046102345115796,2.242360537632831,0.7556,101.64068472186459,0
Sandstone,8.08253668,384.01328702682054,Anticline,0.3078632910335106,2.528053214137044,4401.0,0.21643571724602653,0.0002677819177506368,3103.801478001645,1.1228825335207016,0.7782947824120747,0.8802,87.25591616151341,0
Shale,12.180354051183318,955.2875255190564,Fault,0.3285674185171208,3.7505274867507294,2837.0,0.2780780729932636,0.00022830048439047502,11635.740281500926,1.0775733116567499,1.232301134399192,0.5674,336.7245419524344,0
Sandstone,11.642962060324717,401.9957191963816,Anticline,0.4879801550832592,2.038754373036704,1526.0,0.18450520446759713,0.00015846929974660707,4680.420907016419,1.041005185890822,0.9948716751311237,0.3052,263.43100864769434,0
Limestone,29.788303973487213,209.1524282857825,Anticline,0.3667165006629388,4.629229743668285,1105.0,0.0832028523901797,2.7931382889147895e-05,6230.296110569874,1.0295273951728707,1.6976149323628267,0.221,189.27821564324208,0
Shale,20.93148922659879,383.969346371746,Fault,0.500169229,1.0646194118585544,3981.0,0.1344862429228399,6.425068062139643e-05,8037.0502369243795,1.1105312344523164,0.5324898704077267,0.7962,96.45047635562572,0
Sandstone,10.341144776195872,384.00190713203784,Anticline,0.4012555349790091,1.2367160327944182,982.0,0.19134275800193332,0.0001850305378591956,3971.0193159877253,1.026197976481425,0.4962391533560421,0.1964,391.04063862732977,0
Shale,21.60304963617424,383.9678881647513,Dome,0.500169229,1.7088643352391624,850.0,0.13237914412521348,6.127798915183947e-05,8294.877346720123,1.0226369185256308,0.8547213570221694,0.17,451.7269272526486,0
Limestone,5.539537376810929,384.0307342401579,None,0.01546077470461,1.04638232411383,4659.0,0.2614423212932215,0.0004719569586941426,2127.3526061674997,1.1305377737648483,0.016177881368010124,0.9318,82.42771715822235,0
Shale,4.5940440181321165,384.03937745710977,Fault,0.9055090812962866,4.239191096368427,4765.0,0.2870912462373975,0.0006249205386458735,1764.2938047340172,1.1336980556906504,3.838626035111972,0.953,80.59588194273029,0
Limestone,14.082955585116128,463.65491591649993,Dome,0.2586752402794943,1.320370186478752,2800.0,0.1801690454611308,0.0001279341146623698,6529.631587672821,1.07652385244407,0.3415470752452719,0.56,165.59104139874998,0
Shale,18.576129518764645,383.97485870403625,Anticline,0.500169229,2.5658539647403695,2741.0,0.14275897709983001,7.685076536294727e-05,7132.766707235532,1.0748525043845978,1.2833611992707838,0.5482,140.08568358410662,0
Shale,14.082955585116128,348.7223005,Fault,0.6816984949157149,2.654298876636021,2837.0,0.15625092743011917,0.00011095038004327464,4911.04066948102,1.0775733116567499,1.8094315492592483,0.5674,122.91938685230878,0
Limestone,10.73037149299946,800.5602930029396,None,0.3745796069349852,4.312991852032767,2385.0,0.27121848894862677,0.0002527577811500477,8590.309346466038,1.0648226817554272,1.6155587926482278,0.477,335.66469308299355,0
Limestone,14.082955585116128,383.98764562686114,Anticline,0.4785086131694892,3.387127596064449,2741.0,0.1639613060583296,0.00011642535195638591,5407.6809585963965,1.0748525043845978,1.6207697286209053,0.5482,140.09034864168592,1
Sandstone,29.83745967,615.0264779354474,Anticline,0.4814464104827508,2.5658539647403695,2741.0,0.14255932560779314,4.7778640401860036e-05,18350.827731381058,1.0748525043845978,1.2353211811471856,0.5482,224.38032759410703,1
Limestone,8.990060515244725,568.2602830611437,None,0.1028143862310535,1.114331549462203,2772.5,0.24964449411283796,0.00027768944790695015,5108.694333129779,1.0757445111603952,0.11456931431585524,0.5545,204.96313185253155,0
Shale,2.6121361673192456,384.0654533681048,None,0.1486878947020632,1.4460636841061896,2772.5,0.38074513601173343,0.0014576006441596816,1003.2312613606897,1.0757445111603952,0.21501216479485868,0.5545,138.52676406423979,0
Limestone,2.627738922178392,384.0651783060245,None,0.3797445345489567,2.13923360364687,2772.5,0.3796129397798858,0.0014446371995935855,1009.2230176881247,1.0757445111603952,0.812362269108368,0.5545,138.52666485339026,0
Sandstone,21.201557311336803,311.6011168333161,None,0.070085642,4.189937383037679,2728.0,0.12037748617322798,5.677766232240887e-05,6606.428936818106,1.0744845902543494,0.2936544514299957,0.5456,114.22328329667012,0
Limestone,2.293195831,384.07146796881887,None,0.4785086131694892,2.435525839508468,1862.0,0.40636388057114664,0.0017720417727863323,880.7510891521454,1.0502573555504173,1.1654200918016528,0.3724,206.2682427329854,0
Sandstone,10.489806650941325,856.7963627905058,Dome,0.2765703154282998,2.638647166213336,1524.0,0.28378191398865404,0.00027053111981162044,8987.628184902185,1.040950358190159,0.7297714790636118,0.3048,562.2023377890458,0
Limestone,14.082955585116128,942.6600977842622,Fault,0.4326478246281043,2.480208479564591,2837.0,0.2568977527899027,0.00018241749839885212,13275.440288956992,1.0775733116567499,1.0730568033077983,0.5674,332.2735628425316,0
Limestone,3.8343553308114817,185.06522501993896,Anticline,0.4785086131694892,4.279378899596302,1404.0,0.21814530961820391,0.0005689230412874565,709.6058321030293,1.0376659751122799,2.047719662472601,0.2808,131.81283833328987,0
Limestone,0.9137342421149042,362.0896336897672,Fault,0.4785086131694892,0.058761298,4181.0,0.6250686874515984,0.059012808722641044,330.8536970171827,1.1163957691333057,0.02811778721401908,0.8362,86.60359571628013,1
Sandstone,13.597850501451694,399.2357005106889,Dome,0.8779506805840079,3.6012682173590846,2800.0,0.17014108655339882,0.00012512351605515498,5428.747370386689,1.07652385244407,3.1617358823959654,0.56,142.58417875381747,1
Limestone,10.466112498158711,503.28092706119975,Anticline,0.4785086131694892,2.5658539647403695,3378.0,0.21774198856453233,0.00020804476218160218,5267.394800800125,1.09303546799476,1.2277832222633498,0.6756,148.98784104831253,0
Limestone,2.909362875482861,384.0604760284158,None,0.5396047350133258,0.5483211074639915,2772.5,0.36077007743010886,0.0012400312125734148,1117.3712908973482,1.0757445111603952,0.2958766658953205,0.5545,138.52496881097053,0
Limestone,25.07806470049524,333.7402227568886,Anticline,0.3024195561127978,2.5658539647403695,2741.0,0.11454784272702512,4.567650817360043e-05,8369.558899454947,1.0748525043845978,0.7759644170670449,0.5482,121.75856357420234,0
Limestone,18.09118665,787.1816797883055,Dome,0.1948690822174007,2.638647166213336,4484.0,0.20712551914960495,0.00011448973644280264,14241.050696510767,1.1253395933006336,0.514190751575538,0.8968,175.5534522275436,1
Shale,20.563215671138742,855.4530598,None,0.8928712523281018,3.6786137569843054,2772.5,0.2025266713338375,9.848978611749495e-05,17590.865765202947,1.0757445111603952,3.2845284720299603,0.5545,308.5493452840397,1
Limestone,28.650687588350056,383.9548511401263,Dome,0.4785086131694892,2.638647166213336,3811.0,0.11494820745282455,4.012057550045144e-05,11000.570488047211,1.1055706083225099,1.2626153961483462,0.7622,100.74910814487703,1
Limestone,7.830851746075443,384.0147479313949,Dome,0.4785086131694892,4.822569167,2800.0,0.21988676953301323,0.00028079546984555414,3007.162559357285,1.07652385244407,2.307640884015109,0.56,137.14812426121247,0
Sandstone,10.502245091549227,384.00119327102396,Anticline,0.7943433439854379,0.0230015144632589,1569.0,0.18986934859767446,0.0001807892949960341,4032.8746471796576,1.042184680197892,0.01827109991547449,0.3138,244.74263433462332,0
Shale,19.59410199875566,383.9723951639408,Anticline,0.056194937,4.367376267636372,2726.0,0.13900069357393735,7.094006838525424e-05,7523.594275548771,1.0744279992591457,0.24542443421512106,0.5452,140.85561084517272,0
Shale,4.294840734335789,23.5818349198674,Fault,0.500169229,2.480208479564591,2837.0,0.07357748074638068,0.00017131597024810203,101.28022520422867,1.0775733116567499,1.2405239629830838,0.5674,8.312243538902855,0
Sandstone,26.802141872639613,383.9579307331935,Dome,0.7045786277731994,2.638647166213336,2800.0,0.11884658813143566,4.434219798409381e-05,10290.894932636185,1.07652385244407,1.8591343995482335,0.56,137.12783240471197,1
Sandstone,25.89027138201681,402.7290238738476,Anticline,0.5718099946076837,4.482953103127385,4085.0,0.12384195846896266,4.783339527100607e-05,10426.763721508642,1.1135769375100655,2.5633973897257687,0.817,98.58727634610713,0
Limestone,20.50303461161751,383.9703013622368,None,0.9499639128370316,0.6945042314406713,2989.0,0.13588433488667548,6.627523069666972e-05,7872.556378663147,1.0818953488454055,0.6597539571812555,0.5978,128.4611245775299,1
Limestone,11.203662925135642,148.21703775275628,None,0.1596425190007743,4.122084164571527,4024.0,0.11420857048982834,0.00010193859923579022,1660.5737307439854,1.1117895041387817,0.6580598995654009,0.8048,36.83325987891558,0
Limestone,10.645650760862113,118.48201698210308,Dome,0.1257969924379458,2.803262293204887,2084.0,0.10475379371426675,9.840055443053395e-05,1261.3181742340034,1.0564154651689717,0.35264196549987376,0.4168,56.85317513536616,0
Limestone,8.747643845,883.2825123,Fault,0.4785086131694892,1.5382900636151624,2837.0,0.31552510344479434,0.0003606972449217202,7726.640832117232,1.0775733116567499,0.7360850449928967,0.5674,311.3438534719774,0
Limestone,11.11315653958422,427.98087961641096,None,0.4785086131694892,2.8449791735183574,3716.0,0.19486018729487015,0.0001753418901288693,4756.218511126124,1.102808151327117,1.3613470388163489,0.7432,115.17246491292006,1
Shale,26.75619390025229,971.0043545302,Anticline,0.058597636,3.4787254476387464,2741.0,0.1891594617393152,7.06974476431536e-05,25980.380787799346,1.0748525043845978,0.2038450875246723,0.5482,354.2518622875593,0
Shale,11.46756755932375,839.3531505286669,None,0.4993805456541248,2.4981416369623743,4908.082829141992,0.26863732659130685,0.00023425833351458237,9625.338959818726,1.137977939505367,1.247523333787559,0.9816165658283984,171.01446323296844,0
Sandstone,11.44732675802154,383.99721415864815,Fault,0.4814464104827508,1.5753673080691617,4841.0,0.18186186690910539,0.00015886841596590966,4395.741584644021,1.135969354403019,0.7584549356617717,0.9682,79.32187857026402,1
Shale,13.68298579987775,513.8806151993072,Anticline,0.500169229,3.396946593133516,3845.0,0.19242891345548072,0.00014063371567424996,7031.421160604562,1.1065609576857225,1.6990481584417676,0.769,133.64905466822032,1
Limestone,29.03219863977258,383.95424035242075,Anticline,0.4682559088206436,0.3283378321643709,4598.0,0.11419035388418128,3.933231351198683e-05,11147.035774494465,1.1287231160826925,0.15374613000032744,0.9196,83.50461947638556,0
Sandstone,5.246518086,384.0332441136905,Fault,0.8459681446546411,1.603928986716923,2837.0,0.26864482029948844,0.0005120440183296996,2014.8373608677302,1.0775733116567499,1.356872829050714,0.5674,135.3659654965423,1
Limestone,12.609999282955275,776.5053823542746,Fault,0.4785086131694892,2.480208479564591,2837.0,0.24640207020212657,0.0001954021286386464,9791.732314698314,1.0775733116567499,1.1868011199276598,0.5674,273.7065147530048,0
Sandstone,11.29341925886863,429.8918457707676,None,0.4814464104827508,2.4443392314482524,4327.0,0.19372984284753553,0.00017154223925176695,4854.948850258169,1.1206964259590046,1.176818348982927,0.8654,99.35101589340596,1
Shale,26.87179066545344,970.6294677896012,None,0.3955779146961238,4.233789652936723,2772.5,0.1887157208514938,7.022818955422574e-05,26082.551872162647,1.0757445111603952,1.6747936821707348,0.5545,350.09178279156043,0
Limestone,10.17712021586601,197.6149377108468,Anticline,0.7184483262555225,2.5658539647403695,870.0,0.13836526547331124,0.0001359571888102505,2011.1509775341613,1.023175677378447,1.8434334863838149,0.174,227.1436065641917,1
Sandstone,15.757752563447498,810.7059700997856,None,0.9787479146154876,0.1410857036889867,2772.5,0.22522375523337596,0.0001429288563369225,12774.904078542088,1.0757445111603952,0.13808733826765435,0.5545,292.40972771858816,1
Limestone,27.851505169089226,14.063457640440236,Fault,0.4785086131694892,0.7158471069231609,3759.0,0.022312661016381567,8.011294499496243e-06,391.6884631679886,1.1040576704975402,0.3425390063751928,0.7518,3.7412763076457134,1
Limestone,14.082955585116128,383.98764562686114,Anticline,0.5658897560424324,0.1608346233041907,2741.0,0.1639613060583296,0.00011642535195638591,5407.6809585963965,1.0748525043845978,0.09101466574478499,0.5482,140.09034864168592,0
Limestone,3.723221031413322,384.0490841015666,Fault,0.2953062084410316,2.120152227986435,1438.0,0.3189066719520987,0.0008565343536186538,1429.8996270219764,1.0385954967818538,0.6260941157644798,0.2876,267.07168574517846,0
Sandstone,18.07409492110365,737.2593154152954,Fault,0.4511460431137604,3.365889345803152,4066.0,0.20054484503847847,0.00011095706087297271,13325.294848283946,1.1130198880429254,1.5185076599178555,0.8132,181.3229993643127,0
Sandstone,14.082955585116128,347.0864161219449,Anticline,0.1190710007345191,2.5658539647403695,2741.0,0.15588400376906036,0.00011068983554404566,4888.002582442485,1.0748525043845978,0.30551879932026926,0.5482,126.62766002259939,0
Shale,5.6404715158886685,384.0299003338772,Anticline,0.3871213389905432,1.4070693072844542,2741.0,0.25909227395762735,0.00045934506224841167,2166.1097140827987,1.0748525043845978,0.5447065542884539,0.5482,140.1057644413999,0
Shale,29.79462310770481,178.01661867155406,Anticline,0.4848461869924896,1.1234102453157462,4045.0,0.07675222492061722,2.576042819644505e-05,5303.938060226959,1.1124045259813744,0.5446811738696369,0.809,44.00905282362276,0
Shale,26.77833984132441,791.2810713346342,Anticline,0.4404679309785707,4.606879947640726,2741.0,0.17068808740993988,6.374110136078471e-05,21189.193438206097,1.0748525043845978,2.0291828788039767,0.5482,288.6833532778673,1
Limestone,20.649922869980305,383.96997173026944,Fault,0.4785086131694892,2.3203700990590908,2837.0,0.1354001239921246,6.556931221712293e-05,7928.950300618582,1.0775733116567499,1.110317078140716,0.5674,135.34366292924548,0
Sandstone,1.5240776906682674,154.4649349508468,None,0.4814464104827508,2.284586752,2772.5,0.31611204768934775,0.0020741202999352416,235.41656134911074,1.0757445111603952,1.0999060911868463,0.5545,55.71323172257775,0
Sandstone,10.292512228722746,279.8060510151322,Anticline,0.4814464104827508,0.9528062014286832,803.0,0.16371840439365296,0.00015906554275133434,2879.9072017438684,1.0213719516178204,0.45872512556354433,0.1606,348.4508729951833,1
Limestone,8.707653161175882,738.7454882139197,None,0.5530368534585615,0.4589271549093671,1405.0,0.28921879195363015,0.00033214321539946825,6432.739485750358,1.0376933021072208,0.25380362971776615,0.281,525.7975005081279,0
Limestone,18.91742824749277,407.19924719304953,None,0.4287615077035039,3.985694200351961,2772.5,0.14568072146901417,7.700873478313419e-05,7703.1625412075855,1.0757445111603952,1.7089122545880182,0.5545,146.87078347810623,0
Limestone,26.98237566501976,382.6014862206131,Anticline,0.9111835893074296,2.5658539647403695,4920.0,0.11823958103119202,4.382104174188008e-05,10323.497031199464,1.1383351331643516,2.337964025230829,0.984,77.76452971963681,1
Limestone,14.082955585116128,383.98764562686114,None,0.9705552864754988,0.5725439295612911,2772.5,0.1639613060583296,0.00011642535195638591,5407.6809585963965,1.0757445111603952,0.5556855375751667,0.5545,138.49869995558564,0
Sandstone,26.54423841091953,341.7616110886556,Dome,0.4814464104827508,1.91361080213648,3599.0,0.11266944435560029,4.244591335091812e-05,9071.801684437234,1.0994154508747775,0.9213010517496257,0.7198,94.9601586798154,1
Sandstone,20.54319474837596,383.9702110048551,Fault,0.4814464104827508,4.882381195493379,659.0,0.13575143298249057,6.608097457345207e-05,7887.974822247749,1.017506041116978,2.350604901178769,0.1318,582.6558588844539,1
Shale,6.233502628850744,384.02528344631077,Fault,0.500169229,1.066850785776472,1912.0,0.2464583200116892,0.00039537694084060753,2393.82261390773,1.0516411776895216,0.5336059349798622,0.3824,200.85004364346798,0
Limestone,10.479038585930843,368.9020551196758,Anticline,0.4785086131694892,2.5658539647403695,1485.0,0.18630498074483928,0.0001777882381261315,3865.7388700282695,1.039881795012336,1.2277832222633498,0.297,248.41889233648203,0
Sandstone,21.985150118172463,474.6860143436072,Dome,0.1445608536221971,2.638647166213336,759.0,0.14590431921319977,6.636494107565739e-05,10436.04328434117,1.0201891454105778,0.38144508675559124,0.1518,625.4097685686525,0
Sandstone,0.1507965782940934,282.39767512005045,Anticline,0.2914562713733706,4.099221758628669,1451.0,1.358827923821372,7.652171789788153,42.58460312631064,1.0389511221322258,1.1947438893025029,0.2902,194.62279470713332,0
Shale,3.188355347116074,384.05624671683154,Dome,0.702739488,3.5669055558156897,3147.0,0.34462256112280154,0.0010808787716667747,1224.50778781294,1.0864063689215993,2.506605384038273,0.6294,122.03884547722643,0
Shale,24.765924700402483,383.9615791026784,None,0.500169229,3.524785612874957,2772.5,0.12363637369918698,4.9921969478158714e-05,9509.163555904564,1.0757445111603952,1.7629893023819598,0.5545,138.48929814343674,0
Sandstone,10.788457299289382,250.996078937674,Fault,0.5192492375848865,0.5938370647030999,2590.0,0.15145493993460118,0.00014038609574380692,2707.860479908163,1.0705867957067394,0.30834944309673157,0.518,96.90968298751893,0
Shale,4.632472726,402.2888779930527,None,0.702309657,2.1994760101279134,1419.0,0.29261206261795886,0.0006316541508720777,1863.5922552759582,1.0380759556091081,1.5447132422526635,0.2838,283.501675823152,1
Sandstone,12.845518196015185,383.9918926157144,Fault,0.044518851,2.480208479564591,1430.0,0.17167808538938636,0.000133648236505276,4932.574843717468,1.0383767109188826,0.11041603175067256,0.286,268.5257990319681,0
Shale,14.082955585116128,873.3707017955797,Fault,0.3715820993371812,3.6755859420826416,2837.0,0.24727604889913868,0.00017558533605010985,12299.640802728853,1.0775733116567499,1.365781940653299,0.5674,307.8500887541698,0
Limestone,28.074468723334377,383.95578924501564,Anticline,0.688992568,2.5658539647403695,2741.0,0.11612199404914796,4.1362134113203e-05,10779.354796302357,1.0748525043845978,1.7678543122794486,0.5482,140.07872646662372,1
Limestone,11.164196539170526,383.9983706751401,Anticline,0.4785086131694892,2.5658539647403695,3890.0,0.18415376492497684,0.00016495030724231503,4287.03328093852,1.1078730784148458,1.2277832222633498,0.778,98.71423410671981,1
Limestone,14.082955585116128,383.98764562686114,None,0.4785086131694892,0.3582604899179303,2772.5,0.1639613060583296,0.00011642535195638591,5407.6809585963965,1.0757445111603952,0.1714307301840506,0.5545,138.49869995558564,1
Sandstone,8.775450610230932,384.00948857670744,Fault,0.5439295625290231,2.159602025183751,1461.0,0.20771406867820594,0.00023669903450432596,3369.8563008649353,1.0392247629528593,1.1746713847949901,0.2922,262.8401701414835,0
Shale,26.27287616577466,887.1000824537965,Dome,0.8951294814927913,4.153926470859865,3283.0,0.1824576800322415,6.944716630222876e-05,23306.67061295709,1.0903043321884671,3.718302048019971,0.6566,270.2101987370687,0
Sandstone,7.619542601287605,945.0924278982408,Anticline,0.991088155121616,1.5437649315643838,2605.0,0.3497054004380315,0.0004589585211833264,7201.172016524979,1.071009783177591,1.5300071379655928,0.521,362.7993965060425,1
Shale,7.618133157710885,436.4125111540946,None,0.5863840220928984,3.9459987839929225,1486.0,0.2376588353977603,0.0003119646644102144,3324.6486216628796,1.039909180361025,2.313870638131456,0.2972,293.6827127551108,0
Limestone,14.082955585116128,383.98764562686114,Dome,0.4458879554219567,4.297402609298613,2800.0,0.1639613060583296,0.00011642535195638591,5407.6809585963965,1.07652385244407,1.9161600630851405,0.56,137.13844486673614,0
Sandstone,24.19487838315736,383.96265624942623,Fault,0.4814464104827508,1.6311811207097064,2588.0,0.12508707006241576,5.169981352313467e-05,9289.929771628922,1.070530410000727,0.7853262954129188,0.5176,148.36269561415233,0
Sandstone,3.648157780441713,945.8853399447538,Dome,0.079469503,1.7480025190300834,2800.0,0.5056058483702813,0.0013859210012267162,3450.738962325208,1.07652385244407,0.13891289143006877,0.56,337.8161928374121,0
Limestone,29.984036826077407,383.9527508133204,None,0.4785086131694892,3.2835161146659337,3939.0,0.11236304204043979,3.7474287632516696e-05,11512.453419860321,1.1093036016214948,1.5711907423484655,0.7878,97.47467652026413,0
Limestone,11.768011245706411,60.56589886,None,0.1733610124719337,4.960985765642167,1714.0,0.07123479752112068,6.053257091091825e-05,712.7401788907971,1.0461719049462885,0.8600415151905774,0.3428,35.33599700116686,0
Shale,14.082955585116128,383.98764562686114,Fault,0.500169229,2.307464807457963,2837.0,0.1639613060583296,0.00011642535195638591,5407.6809585963965,1.0775733116567499,1.154122893690883,0.5674,135.34989271302823,1
Limestone,4.617585293487151,393.1336722194094,Fault,0.4785086131694892,2.480208479564591,711.0,0.28972922618979313,0.0006274474812591772,1815.328263214943,1.0189003735127191,1.1868011199276598,0.1422,552.930621968227,0
Sandstone,10.329985227836136,990.2753740891992,Anticline,0.4814464104827508,2.4172992151494084,941.0,0.30743817078454755,0.0002976172414613877,10229.529985831332,1.025090564662613,1.1638000301964533,0.1882,1052.3649033891597,0
Limestone,23.742292515209268,383.9635281660825,Dome,0.4785086131694892,4.444147211089744,2800.0,0.12627381720829742,5.318518299250447e-05,9116.174400890923,1.07652385244407,2.126562718699607,0.56,137.1298314878866,0
Limestone,15.095375011540336,394.49075030667535,None,0.002794384,0.4026267638691178,784.0,0.1605188749304817,0.00010633646054355446,5954.985814463185,1.0208610262544837,0.0011250937869276409,0.1568,503.17697743198386,1
Sandstone,10.562711539318084,791.5064480381616,Anticline,0.2558198031929346,1.240471055826624,1787.0,0.27181233842547825,0.0002573319714485227,8360.454292137358,1.048185035834364,0.3173370613680988,0.3574,442.9247051136887,0
Sandstone,9.983426068823864,384.00353284331766,Dome,0.9303069129868882,1.3137635390620654,3096.0,0.1947410265263619,0.00019506432479577039,3833.6708803084384,1.08494822816542,1.222203302419559,0.6192,124.03214885120079,0
Shale,22.077538606559663,383.96688495195315,Anticline,0.035195002,2.5658539647403695,2741.0,0.13094870469110692,5.931309056898196e-05,8477.043726167198,1.0748525043845978,0.09030523542074524,0.5482,140.08277451731234,0
Shale,11.279746730304023,911.6680216509668,Dome,0.490102082,2.526697059479593,4281.0,0.28229184657916223,0.0002502643484190656,10283.38438634023,1.1193396398922741,1.2383394894342266,0.8562,212.95679085516628,0
Sandstone,11.007426481038635,684.1591876147161,Dome,0.9654395601267742,2.638647166213336,3353.0,0.24755136939494468,0.00022489486513616605,7530.831958996106,1.0923160854600482,2.5474543594787624,0.6706,204.04389729040145,1
Limestone,14.082955585116128,109.11842011878306,Dome,0.7645566325310303,3.751159993621485,2800.0,0.08740409451039828,6.206374363828369e-05,1536.709864050864,1.07652385244407,2.867974252808364,0.56,38.97086432813681,1
Sandstone,26.58864649367153,15.187954014593936,Fault,0.4814464104827508,2.480208479564591,3088.0,0.023731826787032135,8.925549028108912e-06,403.8271402561775,1.0847196778442276,1.1940874697352533,0.6176,4.918378890736379,1
Limestone,21.06470295590712,309.48323777079537,Fault,0.1908493330635847,3.847942604584283,2498.0,0.12035677559160719,5.713670676654658e-05,6519.172473474179,1.0679961245220764,0.7343772797518634,0.4996,123.89240903554658,0
Shale,2.472179155858446,384.06799681454396,Fault,0.7208252280828008,4.591202511427769,3810.0,0.39137559243708425,0.001583119862124968,949.4848961572236,1.105541493821762,3.3094545974742493,0.762,100.80524850775431,1
Limestone,14.082955585116128,305.5083315004873,Anticline,0.051703,1.193121218731984,2741.0,0.14624946042002204,0.00010384855617565741,4302.460263404298,1.0748525043845978,0.06168794637209977,0.5482,111.4587126962741,0
Sandstone,5.226320252141729,583.5171843461688,Dome,0.4814464104827508,2.638647166213336,2800.0,0.3317863112603736,0.0006348373143119361,3049.647678021101,1.07652385244407,1.270367206703893,0.56,208.39899440934602,1
Limestone,2.950347647706394,934.6024447,Fault,0.4785086131694892,2.4221259769596952,1839.0,0.5588644800221169,0.001894232635454263,2757.4021242612903,1.0496214089792255,1.159008142156778,0.3678,508.2123135943448,1
Shale,18.263938805411808,901.5701123637074,Dome,0.5871917004671171,2.869308679267934,4383.0,0.22061354814029488,0.00012079187873479111,16466.221360999,1.1223503854600614,1.684834242544396,0.8766,205.69703681581277,1
Shale,11.45245276036891,660.6929752,Anticline,0.8153541341503657,2.5658539647403695,4858.0,0.23849552695684764,0.00020824842673192144,7566.555087585588,1.1364780305070823,2.092079637777167,0.9716,136.0010241251544,0
Limestone,16.133488042241297,452.5917328032219,Dome,0.3937204065321951,0.8432797966324268,2800.0,0.1663101750481749,0.00010308383073315295,7301.883309198048,1.07652385244407,0.33201646435050586,0.56,161.63990457257924,0
Limestone,14.082955585116128,516.8499522299884,None,0.2922268549036079,3.6740341550394646,2772.5,0.19022385711981188,0.00013507381740297044,7278.774921424319,1.0757445111603952,1.0736514459356172,0.5545,186.42018114697507,0
Limestone,14.082955585116128,786.8802819260877,Fault,0.5018537136166513,2.480208479564591,2837.0,0.23471296225323374,0.0001666645618774053,11081.60006116875,1.0775733116567499,1.2447018360129984,0.5674,277.3635114297101,0
Sandstone,6.235311642589471,641.8193914798875,Dome,0.6804156412736363,0.2000221111181355,2693.0,0.31857154593380405,0.0005109151942909208,4001.943924134232,1.0734946780361942,0.1360981730053527,0.5386,238.32877515034812,1
Shale,18.75989879112699,809.2236668078247,None,0.500169229,2.1341420380716034,2772.5,0.2062285035588392,0.00010993049901547479,15180.95408869946,1.0757445111603952,1.0674321777587625,0.5545,291.875082707962,0
Limestone,17.987917801321622,383.97634451824655,Anticline,0.7163079820812245,2.837039677,2741.0,0.1450746180390528,8.065114575317538e-05,6906.9349228461715,1.0748525043845978,2.032194166116239,0.5482,140.08622565423076,1
Limestone,28.580185994972272,512.2945910411854,Fault,0.4785086131694892,3.012222832137292,2837.0,0.13294040818973946,4.6514885597009716e-05,14641.474696175335,1.0775733116567499,1.4413745699634868,0.5674,180.5761688548415,0
Limestone,28.524559797492945,119.22698838416004,Fault,0.4785086131694892,2.480208479564591,2837.0,0.06419592479664872,2.2505491847166377e-05,3400.8973596389696,1.0775733116567499,1.1868011199276598,0.5674,42.02572731200565,0
Sandstone,22.553123630489345,108.45383037866368,Dome,0.4814464104827508,3.252499922569702,3214.0,0.06885710275604953,3.053107138691968e-05,2445.972644730123,1.0883249443739886,1.565904412816608,0.6428,33.74419115702044,1
Limestone,16.81739427003146,812.1695091950244,Dome,0.907639293309544,2.638647166213336,866.0,0.21820949066002415,0.0001297522595690539,13658.574850230667,1.0230679029057932,2.394939849235103,0.1732,937.8400799018757,1
Shale,20.611174517474417,383.97005845718604,Fault,0.1250108200898436,3.985890291306556,3161.0,0.1355273534994402,6.575430885054046e-05,7914.073884345915,1.0868069855591902,0.4982794141043782,0.6322,121.47107195735084,0
Shale,0.8468627895211911,536.0791670924575,Dome,0.012619862089148,1.673977704868295,4567.0,0.7900190938061029,0.14285823128309233,453.9854988481153,1.127802029549236,0.021125367775746376,0.9134,117.38103067494143,1
Sandstone,9.2071353958371,13.413168200138331,None,0.3391655910423244,3.125809056840492,2772.5,0.037899464052861286,4.116314404369148e-05,123.49685570581023,1.0757445111603952,1.0601668762487562,0.5545,4.837932624035467,0
Limestone,11.138940641636148,944.285349784892,Fault,0.8681466487286567,2.480208479564591,3804.0,0.2891074806453823,0.00025954665703552634,10518.338460020539,1.1053668229175184,2.1531846796823966,0.7608,248.2348448435573,1
Sandstone,20.168479575394564,383.97106103943355,None,0.4814464104827508,2.4443392314482524,2772.5,0.13700686068068949,6.793117952621334e-05,7744.112502116395,1.0757445111603952,1.176818348982927,0.5545,138.49271813865954,0
Limestone,29.017907625790965,317.6839687645696,None,0.9818172099648392,3.9454516298945177,2772.5,0.10389490515877621,3.5803720412437654e-05,9218.524059804944,1.0757445111603952,3.8737123113142626,0.5545,114.58393823789707,1
Sandstone,6.891069460864031,596.8498026499458,Dome,0.4814464104827508,0.9159520047673332,2800.0,0.29222600546980676,0.0004240648089957959,4112.933447763766,1.07652385244407,0.440981804869712,0.56,213.1606438035521,0
Shale,20.19334044373586,829.3659458749223,Dome,0.500169229,2.3619608696286893,2800.0,0.20123275083758796,9.965302739201429e-05,16747.668897493313,1.07652385244407,1.181380147090351,0.56,296.202123526758,0
Shale,11.031512620131311,503.7606369999136,Fault,0.619183779,2.480208479564591,3436.0,0.21218966625644303,0.00019234865930282304,5557.241824589934,1.094706260603428,1.5357048590846476,0.6872,146.61252532011454,0
Sandstone,14.643526303012049,148.37631034316948,None,0.9501076426861392,3.850322928058418,1936.0,0.09995144933041694,6.825640714003278e-05,2172.752403254081,1.0523060598145824,3.658221240757977,0.3872,76.6406561689925,0
Sandstone,19.36787618249426,19.52964752868306,Anticline,0.3531876007629875,0.097383852,2741.0,0.03153086249963925,1.627997938573077e-05,378.24779522328856,1.0748525043845978,0.03439476904093786,0.5482,7.125008219147413,0
Shale,13.284881111529725,34.61668180292158,Anticline,0.8617848465377039,2.5658539647403695,2741.0,0.050686643157570085,3.81536294770301e-05,459.87850222746766,1.0748525043845978,2.2112140652419385,0.5482,12.629216272499665,0
Limestone,10.689756851323606,322.97517592950555,Anticline,0.310696658,4.273600682052966,2241.0,0.17259583303288373,0.00016145908221618053,3452.526099699879,1.0607923094895617,1.3277934495403771,0.4482,144.12100666198373,0
Shale,20.90264444806213,383.9694100479387,Dome,0.500169229,2.638647166213336,2800.0,0.13457901479773351,6.438372672516575e-05,8025.976057164237,1.07652385244407,1.3197701187279594,0.56,137.1319321599781,0
Shale,0.8920878388380782,384.1150779359957,None,0.500169229,3.3524644763951903,2113.0,0.6515631528684369,0.07881688876185974,342.6643897410424,1.0572225648523401,1.6767995724084712,0.4226,181.7865962782753,0
Limestone,23.668353718047804,911.6038128390176,Fault,0.071427647,0.2999700314763104,1706.0,0.19487166194850664,8.233426974682712e-05,21576.161492994917,1.0459515230711993,0.021426153518868788,0.3412,534.351590175274,0
Limestone,29.832458026766204,383.9529848265161,None,0.1503115512677629,3.326957358830734,2772.5,0.11264817314266291,3.776027206393553e-05,11454.261304088643,1.0757445111603952,0.500080121607547,0.5545,138.48619831434306,0
Limestone,25.76284289516112,477.3609370832135,Fault,0.4785086131694892,1.6385167442255943,2619.0,0.13516249321258877,5.2464121976994834e-05,12298.174826361723,1.0714047222634044,0.7840443749343758,0.5238,182.26839903902768,0
Sandstone,7.114333979331336,384.0191794557007,None,0.3859214304531903,4.365436976073449,3878.0,0.230695424585309,0.0003242684772116808,2732.0406971166294,1.1075230275007186,1.6847156823595146,0.7756,99.02505916856644,0
Shale,6.313790165296028,795.2923731995993,Dome,0.2778943978407497,4.223474558977914,2800.0,0.35240980627279617,0.000558158882456736,5021.3091644425685,1.07652385244407,1.1736799193628933,0.56,284.0329904284283,0
Shale,14.082955585116128,356.1043920322545,Dome,0.4636043222908866,4.3940404949726695,2800.0,0.15789610187614864,0.00011211858258150334,5015.002336655022,1.07652385244407,2.0370961657905164,0.56,127.18014001151947,1
Sandstone,24.25184646912069,364.0098352895996,Dome,0.1087958463809548,2.638647166213336,2800.0,0.12165047304461785,5.0161324087018516e-05,8827.91063869328,1.07652385244407,0.28707385174888783,0.56,130.00351260342845,0
Sandstone,11.43708163534072,712.3424792,None,0.4814464104827508,3.3830572408154183,4807.0,0.2478086485831137,0.00021667122477938953,8147.119086931398,1.1349526851278666,1.628760765048262,0.9614,148.18857482837527,0
Sandstone,20.17169438396113,383.97105367973813,Anticline,0.4814464104827508,2.869407953826288,3949.0,0.13699594138608145,6.791494000375563e-05,7745.346747115211,1.1095957720050795,1.381466159580321,0.7898,97.23247750816363,0
Shale,13.708165496947467,383.98889120310645,Dome,0.2889535655280361,1.820474292720085,2800.0,0.16618786510386274,0.0001212327536758069,5263.783269601538,1.07652385244407,0.5260325378335983,0.56,137.13888971539518,0
Sandstone,10.247885946802327,384.00232547709885,Anticline,0.4814464104827508,2.5658539647403695,638.0,0.1922115290817993,0.00018756212752521462,3935.2120347961745,1.0169434863757478,1.2353211811471856,0.1276,601.8845226913775,0
Limestone,10.299029075872228,715.0958814391463,Anticline,0.752343973,2.5658539647403695,572.0,0.2616457256546168,0.0002540489241530352,7364.793274978248,1.015177481213083,1.9304047659705714,0.1144,1250.1676248936126,1
Limestone,20.170448029285943,174.38711939274606,Fault,0.9203285766270388,2.665607397482073,3628.0,0.09232707512137699,4.577343794611065e-05,3517.4663286882674,1.1002554024767257,2.4532346619711816,0.7256,48.06701196051435,1
Limestone,1.1392790270881958,253.30199286119645,Anticline,0.3333666380761962,0.1794538212885515,2741.0,0.4682026852110459,0.004109640167849773,288.581647986405,1.0748525043845978,0.05982391709289094,0.5482,92.41225569543832,0
Sandstone,14.082955585116128,245.3680573994556,None,0.8658860907297334,3.676239529843195,2772.5,0.1310665161078548,9.30674781410056e-05,3455.507454362758,1.0757445111603952,3.1832046750820373,0.5545,88.50065190241861,1
Sandstone,11.414213915634274,651.9273490522717,Dome,0.2871081798440068,2.638647166213336,4731.0,0.23730464796667938,0.0002079027515347671,7441.238219535002,1.132683419181265,0.7575771851420573,0.9462,137.7990591951536,0
Sandstone,23.06760133713505,383.96485933196703,Dome,0.4814464104827508,0.582603736,3667.0,0.12810738586557682,5.55356337198983e-05,8857.148302538953,1.101386004449879,0.28049247743104017,0.7334,104.70816998417428,0
Sandstone,16.49293654,521.0065856963545,None,0.7024941626624895,3.606642115448506,3101.0,0.17648274924608132,0.00010700504959687508,8592.928554812046,1.0850910965695004,2.533645032915268,0.6202,168.01244298495791,0
Sandstone,6.410944247109852,341.5421324768648,None,0.123253708138059,1.3697611244141772,1956.0,0.22918742801108766,0.0003574940276768258,2189.6075693481876,1.0528604493494473,0.16882813784740452,0.3912,174.6125421660863,0
Limestone,13.727259967512952,383.9888269256599,Dome,0.7279023831125928,2.638647166213336,2800.0,0.16607222821853157,0.0001209798813540062,5271.11445182887,1.07652385244407,1.9206775604799773,0.56,137.13886675916427,0
Sandstone,14.082955585116128,986.4612783007098,Anticline,0.7631864379628072,0.128524301,2741.0,0.26279842889264055,0.00018660743996834348,13892.290368745775,1.0748525043845978,0.09808800347184966,0.5482,359.89101725673464,1
Shale,7.324848261,384.0178327710991,Dome,0.2686179570937993,2.638647166213336,2800.0,0.22735579486581575,0.0003103897674936638,2812.872354566374,1.07652385244407,0.7087880112795691,0.56,137.14922598967826,0
Limestone,29.555236652720243,430.30727192084873,Dome,0.242180718,2.9399492912013034,2800.0,0.11981240068327315,4.053846771423016e-05,12717.833255007125,1.07652385244407,0.7119990302267227,0.56,153.68116854316028,0
Shale,9.438867268055963,384.0061230761144,None,0.5581922352997577,3.686093582184702,2772.5,0.20028055364570693,0.00021218706435624756,3624.582825836206,1.0757445111603952,2.05754881616377,0.5545,138.5053644999511,0
Shale,18.08678647816306,383.97609141054716,None,0.9207131235687668,0.1459876100974039,1593.0,0.1446775127926376,7.999072304376063e-05,6944.893578062187,1.0428435836143577,0.13441270849512,0.3186,241.0396054052399,0
Limestone,14.082955585116128,737.8654929383877,Anticline,0.4785086131694892,2.5658539647403695,2741.0,0.2272852976651278,0.0001613903390459735,10391.326964841131,1.0748525043845978,1.2277832222633498,0.5482,269.195728908569,0
Shale,10.884628799843904,383.9995417884495,Dome,0.500169229,3.6285390857884456,2927.0,0.18650401677515838,0.00017134623532392122,4179.69247167742,1.0801303231788049,1.814883596935172,0.5854,131.19219056660387,0
Shale,10.831158220682578,383.9997692013131,None,0.500169229,4.512583562102894,2740.0,0.18696386600232381,0.0001726166880706331,4159.162256925015,1.0748241988256337,2.2570554410550785,0.548,140.14590116836243,0
Sandstone,14.082955585116128,384.7227078611164,Anticline,0.4814464104827508,2.5658539647403695,2741.0,0.16411816545496502,0.00011653673439715794,5418.03280739371,1.0748525043845978,1.2353211811471856,0.5482,140.3585216567371,1
Limestone,14.082955585116128,982.4413433929524,Dome,0.4785086131694892,2.638647166213336,2800.0,0.2622624164465963,0.00018622682920606094,13835.67780398477,1.07652385244407,1.2626153961483462,0.56,350.8719083546259,1
Sandstone,25.902900435653017,49.77321988344462,None,0.7153705396675714,1.2875700090030184,3128.0,0.04352645707157041,1.6803700102888922e-05,1289.270759002731,1.085862911106948,0.9210896522002691,0.6256,15.912154694195848,0
Sandstone,4.248517349598516,54.36034948629906,Anticline,0.8183383356344703,3.2517820099293058,2367.0,0.11231870049266798,0.0002643715236405521,230.9508879227803,1.0643180489838717,2.6610578778516607,0.4734,22.965927117152116,1
Sandstone,10.530493521904324,986.3497260959284,None,0.5298458033394685,4.043059012634368,1671.0,0.30389303716148586,0.0002885838508227202,10386.749400985278,1.0449878980907412,2.142197850498135,0.3342,590.2751203446609,0
Limestone,19.23797127770609,329.9142352848134,Anticline,0.5736798202909772,4.563144990341432,3770.0,0.13003208898622481,6.759137286836082e-05,6346.88058251561,1.1043775422804334,2.617784198020746,0.754,87.51040723735103,0
Shale,15.98629304090242,693.0146437922976,Dome,0.4440386630403745,4.697912357845619,2605.0,0.2067411696757805,0.0001293240209889897,11078.735177300277,1.071009783177591,2.0860547224586217,0.521,266.0324928185404,0
Sandstone,10.239523231794987,384.0023631768215,Anticline,0.8967600477056256,4.478153694421932,607.0,0.19229001298400786,0.00018779195928470926,3932.00111881324,1.0161136168202825,4.015829320642935,0.1214,632.6233330754885,1
Limestone,29.9495627,485.5702756250092,Dome,0.1144206801560226,0.3343428859467712,2785.0,0.1264330026188178,4.221530841210506e-05,14542.617415087494,1.076098687231941,0.03825574041535705,0.557,174.35198406643056,0
Limestone,6.5477961808118845,87.99496754,Fault,0.4785086131694892,4.563570431968743,2837.0,0.1151094528653553,0.0001757987721161511,576.1731123890778,1.0775733116567499,2.18370775850265,0.5674,31.016907839266832,1
Shale,28.22639719024454,533.3574380632072,Dome,0.3385973542543528,2.638647166213336,4219.0,0.13649322709305026,4.835658839953699e-05,15054.758891143338,1.1175135268618765,0.8934389492905811,0.8438,126.41797536459045,0
Sandstone,10.62462590278485,463.29718095307913,Anticline,0.068620289,3.829399079,2741.0,0.20734933804603942,0.00019515918955009093,4922.359229441284,1.0748525043845978,0.2627744714973138,0.5482,169.0248744812401,0
Sandstone,1.6657509842745166,384.08623308067405,Fault,0.4814464104827508,3.509768886642932,1899.0,0.47680299995566644,0.0028623906241503926,639.7920208004242,1.0512812086261898,1.6897656320982803,0.3798,202.25710009514168,0
Shale,25.349125609203043,178.25422059734862,Dome,0.282008336773056,2.638647166213336,4600.0,0.08326606998205952,3.284770893708051e-05,4518.588628292779,1.1287825668457894,0.7441204986747603,0.92,38.75091752116275,0
Shale,21.79813311995607,761.7800065280328,Fault,0.001365926,2.480208479564591,1901.0,0.18562428032818254,8.515604492673023e-05,16605.381990419064,1.0513365804611348,0.003387781247657743,0.3802,400.72593715309455,0
Shale,26.75679309769688,149.36890683286032,Anticline,0.4123175780831248,2.397319723,755.0,0.07418954697951231,2.7727368787666208e-05,3996.6329353560054,1.0200816855191976,0.9884570620782676,0.151,197.83961169915273,0
Limestone,14.082955585116128,525.2919336143765,None,0.7371069804033034,4.363991489495106,2772.5,0.19177107783802308,0.0001361724651327456,7397.662970311034,1.0757445111603952,3.216728589327452,0.5545,189.4650797527057,1
Limestone,14.082955585116128,583.8385931678188,None,0.02291006,4.780833922486925,2772.5,0.2021757873229182,0.00014356062269811599,8222.172976459076,1.0757445111603952,0.10952919201421081,0.5545,210.58199933915915,0
Sandstone,7.416153567918997,869.9293544,Dome,0.1813879870312804,1.3570007976897576,2800.0,0.34008093327304734,0.00045856781437776434,6451.52968547103,1.07652385244407,0.24614364309278688,0.56,310.68905514285717,1
Shale,16.701969232776534,383.97976959391775,None,0.4672508481440207,2.401752544432062,2772.5,0.15055666298025727,9.014306090613529e-05,6413.218297766237,1.0757445111603952,1.1222209134179408,0.5545,138.49585918626428,0
Sandstone,10.428933587174168,594.2036619560101,Anticline,0.4814464104827508,3.724621336414999,1303.0,0.2370158333582369,0.0002272675642020834,6196.910527794919,1.0349096522323546,1.7932055728244674,0.2606,456.0273691143593,1
Limestone,1.8661527457707288,713.7439031,None,0.8414506733068134,2.066816979719724,1748.0,0.6140832615888635,0.0032906377196644993,1331.955144547182,1.0471090460678731,1.7391245391871162,0.3496,408.3203106979405,0
Sandstone,11.218414034372024,337.8826900003158,Anticline,0.9449086867499136,2.115436849269521,2327.0,0.17232444460403074,0.0001536085618484458,3790.5079114709147,1.0631974988819517,1.9988946551456377,0.4654,145.2009840998349,1
Sandstone,27.009367187234727,383.9575751041478,None,0.4814464104827508,1.745204978452592,1784.0,0.11838973914380567,4.383284448062134e-05,10370.451130308182,1.0481022281508083,0.8402226724326268,0.3568,215.22285600008283,1
Sandstone,3.816746608110322,384.0479382898114,None,0.2556436715589626,2.372592667570699,778.0,0.3149747231777533,0.0008252439984054846,1465.8136658193998,1.0206997345078062,0.6065383006516468,0.1556,493.6348821205802,0
Limestone,18.63679591440502,383.9747081468571,Anticline,0.4785086131694892,2.5658539647403695,2741.0,0.14252640564069474,7.647580962698163e-05,7156.058272026206,1.0748525043845978,1.2277832222633498,0.5482,140.08562865627766,1
Limestone,22.61304606135157,383.9657783092722,None,0.4785086131694892,0.3268520648865419,1700.0,0.1293887072530361,5.7218610399497244e-05,8682.635830890278,1.0457862671315978,0.15640152828044307,0.34,225.862222534866,0
Limestone,14.082955585116128,675.7801624052272,Anticline,0.6899129725565383,1.0184836855464807,2741.0,0.21751312238447532,0.0001544513302409039,9516.982012455379,1.0748525043845978,0.7026651069957112,0.5482,246.54511579906136,0
Limestone,9.189029906626129,425.57024517944336,Dome,0.4785086131694892,3.5265453026103333,808.0,0.21368815205188893,0.00023254701989575667,3910.577710324119,1.021506448155915,1.6874823020314473,0.1616,526.6958479943605,1
Sandstone,7.502474067418254,670.7324881253477,Dome,0.4814464104827508,0.3765010339978203,2800.0,0.29689444231438245,0.0003957287151497606,5032.153098335343,1.07652385244407,0.18126507136129472,0.56,239.5473171876242,0
Sandstone,24.09018091377004,316.2577348717951,Dome,0.4814464104827508,0.1553400440815627,661.0,0.11377063848189116,4.722697554208047e-05,7618.706048440664,1.0175596339864235,0.07478790662730064,0.1322,478.45345668955383,1
Limestone,29.23048369572092,383.9539260668255,None,0.4785086131694892,3.5695737085125296,2772.5,0.1138023429797786,3.893276080013628e-05,11223.158975804377,1.0757445111603952,1.708071764866601,0.5545,138.48653780588836,1
Limestone,11.032093658859088,383.998920356124,Dome,0.7931143766896918,2.638647166213336,3438.0,0.18525318339002259,0.00016792205461495422,4236.3120542695315,1.0947639196711236,2.0927490025353115,0.6876,111.69253064459686,1
Sandstone,29.48580353566261,561.5586220459556,Anticline,0.9946622988722544,3.990212216767074,2741.0,0.13703159543457255,4.6473753129649336e-05,16558.00720340446,1.0748525043845978,3.9689136565176923,0.5482,204.87363080844787,1
Sandstone,6.086195277427038,179.3055902727377,Anticline,0.6203378054437996,2.5658539647403695,1837.0,0.17043297373163527,0.0002800320495199202,1091.2888367342036,1.0495661274789974,1.5916962175763132,0.3674,97.60783357253005,1
Limestone,8.500922066733546,384.0109563476491,Anticline,0.980533871,4.521051568033964,2741.0,0.21104177867100585,0.0002482575149075541,3264.4472126831824,1.0748525043845978,4.433044194994962,0.5482,140.09885310020033,1
Shale,9.966167128419649,384.0036127456503,Anticline,0.7748652675011075,2.5658539647403695,2741.0,0.19490959554896417,0.00019557126931291118,3827.0441825400885,1.0748525043845978,1.9881911187573238,0.5482,140.0961739312843,0
Sandstone,11.035289918947669,383.9989069789226,Anticline,0.3984876891393349,3.7899749888783534,3449.0,0.18522634986553135,0.0001678491015877131,4237.539267071428,1.095081098833218,1.5102583752140115,0.6898,111.33630240038347,0
Sandstone,0.4370146425383669,229.1805526058712,None,0.4814464104827508,2.4443392314482524,4118.0,0.7190689482543585,0.9263426198288074,100.1552572738002,1.1145451071809842,1.176818348982927,0.8236,55.65336391594735,0
Sandstone,22.03050106005887,383.96698343577526,Fault,0.5515324893305936,2.480208479564591,1978.0,0.13108844191720412,5.950315953315582e-05,8458.985035609454,1.0534706151853686,1.3679155567931056,0.3956,194.11879850140306,0
Shale,0.9433786517684262,384.11249561574937,Dome,0.500169229,4.892511916,2996.0,0.6336009850167853,0.03802857097227383,362.3635282413911,1.0820948070499146,2.447083912899033,0.5992,128.20844312942236,0
Shale,0.4119956424773485,384.15076601394634,Fault,0.1214452669621364,1.9935256328644928,2837.0,0.9588136065560672,1.3684284991872786,158.26844165208138,1.0775733116567499,0.24210425267909025,0.5674,135.40739020583231,0
Limestone,13.438309206231098,383.98980931707064,Fault,0.4785086131694892,1.142535727572327,4703.0,0.16784839107329397,0.00012490290891317322,5160.173789644515,1.1318485180541271,0.5467131864972276,0.9406,81.64784378419533,1
Sandstone,14.082955585116128,667.5231542979183,None,0.6551089707147064,2.0536178498121407,2772.5,0.21618019815015221,0.0001535048497764396,9400.698934014203,1.0757445111603952,1.34534347583178,0.5545,240.76579054929425,0
Limestone,11.43689858,159.39741232337042,Dome,0.6211640962755061,1.2281990483054457,2800.0,0.11722389470216617,0.00010249622647450824,1823.0120386568294,1.07652385244407,0.7629131518870887,0.56,56.92764725834658,1
Limestone,10.698487276366036,804.2187667296118,Anticline,0.1075462619547223,3.602341585548351,2272.0,0.27224227322707406,0.00025446800673258063,8603.924243271538,1.0616586685538876,0.3874183718097727,0.4544,353.9695276098644,0
Sandstone,10.282217467349815,48.75190994809152,Fault,0.4814464104827508,2.480208479564591,765.0,0.06837259651524082,6.649596425318894e-05,501.27774003493187,1.0203503564735787,1.1940874697352533,0.153,63.727986860250354,1
Sandstone,15.173185016076328,383.9842024341955,Fault,0.5615359031013367,3.11820134885494,2837.0,0.1579603000452795,0.00010410490604175527,5826.263346784554,1.0775733116567499,1.7509820104810652,0.5674,135.34867903919474,0
Shale,22.570055339336548,795.8457035405712,Dome,0.7291343839138855,3.655697793238597,2800.0,0.18645660577354273,8.261238307580669e-05,17962.28157048392,1.07652385244407,2.665494958248375,0.56,284.2306084073469,0
Shale,29.78312959538201,688.7993035202478,Anticline,0.2323087763821816,3.4193449891904235,1257.0,0.15100482769198628,5.0701464132030025e-05,20514.59892195241,1.0336567250667557,0.7943438504673712,0.2514,547.9708063009132,0
Sandstone,15.436853710448952,539.8399387,Anticline,0.7391028574658923,3.305185163284175,647.0,0.1856875386774614,0.00012028846172958974,8333.430160769629,1.0171845431703608,2.4428717986372055,0.1294,834.3739392581143,1
Limestone,11.309490766859886,383.9977735668213,None,0.7036189940216878,3.1108569820650636,4381.0,0.1829668773109062,0.0001617817115577411,4342.819274648718,1.122291273467338,2.188858060265964,0.8762,87.65071298032899,1
Limestone,21.176473340451647,383.96880906926515,Anticline,0.6616048816209097,1.5214592925741977,1777.0,0.13370597138655604,6.31389227266415e-05,8131.105248820262,1.0479090356623064,1.006604895154585,0.3554,216.0769887840547,1
Limestone,29.19782649091476,497.2733430140364,Fault,0.2309898731999522,2.4948567843521734,2837.0,0.12958417729743746,4.438144645381706e-05,14519.300787880975,1.0775733116567499,0.576286652269549,0.5674,175.28140395277984,0
Sandstone,14.082955585116128,429.7613913780745,Dome,0.2953711827074859,2.638647166213336,2800.0,0.17345884162052727,0.00012316934507970113,6052.3105869751325,1.07652385244407,0.7793803342321892,0.56,153.48621120645518,0
Sandstone,11.349171899184627,366.3501413,Dome,0.4586536164091378,2.638647166213336,4514.0,0.17840036670138287,0.00015719240864983279,4157.770728904277,1.12622900943153,1.21022506521147,0.9028,81.15864893664155,0
Sandstone,14.082955585116128,253.1900205649396,Fault,0.5082519696529233,1.0395409208988649,2837.0,0.1331392282768124,9.453926590347514e-05,3565.6638142106835,1.0775733116567499,0.5283487205816618,0.5674,89.24568930734564,0
Sandstone,11.339014623089458,383.9976531723848,Fault,0.4003108992311129,2.6970473063999325,4480.0,0.1827284942395161,0.0001611502412806038,4354.155004553705,1.1252210575653672,1.079657432493808,0.896,85.71376186883589,0
Limestone,17.217874083689466,129.1484956901033,Anticline,0.4785086131694892,3.807346644686584,2741.0,0.08599724932865019,4.994649682687341e-05,2223.66253689011,1.0748525043845978,1.8218481628044854,0.5482,47.11729138639303,0
Shale,11.367418058654131,947.9222984510604,Dome,0.1393058666727579,3.276345873988189,4575.0,0.28673790094547824,0.0002522454082940864,10775.429053613516,1.1280396573173679,0.4564142014956391,0.915,207.19613080897494,0
Sandstone,9.85156498849816,384.00414684644835,None,0.4814464104827508,2.4443392314482524,2772.5,0.19604013455306307,0.00019899390074769102,3783.0418085105766,1.0757445111603952,1.176818348982927,0.5545,138.50465170295703,0
Shale,15.091312426710642,496.0290986885328,Anticline,0.6551364772498361,2.5658539647403695,3548.0,0.18001957007793692,0.00011928688836851193,7485.730101048335,1.0979398497344002,1.680984527597531,0.7096,139.8052702053362,0
Sandstone,7.7938324851348115,384.01496676264173,Dome,0.4814464104827508,2.638647166213336,2427.0,0.22040842441714814,0.0002827985138730316,2992.9483227326423,1.066001088894118,1.270367206703893,0.4854,158.22619149676214,1
Shale,5.752086521707994,742.9180579,Fault,0.8803787251861742,2.480208479564591,3252.0,0.3568513963279888,0.000620386002507534,4273.328947580069,1.089414597032485,2.183522779435014,0.6504,228.44958730012303,1
Limestone,7.366518778334732,384.0175707941429,Dome,0.4785086131694892,4.074916822392704,852.0,0.2267117587016367,0.00030775969697980867,2828.872646465541,1.0226907816425557,1.9498827974641546,0.1704,450.724848349933,0
Limestone,22.87333566,383.9652498440861,Dome,0.0160771455452219,3.4398978882277875,2800.0,0.1286503159124403,5.6244667513632035e-05,8782.566041459544,1.07652385244407,0.055303739009739596,0.56,137.1304463728879,0
Limestone,14.220187978453351,383.98719782451457,Dome,0.209182252913474,3.056272532113788,760.0,0.16316813588049273,0.00011474400769365891,5460.370134384151,1.0202160121521728,0.63931797378513,0.152,505.24631292699286,1
Shale,14.082955585116128,383.98764562686114,None,0.1374154998264681,1.4122464994794044,2772.5,0.1639613060583296,0.00011642535195638591,5407.6809585963965,1.0757445111603952,0.1940645586041423,0.5545,138.49869995558564,0
Shale,5.929176617733905,758.6502322,Dome,0.7104198012406638,3.0010110403508063,2800.0,0.3551838839758929,0.0005990441959741149,4498.171217798637,1.07652385244407,2.1319776668070576,0.56,270.94651150000004,0
Limestone,10.792151373564613,383.9999358086837,None,0.4785086131694892,2.5413850197158783,2603.0,0.18730148033920127,0.00017355342216381108,4144.185434686408,1.0709533751936584,1.21607462131396,0.5206,147.52206523576015,0
Shale,25.754107577947888,383.95977251165067,Dome,0.9644367331750016,2.638647166213336,2800.0,0.12124092976200891,4.7076346712872396e-05,9888.54128686945,1.07652385244407,2.5448082529842653,0.56,137.12849018273238,0
Sandstone,21.84036773388592,892.8498004533589,Anticline,0.3685986951861589,0.6019858774064746,3112.0,0.2007654043348874,9.192400365282974e-05,19500.16797302802,1.0854054732845362,0.22189120893252154,0.6224,286.9054628706166,0
Limestone,6.4546686487216665,384.0236732965634,Anticline,0.0597666076413462,2.5658539647403695,3105.0,0.2421986234608483,0.0003752301421527118,2478.7455643942594,1.0852054048381716,0.1533523871756302,0.621,123.679121834642,1
Limestone,23.63226564907109,547.1328203888982,None,0.4785086131694892,2.435525839508468,2139.0,0.15108569675662264,6.393195599617057e-05,12929.98815675594,1.057946695690597,1.1654200918016528,0.4278,255.7890698405321,1
Shale,22.37152998614362,155.33874296983214,None,0.500169229,2.999132846781553,2331.0,0.08274117768333626,3.6985033090979534e-05,3475.165346359456,1.063309500782748,1.5000739636433045,0.4662,66.64038737444537,0
Shale,0.4649472547857092,384.1451802951676,Dome,0.500169229,4.829151989990087,4558.0,0.9025587865374062,1.0386480433714809,178.6072470173995,1.1275347581440356,2.4153932275571575,0.9116,84.2793287176761,0
Limestone,16.48027934708273,362.40823576720703,Dome,0.4390099911996094,4.7550100620450815,2534.0,0.14724697885064716,8.934738043546102e-05,5972.58896312699,1.0690091179820247,2.087496925492465,0.5068,143.0182461591188,1
Sandstone,26.70414160340741,825.3677418708844,Anticline,0.4814464104827508,2.5658539647403695,4882.0,0.17456777741392365,6.537104993168889e-05,22040.737053804714,1.1371965492794913,1.2353211811471856,0.9764,169.06344569252036,0
Shale,11.591044114104209,689.1630104383643,Anticline,0.7078652030027721,4.322081560674681,3626.0,0.24211926588309454,0.00020888477647020522,7988.118855799939,1.1001974541834052,3.059451141341521,0.7252,190.06150315454062,0
Limestone,19.37277533814098,802.6158688915245,None,0.4785086131694892,4.688254925958368,4809.0,0.20210990507406695,0.0001043267686463872,15548.89691086232,1.135012464007424,2.2433703628053654,0.9618,166.89870428187243,1
Limestone,13.143349530998856,383.9908341726561,Dome,0.2976637947582136,4.645854396735861,3252.0,0.16972157301585805,0.00012913114165880342,5046.925750231039,1.089414597032485,1.3829026496265275,0.6504,118.07836229171467,1
Shale,6.104639836659375,716.8370861392206,None,0.1521707161131296,0.7059299228985916,4102.0,0.34025918526712357,0.0005573779852233226,4376.032232440314,1.1140755865061425,0.10742186189316505,0.8204,174.75306829332533,0
Limestone,11.025994278272927,405.7525143449239,None,0.7311079607181669,3.265682054090617,3417.0,0.19048087462838914,0.00017275618853143955,4473.824901561985,1.0941586508976204,2.387566146920105,0.6834,118.74524856450802,1
Limestone,4.353167201893507,207.3825230604197,None,0.7997149245278878,4.639909527167927,2479.0,0.21672701567965383,0.0004978605360836671,902.7707976325429,1.0674618761445884,3.710604897335327,0.4958,83.65571724905998,0
Shale,29.243095302612392,383.95390614936997,None,0.500169229,2.907579171609394,2772.5,0.11377779773633497,3.890757683444365e-05,11228.000669336321,1.0757445111603952,1.4542816325203294,0.5545,138.4865306219549,0
Limestone,4.474224778192123,462.8994223635856,None,0.9501234554573654,1.5520015096658173,1970.0,0.319384671027102,0.000713832422062966,2071.1160653499755,1.0532486957967593,1.4745930372387341,0.394,234.9743260728861,0
Sandstone,19.1496671937548,47.21193107202261,None,0.49369085496935,3.321967074045084,3479.0,0.04930317809801614,2.574623234919465e-05,904.0927676037243,1.0959466000559068,1.6400247649653477,0.6958,13.570546442087556,0
Limestone,24.394499650914423,507.27659820073177,Dome,0.9482437133026532,2.638647166213336,2735.0,0.14318782904998198,5.8696768164545904e-05,12374.758797724808,1.0746826822115554,2.5020805869856573,0.547,185.4759042781469,1
Sandstone,14.082955585116128,383.98764562686114,Dome,0.4814464104827508,3.890897433578888,2800.0,0.1639613060583296,0.00011642535195638591,5407.6809585963965,1.07652385244407,1.8732586029531029,0.56,137.13844486673614,0
Limestone,16.41914232344053,383.98055823458833,Fault,0.0281840523451168,2.217600921953748,2837.0,0.15184798462563096,9.248228782866909e-05,6304.63143508785,1.0775733116567499,0.06250098046492371,0.5674,135.34739451342557,0
Shale,29.93932366674781,905.9705456741044,Dome,0.500169229,3.151248537678081,2606.0,0.17272917336142762,5.7693077934579314e-05,27124.145399477144,1.0710379882836931,1.5761575514778234,0.5212,347.64794538530487,0
Limestone,0.048035626,490.8600906146052,Dome,0.2533587822148069,1.9021618624436765,3228.0,3.1741451472510676,62.90483438454618,23.578771731089287,1.088726268493852,0.4819294130441789,0.6456,152.06322509746133,0
Sandstone,28.31784850429373,383.95539068635884,Dome,0.4814464104827508,2.2345254590175374,2892.0,0.11562184780883773,4.0830025554839176e-05,10872.79058586322,1.079135209601735,1.0758042613763144,0.5784,132.76465791367872,0
Limestone,1.6532891982200026,518.0928669354122,Dome,0.4021589972736478,2.638647166213336,4206.0,0.5558518307979947,0.0033620967910299483,856.5573405791502,1.1171310101764718,1.0611556985233075,0.8412,123.17947383152928,0
Sandstone,24.76374977388856,880.0255278744846,Anticline,0.1189756594327186,4.968353234599424,1150.0,0.18718415349487816,7.558796838282111e-05,21792.731966917927,1.03074817223628,0.5911131023811469,0.23,765.2395894560736,1
Limestone,8.012250223689971,755.6756695214056,Dome,0.4785086131694892,4.393095278524896,3547.0,0.3049440162493738,0.0003805972201763496,6054.662552159951,1.0979109361848398,2.102133929248379,0.7094,213.04642501308302,0
Shale,10.697642084993694,882.7318132361906,Dome,0.500169229,1.797799289620812,2269.0,0.2852331549517449,0.00026663179856415347,9443.148995038267,1.061574796439648,0.8992038845863893,0.4538,389.0400234624022,0
Limestone,13.584411426327502,383.98930997818,None,0.3425235073667625,2.0275705221002873,4370.0,0.16694322613885618,0.00012289323467876495,5216.2687700552015,1.1219662131534276,0.6944905666632483,0.874,87.86940731766133,0
Shale,18.32312192055116,149.25329478972915,None,0.9868617025302162,2.5265463967685786,4906.0,0.08961730425061645,4.890940781772671e-05,2734.7863174761706,1.1379155223230897,2.4933518786366227,0.9812,30.422603911481687,0
Sandstone,15.397815137113268,95.7758419625046,Fault,0.3837267594912731,4.609840627541645,2837.0,0.07831195874383728,5.085913686226977e-05,1474.7387091400215,1.0775733116567499,1.768919205777772,0.5674,33.75954951092866,1
Limestone,0.8683295023010118,555.3767127,Dome,0.4766196381514483,3.1093728049100022,2800.0,0.794110982697159,0.1204162567814272,482.24998452836303,1.07652385244407,1.481988141154159,0.56,198.3488259642857,0
Limestone,21.22606313236331,383.96870106509283,Dome,0.8239170278274891,3.4552227246812404,4001.0,0.13354967472001522,6.291777890568528e-05,8150.143889659196,1.1111162989293084,2.846816837801366,0.8002,95.96818322046808,1
Sandstone,2.420093021735321,384.06898032866667,Dome,0.3156136260212207,0.6624676684007214,514.0,0.39556534317928327,0.001634504705507742,929.4826591584066,1.0136280691989759,0.2090838229457753,0.1028,747.2159150363165,0
Shale,26.02924844,894.0936860834902,Fault,0.6326436363041963,3.358989483,2837.0,0.18403072953716618,7.070151485986054e-05,23272.586683702535,1.0775733116567499,2.1250433208326727,0.5674,315.15463027264366,0
Shale,28.291856922209146,746.1183741269676,None,0.500169229,0.3572554374352865,2772.5,0.16125113831353552,5.6995600803761016e-05,21109.07428783148,1.0757445111603952,0.178688176698065,0.5545,269.1139311549027,0
Shale,20.283761927648708,497.70520115299655,Fault,0.1348463625187238,4.129075632208297,2837.0,0.15553978182197045,7.66819204330903e-05,10095.333810339893,1.0775733116567499,0.5567908295679886,0.5674,175.43362747726349,0
Limestone,14.082955585116128,866.7416207002298,None,0.3598985097939225,1.95257486389319,2772.5,0.24633582080470098,0.00017491770056070208,12206.283748092905,1.0757445111603952,0.7027287837762302,0.5545,312.6209632823191,0
Limestone,20.36702526690622,691.3825329979651,Dome,0.4785086131694892,1.032358497680835,1230.0,0.18294689740121745,8.982504563318948e-05,14081.40551866718,1.0329220178776835,0.49399243301899376,0.246,562.0996203235488,0
Limestone,26.60522708494821,753.5062791,None,0.039873622,0.9822546668631004,2772.5,0.16710506007071116,6.280910872782969e-05,20047.205665389865,1.0757445111603952,0.039166051294235185,0.5545,271.7786398917944,0
Shale,17.069495829123685,814.7392332329769,None,0.3208242558583879,1.9624727675751639,4263.0,0.2169344954936501,0.00012708898825442762,13907.187943493727,1.1188091708531853,0.629608865299653,0.8526,191.11875046515996,1
Sandstone,3.958959588718853,694.1515408859941,Fault,0.4814464104827508,2.480208479564591,3579.0,0.4157825512465008,0.00105023186503667,2748.1178988145734,1.0988365475445114,1.1940874697352533,0.7158,193.95125478792792,1
Shale,20.82217000592953,383.96958816471505,Fault,0.4270158164574551,3.5150806126871155,3602.0,0.13483885874030405,6.475735175627996e-05,7995.080041872444,1.0995023126753796,1.5009950177403601,0.7204,106.59899726949335,0
Shale,0.7261813326758948,878.9221571278405,Fault,0.2698971895557781,2.1915469306861928,2408.0,1.0924015663757995,0.41190805605751923,638.2568633814674,1.0654678385020375,0.5914923573717952,0.4816,365.00089581720954,0
Shale,10.687843463788772,384.0003843081072,Fault,0.1776682298391592,3.8657987489382832,779.0,0.18821335460060493,0.00017610040345209592,4104.13599751978,1.0207266146957954,0.686829620638301,0.1558,492.94015957395015,0
Sandstone,20.98018398757929,383.9692390746598,Dome,0.4814464104827508,2.638647166213336,2800.0,0.1343300629931366,6.402711390551333e-05,8055.745281357183,1.07652385244407,1.270367206703893,0.56,137.1318710980928,0
Shale,1.0862178446215487,384.1059830066434,Anticline,0.095109374,1.4601104200651216,697.0,0.5904684774431002,0.005436004208242652,417.2227729677174,1.018524788475909,0.13887018802327075,0.1394,551.0846241128313,0
Sandstone,24.804213383430984,655.1564887303274,Anticline,0.2569485115808476,3.7918016114546633,2741.0,0.16137618412996185,6.505998865408884e-05,16250.641346006438,1.0748525043845978,0.9742977802731351,0.5482,239.02097363382975,0
Limestone,16.970645164230174,842.0887438,Fault,0.703753508,2.480208479564591,2837.0,0.22118690039375122,0.0001303349980235031,14290.78926782213,1.0775733116567499,1.7454554180649273,0.5674,296.82366718364466,1
Shale,21.72697642835848,383.9676240356839,None,0.500169229,2.5005076870000003,2130.0,0.13200102534237582,6.075443850994631e-05,8342.455516676115,1.0576959789046931,1.2506770019153635,0.426,180.2664901575981,0
Sandstone,0.9980391350807528,900.3346225746774,Anticline,0.4047915943205342,1.0775769917642142,3121.0,0.9431002026457949,0.009449531280849896,898.5691879976871,1.0856627583429006,0.4361941084993614,0.6242,288.47632892492067,0
Sandstone,12.071806944432904,383.9947613135599,Dome,0.0298107228538261,2.638647166213336,1685.0,0.17709494183121197,0.00014670127069326766,4635.510626250887,1.0453732415036963,0.07865997938101937,0.337,227.89006606145986,0
Sandstone,4.688511286493286,560.6117236717911,None,0.3822307080175047,4.576216550138411,2772.5,0.343354902692304,0.0007323324648517847,2628.434393775648,1.0757445111603952,1.7491704920008275,0.5545,202.20440889875243,0
Shale,24.30775760098594,533.1529950331019,Anticline,0.1901781355239925,2.5658539647403695,2741.0,0.14705612782298086,6.0497611600757506e-05,12959.753767504302,1.0748525043845978,0.4879693230411674,0.5482,194.51039585301052,0
Limestone,14.082955585116128,383.98764562686114,None,0.3473337657310634,0.1960074954126373,2772.5,0.1639613060583296,0.00011642535195638591,5407.6809585963965,1.0757445111603952,0.06808002149318544,0.5545,138.49869995558564,0
Sandstone,1.881665142433764,432.95003853533257,Anticline,0.4814464104827508,1.0272935481518364,4711.0,0.4762964773520222,0.002531249937148624,814.6669959272901,1.1320869984169581,0.4945867912697905,0.9422,91.90193982919392,1
Shale,11.069628379732697,20.08018056187317,Anticline,0.6560077089045355,2.5658539647403695,2741.0,0.04229090065219284,3.820444481191704e-05,222.2801366178681,1.0748525043845978,1.6832199807929487,0.5482,7.325859380471788,0
Sandstone,29.72137675869315,593.1795270282046,Anticline,0.4814464104827508,2.5658539647403695,3009.0,0.1402775794260066,4.719753750471101e-05,17630.112208348673,1.0824653269935165,1.2353211811471856,0.6018,197.1351036983066,0
Shale,26.63618795553991,858.9165099432364,None,0.8206600394112492,3.4619801182337477,4559.0,0.17830728532649534,6.694174317440579e-05,22878.26159696441,1.1275644518387027,2.8411087402706685,0.9118,188.40019959272567,1
Sandstone,12.321277361749988,965.872936283272,Dome,0.3773484566398125,2.113039396370533,1303.0,0.27801087187217904,0.00022563478096453892,11900.788344154069,1.0349096522323546,0.7973521550395416,0.2606,741.2685619979064,1
Limestone,8.343874664598372,384.01181747159916,Fault,0.4785086131694892,2.480208479564591,2634.0,0.21301886034752146,0.0002552996885863158,3204.1464747076507,1.0718280328959904,1.1868011199276598,0.5268,145.79036350478327,1
Limestone,10.898396390945575,383.99948341511583,Dome,0.4785086131694892,2.638647166213336,2975.0,0.18638616313978992,0.00017102164066508003,4184.978584176263,1.0814965427256078,1.2626153961483462,0.595,129.07545661012296,1
Limestone,25.49839487835565,383.96023326745177,Anticline,0.1338729691127451,1.8033056209159304,729.0,0.12184742347702819,4.77863112789341e-05,9790.369645439034,1.0193834720751418,0.24141387768971798,0.1458,526.6944214917035,0
Sandstone,16.623784900748227,383.97998626103606,Dome,0.9980480217275736,1.4950599664605484,2800.0,0.15091033634036413,9.07797696140617e-05,6383.200697795723,1.07652385244407,1.4921416418900428,0.56,137.13570937894147,0
Limestone,14.082955585116128,383.98764562686114,None,0.1745104023908695,2.9402100227171384,2772.5,0.1639613060583296,0.00011642535195638591,5407.6809585963965,1.0757445111603952,0.5130972341780354,0.5545,138.49869995558564,1
Sandstone,4.006292685166535,384.0456998136814,Fault,0.2888246505798262,2.5135605403066386,2837.0,0.3074324912508406,0.000767374017353056,1538.5994779332148,1.0775733116567499,0.725978244765304,0.5674,135.37035594419504,0
Shale,18.61113756371163,253.01682051124507,Anticline,0.500169229,2.5658539647403695,2741.0,0.11577582528099663,6.220781770306113e-05,4708.930852467716,1.0748525043845978,1.2833611992707838,0.5482,92.30821616608722,0
Sandstone,3.678841499340197,384.04963791848655,None,0.3673768866473845,2.1021306599421536,4327.0,0.3208246946642372,0.0008720807752162666,1412.8577457811048,1.1206964259590046,0.7722742171755601,0.8654,88.75656064674985,0
Shale,17.01386122597119,383.9789152462986,None,0.100666386519343,0.4850981574620028,2772.5,0.14917013875090102,8.767565267500649e-05,6532.963977699477,1.0757445111603952,0.048833078618891086,0.5545,138.4955510356352,0
Limestone,10.36970806625578,384.00177975597177,Fault,0.3877415283268735,4.336131793996858,2962.0,0.19107901843002745,0.00018426653596143223,3981.9863529920763,1.0811263543897567,1.6812983688310896,0.5924,129.6427345563713,0
Sandstone,12.336122016355622,719.0894267142154,None,0.4814464104827508,2.4443392314482524,2772.5,0.23973518114507578,0.00019433593541570623,8870.774908617776,1.0757445111603952,1.176818348982927,0.5545,259.3649870925935,0
Limestone,10.655186934646615,384.0005256236787,Anticline,0.052673156,2.5658539647403695,2118.0,0.18850159129938565,0.0001769106374722063,4091.5973835228538,1.057361782279197,0.13515162615798798,0.4236,181.30336431712877,0
Limestone,5.182702687386297,384.03380930071927,Anticline,0.7973244634002504,0.3561201436786082,4208.0,0.27029389108670626,0.0005215307676138739,1990.3330555100345,1.117189850373937,0.2839433024645664,0.8416,91.26278738134964,1
Sandstone,28.0362073686558,383.9558522159539,None,0.7405210369587861,3.2215631108763585,2772.5,0.11620121311453241,4.144683750785929e-05,10764.665893135443,1.0757445111603952,2.385635255494334,0.5545,138.48723253956857,1
Limestone,23.601250221219274,500.73124744687607,None,0.3533983534076544,1.498327476524809,2772.5,0.1446320328225752,6.128151325328532e-05,11817.883464576988,1.0757445111603952,0.5295064630693135,0.5545,180.60640124323754,0
Shale,5.7339626534669055,384.02914112892313,None,0.063957897,1.191873691,2772.5,0.25697111480227686,0.00044815624086233866,2202.0087530762166,1.0757445111603952,0.07622973476598784,0.5545,138.51366677328156,0
Shale,14.990496908487126,383.984761790978,Fault,0.500169229,2.480208479564591,3493.0,0.15892002638094924,0.00010601384820737593,5756.122384533821,1.0963507346913925,1.2405239629830838,0.6986,109.92979152332607,0
Sandstone,21.0343265989996,82.34626101822857,Dome,0.0115210120260433,4.0880526545862175,2378.0,0.06212798722425615,2.953647549962973e-05,1732.098148463889,1.0646264072526388,0.04709850379658605,0.4756,34.628368804974166,0
Sandstone,17.388973746054546,440.91884876084674,Anticline,0.4154964455368388,3.6268257642185104,4609.0,0.15811461124150245,9.092808670056087e-05,7667.126285242959,1.129050134032191,1.50693321361422,0.9218,95.66475347382224,0
Sandstone,20.3517565650904,383.97064332335265,None,0.075248018,3.8341517100369673,2772.5,0.13638848622118313,6.701558451968311e-05,7814.477061058027,1.0757445111603952,0.2885123168915925,0.5545,138.4925674746087,0
Sandstone,22.04125710795077,823.5241294691941,Fault,0.4814464104827508,2.480208479564591,1941.0,0.1919329913937672,8.707896761683922e-05,18151.507072231845,1.0524446298250834,1.1940874697352533,0.3882,424.2782738120526,0
Shale,10.640885874952405,177.58011055603728,Anticline,0.1203804646651247,3.625673132908408,2067.0,0.12827378697158814,0.00012054803376242571,1889.6096900882235,1.0559426242616514,0.4364602164633726,0.4134,85.91200317176452,0
Shale,18.145182880877435,383.9759425626753,Anticline,0.1812116173712074,4.014165221251037,2566.0,0.14444449031843307,7.960486883307084e-05,6967.313699657033,1.0699103632020013,0.727413372138151,0.5132,149.6398840852203,0
Sandstone,6.251987208549949,838.8585430547553,Fault,0.4814464104827508,2.325544781179655,4341.0,0.3637181501145451,0.0005817640663390031,5244.5328809611765,1.1211096871905026,1.119625187315839,0.8682,193.24085304186943,1
Limestone,4.624425730090024,148.96281396413397,None,0.7031071510992242,0.2579905677408406,2772.5,0.17821312162118097,0.000385373518838439,688.8674697223546,1.0757445111603952,0.18139501309473385,0.5545,53.728697552437865,0
Sandstone,18.727222109925545,898.2460265,Fault,0.8625743540614568,1.6724030406202832,1242.0,0.21746562619269197,0.00011612273561781159,16821.652847623565,1.033248489912668,1.4425719724934571,0.2484,723.2254641706924,1
Shale,9.423294572681122,384.00619932870666,Fault,0.500169229,2.480208479564591,3490.0,0.20044599449061223,0.00021271328508791506,3618.6035340101066,1.0962641218686555,1.2405239629830838,0.698,110.03042960707927,0
Shale,14.082955585116128,383.98764562686114,Anticline,0.3567566791976942,3.303723593302866,2741.0,0.1639613060583296,0.00011642535195638591,5407.6809585963965,1.0748525043845978,1.1786254581338043,0.5482,140.09034864168592,0
Limestone,7.324426815207216,384.01783542827917,Dome,0.4785086131694892,2.638647166213336,2800.0,0.22736233655776172,0.00031041655858408544,2812.7105313287198,1.07652385244407,1.2626153961483462,0.56,137.14922693867115,0
Sandstone,11.378501751826336,383.99749263816466,None,0.5783104301259233,0.020428275,3319.0,0.1824111166839295,0.00016031206978076102,4369.316142680277,1.0913384849653365,0.011813884501980646,0.6638,115.6967437897453,0
Sandstone,5.597354978,375.4557390179425,Anticline,0.2707418134894911,3.784244159771453,1758.0,0.2571683962326355,0.0004594462871185003,2101.5590498107495,1.0473848355372284,1.0245531265035388,0.3516,213.56981741634954,0
Shale,14.766969455472248,383.98545553853853,Fault,0.5112067433256329,2.480208479564591,962.0,0.16011843885284918,0.00010843012802028485,5670.301493283196,1.0256576262201795,1.267899299606834,0.1924,399.15328018559103,0
Limestone,2.248801304100392,544.3924759,None,0.4785086131694892,0.6100493692538023,2772.5,0.48855128838286754,0.0021724964650814585,1224.2305097463611,1.0757445111603952,0.2919138776465586,0.5545,196.35436461677187,0
Limestone,10.88720889771974,383.9995308434488,Dome,0.5173819588480452,2.638647166213336,2936.0,0.18648191354362606,0.00017128532693322672,4180.683108919001,1.0803863578129396,1.3651884395642992,0.5872,130.79003094122916,0
Sandstone,25.52855698,383.9601786800731,Dome,0.2050815841460749,2.638647166213336,2800.0,0.12177541191475269,4.77016433048511e-05,9801.949299485228,1.07652385244407,0.5411379408495824,0.56,137.12863524288326,0
Limestone,27.9192742905588,841.2039375300477,Anticline,0.1973414181912892,2.5658539647403695,2553.0,0.17235672518264014,6.173395604373729e-05,23485.803466199493,1.0695441407304385,0.5063492602736067,0.5106,329.4962544183501,1
Shale,13.52118174751157,511.4978268469302,Dome,0.9912958069003978,3.990084176252881,2800.0,0.1931275447440782,0.00014283333243384684,6916.055080254546,1.07652385244407,3.9553537130991088,0.56,182.6777953024751,0
Sandstone,28.12984381849776,397.8100970025904,Fault,0.8067817123525782,2.480208479564591,2837.0,0.11808205118411359,4.197749974938169e-05,11190.335898104313,1.0775733116567499,2.000986844134505,0.5674,140.22209975417354,1
Sandstone,11.124869178775132,364.1945971929494,None,0.4814464104827508,3.4436347444085955,3756.0,0.17965898473632713,0.00016149312126662502,4051.617249388267,1.1039704488190387,1.6579255867092033,0.7512,96.96341778300038,0
Limestone,25.667666822266906,115.57462849294788,Fault,0.4785086131694892,4.230434308861835,2837.0,0.06662967646539378,2.5958602675795995e-05,2966.5310572642616,1.0775733116567499,2.024299254238103,0.5674,40.73832516494461,1
Sandstone,14.082955585116128,383.98764562686114,None,0.4814464104827508,4.489976392558432,2772.5,0.1639613060583296,0.00011642535195638591,5407.6809585963965,1.0757445111603952,2.1616830173495476,0.5545,138.49869995558564,0
Shale,14.082955585116128,383.98764562686114,None,0.04039968,2.2499789358497018,2772.5,0.1639613060583296,0.00011642535195638591,5407.6809585963965,1.0757445111603952,0.09089842901506848,0.5545,138.49869995558564,0
Sandstone,12.134731933557282,967.4342286049944,Anticline,0.4814464104827508,3.175693684174339,2331.0,0.2803659571254365,0.0002310442114919036,11739.55502746938,1.063309500782748,1.528926325038478,0.4662,415.0296991012417,0
Shale,27.932708715240445,383.9560229867826,None,0.500169229,2.5005076870000003,2772.5,0.11641631927447596,4.167741856376347e-05,10724.931749551963,1.0757445111603952,1.2506770019153635,0.5545,138.48729413409652,0
Sandstone,20.427516378517545,382.3281092744481,Fault,0.3032124702229035,2.480208479564591,4710.0,0.13584384917481646,6.650042357458379e-05,7810.013714171434,1.1320571856238955,0.7520301397565713,0.942,81.17369623661318,0
Limestone,14.23304680862205,383.98715608661746,Dome,0.6684854273067788,2.638647166213336,2800.0,0.16309440332683617,0.00011458853857491524,5465.307166490487,1.07652385244407,1.7638971784179431,0.56,137.13827003093482,1
Sandstone,10.535486420537284,823.4453844616573,Fault,0.5699873195387432,2.480208479564591,1689.0,0.27760018553337446,0.0002634906206060275,8675.397666049894,1.0454833657188238,1.4136873831642829,0.3378,487.53427143970237,0
Shale,14.082955585116128,383.98764562686114,None,0.8819596764854412,3.6458790294563235,2772.5,0.1639613060583296,0.00011642535195638591,5407.6809585963965,1.0757445111603952,3.2155182893243532,0.5545,138.49869995558564,1
Shale,10.321011900211984,488.09402179331937,None,0.6529081054429361,4.489001848483012,908.0,0.21593361372314768,0.00020921748352863793,5037.624207351177,1.0242001012903752,2.9309056922228813,0.1816,537.5484821512327,0
Shale,28.36114948844333,383.9553201358067,Anticline,0.8136115153461169,0.9391798114228528,2974.0,0.11553353942948115,4.073655035616911e-05,10889.41423125473,1.0814680622001083,0.7641275095542275,0.5948,129.10400811560413,0
Sandstone,13.115161486805317,640.7702261897077,Anticline,0.4814464104827508,0.2492132504386313,520.0,0.2194795134398575,0.00016734793060738733,8403.804992414785,1.0137882434757346,0.11998282486841785,0.104,1232.250434980207,0
Limestone,22.46095435317465,531.8294708635716,Fault,0.4785086131694892,1.7015240979899078,1042.0,0.15279239741018508,6.802578154413518e-05,11945.39746873971,1.0278207359111664,0.8141939364036168,0.2084,510.3929662798192,1
Sandstone,3.583466518928573,241.4320770954416,Fault,0.5001590062825443,2.480208479564591,3561.0,0.25773622182863504,0.0007192371422119385,865.1637648668969,1.0983157951770284,1.2404986085125658,0.7122,67.79895453396281,0
Sandstone,11.95927482639192,820.6759482131972,None,0.6381394884910242,1.1885641012637738,709.0,0.26011361077220113,0.0002174994843317575,9814.68920809141,1.0188467100291536,0.7584696876192585,0.1418,1157.5119156744672,0
Sandstone,2.8472532380203863,137.5986673,Dome,0.3055311663448841,1.6537914360022166,2800.0,0.21828491003554598,0.0007666508448237405,391.7782510172148,1.07652385244407,0.5052848263329379,0.56,49.142381178571426,0
Limestone,24.46463296740408,642.2312356866411,None,0.3264311485232382,2.247972521834916,891.0,0.1608814633440425,6.576083261024026e-05,15711.951461276058,1.0237416796550065,0.7338082521512518,0.1782,720.7982443172178,0
Shale,26.48469488035481,383.9584808873111,Dome,0.5905354396820256,2.856368096024826,2784.0,0.11955680304358103,4.514184648291457e-05,10169.023213024979,1.076070348855542,1.686786589479731,0.5568,137.91612100837327,0
Limestone,4.177405337823286,649.8828986343244,Fault,0.390729056,0.9869283457761674,2837.0,0.39164617902055343,0.0009375345396207778,2714.8242897150963,1.0775733116567499,0.3856215808847635,0.5674,229.07398612418908,1
Sandstone,14.082955585116128,850.1898151382004,None,0.7699681218792903,3.2766940256861083,2772.5,0.24397239653689126,0.0001732394844692535,11973.185405509368,1.0757445111603952,2.522949944930624,0.5545,306.65097029330946,0
Shale,29.501616613817177,324.58141124663865,Dome,0.500169229,2.638647166213336,1298.0,0.10415222752654373,3.530390516896749e-05,9575.67635457006,1.0347733909628174,1.3197701187279594,0.2596,250.0627205289974,0
Limestone,18.58847780834767,648.4985963059289,Fault,0.5588323175548174,2.3297481318278184,2837.0,0.18546512416523256,9.977423976154967e-05,12054.601766177373,1.0775733116567499,1.301938547828346,0.5674,228.58604029112755,0
Sandstone,24.220368636011056,429.2191929379365,None,0.4814464104827508,0.5897975567377695,2568.0,0.1321839849640671,5.457554628938835e-05,10395.847078607976,1.0699667162496453,0.28395591660289565,0.5136,167.14143027178213,0
Limestone,3.857894578816575,384.0474430407497,None,0.8154722372311751,2.517742364881289,2772.5,0.3132902715107196,0.0008120757711498241,1481.6145485152758,1.0757445111603952,2.053148999061454,0.5545,138.52026800387728,0
Sandstone,20.13664669038953,931.8512103,Anticline,0.5255437364597197,2.5658539647403695,948.0,0.213603989503117,0.00010607723956594134,18764.358589822972,1.0252795503382655,1.3484684798396398,0.1896,982.9654117088609,0
Sandstone,3.942371485658054,400.5621624593538,None,0.4814464104827508,2.4443392314482524,1963.0,0.3165088347624289,0.0008028386871045913,1579.1648475132852,1.053054554680476,1.176818348982927,0.3926,204.056119439304,0
Sandstone,5.260027241305798,384.03312535066596,Dome,0.4814464104827508,0.3436313993831436,2800.0,0.2682995811940625,0.0005100726077750452,2020.024700908307,1.07652385244407,0.16544010376217902,0.56,137.15468762523784,1
Shale,13.105801096713796,383.99096628451576,Fault,0.2907342284586226,0.1511514582059958,564.0,0.1699645565483939,0.00012968650698583513,5032.509227059797,1.0149636284841,0.04394490258191593,0.1128,680.8350466037514,0
Sandstone,14.824728106554131,72.81423672935144,Fault,0.2654058875949064,2.0720032386816483,2022.0,0.06958961444290954,4.694157892322046e-05,1079.4512617989024,1.054692007893176,0.5499218586618235,0.4044,36.01099739334888,0
Limestone,22.087194304015,601.7855989958042,Dome,0.5416671588490702,2.638647166213336,2800.0,0.1639004958826681,7.420611854393582e-05,13291.75545437838,1.07652385244407,1.4292685137279282,0.56,214.92342821278723,0
Limestone,13.159470553079537,224.68229571156704,Fault,0.4785086131694892,0.0414590407582277,1875.0,0.12974626542601178,9.859535374365725e-05,2956.700054214675,1.0506169740363491,0.019838508096556864,0.375,119.83055771283576,1
Shale,10.418629984580235,384.00156240498126,None,0.500169229,2.4642414049219825,1598.0,0.19062981945869284,0.00018297014073906888,4000.770192198196,1.0429809075848742,1.2325377235697048,0.3196,240.30135319460652,0
Limestone,26.73600219190807,383.958044817711,Dome,0.9410270826575748,2.380456949421679,2055.0,0.11899351670558518,4.450684730329646e-05,10265.50312784706,1.0556089816376988,2.240074458506233,0.411,186.84089772151387,0
Sandstone,11.393191994879869,383.99743305740145,Anticline,0.7475662341798232,4.169952628847214,4661.0,0.18229346527286422,0.00016000210068854048,4374.956480364004,1.1305973201074389,3.1173157834555654,0.9322,82.38520340214578,1
Limestone,27.452500000742244,975.4628515637172,Fault,0.5399810521144203,2.480208479564591,4762.0,0.18717337242544574,6.818081137251072e-05,26778.893933276977,1.1336084923915821,1.3392655842583945,0.9524,204.8431019663413,0
Sandstone,24.577026363072605,588.517093,Fault,0.4814464104827508,2.480208479564591,2837.0,0.1536542301249421,6.251945530554915e-05,14464.000109779852,1.0775733116567499,1.1940874697352533,0.5674,207.44345893549524,0
Sandstone,11.448231179924552,337.66578854592126,Anticline,0.1246714551682017,2.152190032557403,4844.0,0.1705312530792466,0.00014895860364724962,3865.6760088252263,1.136059104227322,0.26831666315743086,0.9688,69.70804883276656,0
Sandstone,16.406435213622988,601.7828385459622,Anticline,0.4814464104827508,2.5658539647403695,2741.0,0.19017018692551768,0.00011591194823821995,9873.111153274473,1.0748525043845978,1.2353211811471856,0.5482,219.54864594890998,1
Shale,2.42125362581958,179.05618884605295,Anticline,0.943011852493166,1.113803338293235,2248.0,0.27002512404051937,0.0011152285789520191,433.5404464689411,1.0609878771381644,1.050329749356976,0.4496,79.65132955785273,0
Limestone,26.80905760038401,501.9459724218311,None,0.8030193822993665,1.4440770314893392,2026.0,0.1358680558512127,5.067990746876031e-05,13456.698486937632,1.054803113788142,1.159621845819272,0.4052,247.7522075132434,1
Shale,11.247414827905677,383.9980277329779,Anticline,0.6856783801661783,4.1616959004434015,4172.0,0.1834711522264772,0.000163122953170778,4318.985111010431,1.116131200833056,2.8535849037602565,0.8344,92.04171326293815,0
Limestone,25.26046984520232,520.1482286,Anticline,0.2910067943791646,2.1056014214575174,2741.0,0.14248609946475652,5.640674949354462e-05,13139.188643585703,1.0748525043845978,0.6127443198985645,0.5482,189.76586231302446,1
Sandstone,19.52499664684455,360.9608165538712,Fault,0.4814464104827508,3.125472792806932,2837.0,0.1350094581614515,6.914698148399963e-05,7047.758732856606,1.0775733116567499,1.5047476571583955,0.5674,127.23328042082171,1
Shale,23.5743793640512,379.26374102069,Anticline,0.411430576,0.9265204176196729,1966.0,0.125944781227745,5.342443136373694e-05,8940.907309851014,1.0531377536337734,0.3811988290970225,0.3932,192.91136369312818,1
Limestone,10.666978708585141,850.9517990478633,None,0.7729354869865064,3.545608039194305,2160.0,0.2804538552168013,0.00026291779788693365,9077.08472247578,1.0585319326655156,2.740526276437922,0.432,393.95916622586265,0
Shale,11.239420339665875,383.9980605678526,Dome,0.7213665637012986,3.706255853582434,4145.0,0.18353639908014066,0.00016329703270586714,4315.915612338571,1.1153378720641198,2.673569049296584,0.829,92.64126913579074,0
Shale,11.908439188028783,383.99539051409386,Fault,0.7877714800885685,3.457791834127716,2837.0,0.1783057021697855,0.00014973053928766012,4572.785756420451,1.0775733116567499,2.7239497910089567,0.5674,135.35262266975462,0
Sandstone,20.299339044595424,383.97076240547005,Dome,0.4814464104827508,2.638647166213336,1442.0,0.1365644869462758,6.727533672217533e-05,7794.352689280431,1.0387049069995418,1.270367206703893,0.2884,266.2765342617684,1
Limestone,10.494503885033861,384.0012273222858,Anticline,0.338754112,3.056995100848863,1541.0,0.18993937209098535,0.00018098937707942207,4029.902371991499,1.0414164857055492,1.035569660776407,0.3082,249.18963486196353,0
Shale,8.570987821342936,399.9268202451188,Dome,0.500169229,2.376091711862145,1344.0,0.214488728221901,0.00025024971764374073,3427.7679057493187,1.036027671673556,1.1884479595553794,0.2688,297.56459839666576,0
Sandstone,28.67529441525491,765.3880076876984,None,0.8089854006711885,1.7285135242536325,3582.0,0.1622245327417652,5.6572926642895675e-05,21947.72646235014,1.0989233636075484,1.398342205983893,0.7164,213.67616071683372,1
Limestone,14.082955585116128,383.98764562686114,Fault,0.7599670316957243,2.480208479564591,2837.0,0.1639613060583296,0.00011642535195638591,5407.6809585963965,1.0775733116567499,1.8848766762012676,0.5674,135.34989271302823,1
Limestone,7.986945044964307,384.0138364585103,Dome,0.4785086131694892,2.456578588745608,1903.0,0.21772722447527054,0.0002726038845259684,3067.097408300033,1.051391955212559,1.175494013642522,0.3806,201.79392351997387,1
Limestone,26.99229235226615,383.9576043037328,Fault,0.4785086131694892,1.029196434976381,2837.0,0.11842718332867895,4.387444452035818e-05,10363.89590624208,1.0775733116567499,0.4924793587795304,0.5674,135.33930359666294,1
Shale,24.67483947870681,383.96174923824094,Fault,0.3145571160256278,2.480208479564591,2837.0,0.12386438789252845,5.01986600558911e-05,9474.194528417072,1.0775733116567499,0.7801672264741449,0.5674,135.3407646239834,0
Shale,14.082955585116128,383.98764562686114,None,0.080217799,2.316305330501081,2772.5,0.1639613060583296,0.00011642535195638591,5407.6809585963965,1.0757445111603952,0.1858089154247643,0.5545,138.49869995558564,0
Limestone,27.081165313360685,793.5047786220363,Dome,0.4785086131694892,3.115465636569529,2300.0,0.16996940228768184,6.276295732511415e-05,21489.034086805037,1.0624417945684317,1.4907771411320854,0.46,345.0020776617549,1
Limestone,22.85027628640988,383.9652964180239,Anticline,0.4785086131694892,2.5658539647403695,2741.0,0.12871522113193629,5.632983142899204e-05,8773.713107545113,1.0748525043845978,1.2277832222633498,0.5482,140.08219497191678,0
Shale,0.4388477663302714,384.14784914239306,None,0.1818806981515873,4.2268107829025645,2772.5,0.9290132431176674,1.1879241424505742,168.58242553671727,1.0757445111603952,0.7687752961489758,0.5545,138.55648300897857,0
Shale,8.806043773759813,384.0093278622654,Fault,0.647209134,1.1394654885496336,4407.0,0.20735290062092926,0.00023546657948578223,3381.602950687193,1.1230599722708279,0.7374724720670953,0.8814,87.1362214345962,0
Limestone,15.652296773727436,383.98276688368975,Fault,0.8618149048230889,0.3282535845952417,1487.0,0.15552366356208291,9.936156067723634e-05,6010.212223260511,1.0399365664309088,0.282893831765786,0.2974,258.2264740307261,1
Sandstone,3.931758924128711,347.6999789278232,Anticline,0.4814464104827508,2.5658539647403695,4755.0,0.29528306467508214,0.0007510202694854129,1367.0724950688339,1.1333995388756466,1.2353211811471856,0.951,73.12302395958427,1
Sandstone,20.090519173898176,383.9712398751402,Fault,0.2544827540985316,1.7698192847111205,2837.0,0.13727245990240605,6.83269848400692e-05,7714.18155693696,1.0775733116567499,0.45038848582997915,0.5674,135.34410993131485,0
Sandstone,22.485492454703422,199.20695862991005,Dome,0.855817856,3.2032658291005625,4104.0,0.09346105924639689,4.156504885746769e-05,4479.266565197259,1.1141342657719622,2.741412094058906,0.8208,48.5397072684966,1
Shale,7.199680916098725,214.52652179906084,None,0.4715163713960514,2.414549114188154,2680.0,0.17140106620945553,0.0002380675868929095,1544.5225049937355,1.0731272286799476,1.1384994368795487,0.536,80.04720962651524,1
Sandstone,10.772842509654692,782.1706643551797,Dome,0.065940888,2.815558772016764,2535.0,0.2675563449021594,0.000248361882820039,8426.201382770332,1.0690372704004902,0.18566044564297499,0.507,308.54858554444957,0
Shale,16.928505052002958,383.9791474906972,Fault,0.7905536795565471,1.5022539502534742,3518.0,0.1495457807191286,8.833962612749113e-05,6500.192938160057,1.09707277438389,1.1876123880012421,0.7036,109.14700042373428,0
Shale,19.453647425443044,383.9727273534712,Fault,0.1474706048866119,2.480208479564591,2837.0,0.13950164123206815,7.170976125002486e-05,7469.670058920199,1.0775733116567499,0.36575784472629425,0.5674,135.34463424514317,0
Shale,21.45801247527733,383.9681992183825,None,0.6981684110959824,1.5268442211268374,3217.0,0.13282582738157497,6.190034027364331e-05,8239.194408937823,1.0884109299440778,1.0659944038552067,0.6434,119.35598359290721,0
Shale,5.282478990951487,483.7654453505799,None,0.5789889159986902,0.4414887393375805,1517.0,0.3004887249540033,0.0005688403597415518,2555.480801612728,1.0407584839772202,0.255617086614694,0.3034,318.8961406398022,0
Sandstone,13.425086690985244,466.4780069790548,None,0.4814464104827508,2.4443392314482524,2772.5,0.1850915895527708,0.0001378699399215479,6262.50768313183,1.0757445111603952,1.176818348982927,0.5545,168.2517608580901,0
Limestone,10.698267386231583,263.1978510892827,Anticline,0.0242258624127993,2.202704438612189,4186.0,0.15574499299216535,0.00014557964142175535,2815.76098643471,1.1165427786197657,0.05336241466588121,0.8372,62.875740824004474,0
Shale,14.385577113340617,383.98666385226187,None,0.500169229,2.5005076870000003,2772.5,0.16222735000369684,0.00011277083201149684,5523.869763341115,1.0757445111603952,1.2506770019153635,0.5545,138.49834584391772,0
Sandstone,14.082955585116128,934.9768827206937,Fault,0.4814464104827508,0.05995622,2837.0,0.255848679501385,0.00018167257430804095,13167.23791246586,1.0775733116567499,0.02886570690511411,0.5674,329.56534463189763,1
Shale,14.082955585116128,651.5257837828746,Dome,0.9663334338056436,1.6623561346169042,2800.0,0.21357408132481978,0.00015165430298632774,9175.408675572196,1.07652385244407,1.6063903117722298,0.56,232.6877799224552,1
Shale,22.61341803259246,66.20472245787717,Dome,0.500169229,3.377693857713972,2800.0,0.053726806507655676,2.3758817189962107e-05,1497.1150646717385,1.07652385244407,1.6894185326108333,0.56,23.644543734956134,0
Limestone,14.082955585116128,63.812906332373146,Anticline,0.4785086131694892,3.127348422026608,2741.0,0.0668400868740202,4.74616897497437e-05,898.6743256359867,1.0748525043845978,1.4964631563217428,0.5482,23.28088519969834,0
Shale,21.900051632425843,301.3883785594831,Fault,0.9525967490548112,2.480208479564591,3495.0,0.11648508735873885,5.3189412204977496e-05,6600.421051865786,1.0964084803748737,2.3626385346114054,0.699,86.23415695550302,0
Sandstone,21.270045339791388,423.0562718108486,Anticline,0.4814464104827508,2.5658539647403695,1679.0,0.1400375516529874,6.58379187330688e-05,8998.42608269986,1.0452080769301493,1.2353211811471856,0.3358,251.96919107257213,0
Limestone,10.354224933123582,384.00184875834464,None,0.8255406915073545,3.505976576954816,1030.0,0.19122184672065437,0.00018468001994908183,3976.041516779203,1.0274959788652787,2.8943263277478666,0.206,372.81732889159673,1
Sandstone,2.9605568327976184,384.05967038898655,Fault,0.4814464104827508,1.668392605061411,2837.0,0.3576368814671329,0.001208005458652787,1137.0304813721152,1.0775733116567499,0.803241630982782,0.5674,135.37528036270234,1
Sandstone,3.6563850534415088,186.0223041322496,Anticline,0.586558561,2.5658539647403695,2741.0,0.2239681152336291,0.0006125397406458136,680.169172435908,1.0748525043845978,1.505023609294256,0.5482,67.86658304715417,0
Limestone,3.738401570349821,719.4922361861549,Fault,0.4785086131694892,4.408409979071345,1744.0,0.4356118935557386,0.001165235690597509,2689.7509056128256,1.0469987506144665,2.1094621453679663,0.3488,412.5528877214191,0
Shale,25.05197836,383.9610488311526,Dome,0.2679950245636093,3.1838792751798364,2783.0,0.1229283971088278,4.9069337096788e-05,9618.983886400938,1.0760420112254163,0.8532638045593868,0.5566,137.96660037051836,0
Limestone,24.17378597874704,383.962696520669,None,0.4785086131694892,1.378682265439034,2772.5,0.12514163596883468,5.1767495616473115e-05,9281.832049513254,1.0757445111603952,0.6597113388366018,0.5545,138.48970117968224,1
Sandstone,5.942865501608687,421.4563725,None,0.7830674701590162,2.9971689313673484,3631.0,0.26442834677110766,0.0004449509192148619,2504.65853656339,1.100342330639601,2.3469854927250315,0.7262,116.07170820710549,0
Shale,15.138570738230868,383.98430789760033,Fault,0.5779071425018961,3.6460379461490655,2837.0,0.15814080643031214,0.00010446217754952532,5812.973607478444,1.0775733116567499,2.1070713709124886,0.5674,135.34871621346502,0
Sandstone,21.196494068484807,103.0701507125452,Fault,0.4597268239492019,2.480208479564591,3320.0,0.06924112040299653,3.266630801267509e-05,2184.7258382162995,1.0913672254290046,1.1402183670421084,0.664,31.045226118236506,0
Shale,25.936240247462507,946.5559189818068,Dome,0.3733291924250302,4.382226227669086,4138.0,0.18969211362926644,7.313786108525315e-05,24550.1017223698,1.115132286298498,1.6360129785994866,0.8276,228.74720130058165,0
Limestone,6.728202547257158,624.9606599060237,Anticline,0.0617843442287701,2.5658539647403695,2741.0,0.30262615475534776,0.0004497875214513531,4204.861903915224,1.0748525043845978,0.15852960459827353,0.5482,228.00461871799476,0
Shale,27.50883339307466,293.1815591903339,Dome,0.500169229,4.593217798928516,4674.0,0.10250897397737913,3.7264020801109554e-05,8065.082665688753,1.1309844477902937,2.297386205119153,0.9348,62.7260503188562,1
Limestone,10.281675923129772,792.3769670917366,Dome,0.4785086131694892,2.638647166213336,763.0,0.2756535653633004,0.0002681017836238031,8146.963184589699,1.0202966166222556,1.2626153961483462,0.1526,1038.501922793888,0
Sandstone,15.225272834079943,383.9840441847103,Fault,0.4814464104827508,2.9943901924418315,2837.0,0.15768983375883738,0.00010357110540959742,5846.261836645622,1.0775733116567499,1.441638409735873,0.5674,135.34862325862187,0
Limestone,29.37789874213549,383.95369378994997,None,0.6077214042619692,0.4216635743476749,4356.0,0.11351642577539114,3.8640076600366007e-05,11279.752737830046,1.1215526361910262,0.2562539795286902,0.8712,88.14363952937327,0
Sandstone,25.254760930957875,383.96067657852916,None,0.2817295914496609,1.8451887743489828,511.0,0.1224338175853749,4.8479499734758005e-05,9696.83509387959,1.0135479915509196,0.5198442795448395,0.1022,751.3907565137557,0
Shale,29.162380064236714,32.06352732111296,Anticline,0.500169229,2.5658539647403695,3466.0,0.03292485067761847,1.1290179541276832e-05,935.0487699383337,1.0955714655713953,1.2833611992707838,0.6932,9.250873433673675,0
Shale,8.683091040900658,415.0334871,Anticline,0.500169229,4.202857758565885,2741.0,0.21708711168309922,0.0002500113273724028,3603.773553511769,1.0748525043845978,2.102140124698567,0.5482,151.41681397300255,0
Sandstone,20.374750372306703,692.6438287448136,Anticline,0.4814464104827508,2.5658539647403695,2741.0,0.18307898009215673,8.985581503908735e-05,14112.445107594333,1.0748525043845978,1.2353211811471856,0.5482,252.6974931575387,0
Shale,26.36307749378744,630.2905835571983,None,0.2810543711738185,0.093138443,2830.0,0.15353309487571556,5.8237925717092864e-05,16616.399497922925,1.0773746868813887,0.026176966529473537,0.566,222.7175206915895,1
Sandstone,11.008842210216017,383.99901778646097,Dome,0.2898954920513712,4.677840853830501,2800.0,0.18544873760046518,0.00016845435156511912,4227.384595689083,1.07652385244407,1.3560849760591995,0.56,137.1425063523075,0
Limestone,8.160077211929691,384.0128461003657,Anticline,0.692411959,2.4281639751090283,2741.0,0.21540480677149745,0.00026397398109981687,3133.5744745518577,1.0748525043845978,1.6812897747784694,0.5482,140.09954253935268,1
Sandstone,29.116640121854875,383.95410624941917,Dome,0.77350277,2.638647166213336,4368.0,0.11402463140690502,3.916132868686261e-05,11179.453534972768,1.121907121394306,2.041000892118666,0.8736,87.9015811010575,1
Sandstone,23.120759122807016,879.9182592546076,Dome,0.6959581889000698,2.3330295597197126,3347.0,0.19370898630525757,8.37814127453009e-05,20344.37811998544,1.092143504114677,1.6236910270328584,0.6694,262.8975976261152,0
Limestone,22.47473469529595,557.2668871715883,Fault,0.2721550150962677,1.646319382431067,4066.0,0.15635579431765775,6.956958399619446e-05,12524.42544365487,1.1130198880429254,0.4480540763788052,0.8132,137.0553091912416,0
Shale,7.483746128796969,760.9006806815829,Anticline,0.1698815872711478,1.1234724589017793,2741.0,0.31661691365353273,0.0004230727608933866,5694.387523449775,1.0748525043845978,0.1908572845736536,0.5482,277.5996646047366,0
Shale,14.082955585116128,32.030594766610456,Dome,0.500169229,3.5631348155565545,2800.0,0.047354934994707054,3.3625707834195775e-05,451.0854434630281,1.07652385244407,1.7821703935199793,0.56,11.439498130932307,0
Sandstone,6.788320024314211,515.9819785010135,Fault,0.2012993485600898,4.236444060601743,2837.0,0.2737573326555331,0.0004032769988377049,3502.6507968436945,1.0775733116567499,0.8527934296103924,0.5674,181.8759176951052,0
Sandstone,4.109466669285835,778.6421909241682,Fault,0.4814464104827508,2.1880455111065045,2837.0,0.4322210191872296,0.0010517691320327542,3199.8041309025666,1.0775733116567499,1.0534266572951223,0.5674,274.45970776318933,1
Limestone,12.928240095549809,252.89011840398763,Anticline,0.4785086131694892,2.5658539647403695,4333.0,0.13887557607775183,0.00010742032562154839,3269.4241685187712,1.120873519258755,1.2277832222633498,0.8666,58.36374761227501,1
Sandstone,14.481404192308034,771.7998678895021,Anticline,0.057766299,2.5658539647403695,2741.0,0.2292327478242241,0.00015829455816583293,11176.745842477823,1.0748525043845978,0.14821988731752764,0.5482,281.5760189308654,0
Limestone,11.55307808469089,383.99678951440785,Anticline,0.4785086131694892,2.5658539647403695,2741.0,0.18102751525938557,0.00015669202089031763,4436.344893530566,1.0748525043845978,1.2277832222633498,0.5482,140.09368460941548,1
Limestone,8.575243459902284,384.01055435916066,Anticline,0.896934621,0.3615850742967591,940.0,0.21012513189727736,0.00024503692854881555,3292.983994801843,1.0250635695527694,0.3243181715736205,0.188,408.52186633953266,0
Limestone,5.988864229797526,116.90136973588014,None,0.4785086131694892,4.213201561,2772.5,0.13872898672773804,0.0002316449019456703,700.1064316255477,1.0757445111603952,2.0160532359576373,0.5545,42.16460585604333,0
Sandstone,25.73751216730703,613.4262172159133,Fault,0.4814464104827508,1.0573588818311248,2837.0,0.15329483851840278,5.956086101947527e-05,15788.064729339694,1.0775733116567499,0.5090616382496501,0.5674,216.22355206764655,1
Sandstone,5.789520238170858,715.2869669287907,Dome,0.4383556535203163,2.638647166213336,2800.0,0.3490185547663825,0.0006028453833968313,4141.168371134083,1.07652385244407,1.1566659029549777,0.56,255.45963104599667,0
Shale,14.082955585116128,383.98764562686114,None,0.500169229,4.670972209542769,2772.5,0.1639613060583296,0.00011642535195638591,5407.6809585963965,1.0757445111603952,2.3362765687274334,0.5545,138.49869995558564,0
Limestone,11.071676173348173,243.75891221465704,Dome,0.4785086131694892,2.638647166213336,3574.0,0.14733407884574967,0.00013307296613354123,2698.8197404082875,1.0986918693470868,1.2626153961483462,0.7148,68.20338898003835,0
Sandstone,12.41036036955781,641.7518554745932,Anticline,0.071200098,2.5658539647403695,2741.0,0.22579848217522452,0.0001819435338308954,7964.371794272083,1.0748525043845978,0.18268905374320285,0.5482,234.13055653943567,0
Shale,14.044258256122074,844.5211257218833,None,0.500169229,3.6758056117337774,2772.5,0.24349245224591864,0.0001733750888123815,11860.672792389068,1.0757445111603952,1.838524858774757,0.5545,304.60635733882174,0
Sandstone,27.306391046032697,383.95707009787446,None,0.4814464104827508,3.616155754773561,4009.0,0.11774401201782204,4.311958025479493e-05,10484.481900981547,1.1113504110157666,1.7409852078822734,0.8018,95.77377652728222,0
Shale,20.693737419385982,383.96987385999745,Dome,0.947344902931878,1.7242819071431637,2800.0,0.1352566904436768,6.536117072644778e-05,7945.771746613545,1.07652385244407,1.633489675949734,0.56,137.13209780714195,0
Sandstone,11.307108360326389,590.7228591527435,Fault,0.9566343228639368,2.480208479564591,4373.0,0.22695813784907096,0.0002007216439575358,6679.367379361894,1.1220548566279318,2.3726525594096666,0.8746,135.0841205471629,1
Sandstone,7.097037756333001,384.0192918676476,Dome,0.4814464104827508,2.638647166213336,2800.0,0.23097640175795195,0.00032545466106875576,2725.3994135449575,1.07652385244407,1.270367206703893,0.56,137.14974709558845,1
Shale,1.6407952372880297,384.08693031274817,None,0.500169229,4.806505347,2040.0,0.4804157305500476,0.0029279444481085737,630.2080059617365,1.055192076600635,2.4040660735933677,0.408,188.277907016053,0
Sandstone,9.365756513591638,384.0064821643336,Fault,0.4814464104827508,2.830432005340392,3452.0,0.20106084077159556,0.00021467656187710513,3596.5112115920183,1.0951676181885484,1.362701329086626,0.6904,111.24173874980696,0
Limestone,10.728111081131344,674.5572182987835,None,0.1370999467988329,0.022844313,2377.0,0.24898742524383186,0.0002320887837205118,7236.724768488314,1.0645983709914568,0.0031319540969558866,0.4754,283.7851149763498,0
Sandstone,14.082955585116128,383.98764562686114,Fault,0.960066983,2.480208479564591,2837.0,0.1639613060583296,0.00011642535195638591,5407.6809585963965,1.0775733116567499,2.381166272186594,0.5674,135.34989271302823,1
Sandstone,11.485071606293076,314.2615569319667,Anticline,0.7029492911786699,3.578886758330413,4966.0,0.16425115166265275,0.00014301273626596614,3609.316484468786,1.1397149442537684,2.5157759099770916,0.9932,63.282633292784276,1
Sandstone,20.28315077443056,513.9844633805153,Anticline,0.092977993,4.510645961466308,2741.0,0.15806544353005028,7.792943280257596e-05,10425.224366461774,1.0748525043845978,0.4193908086306926,0.5482,187.51713366673306,0
Sandstone,1.893191073466387,192.9805604812345,Dome,0.053154085,2.638647166213336,4650.0,0.3170218571145312,0.001674537037268361,365.3490744556134,1.1302698540311455,0.1402548757579128,0.93,41.50119580241602,0
Limestone,25.291108407831096,383.9606101706847,Dome,0.4711120202722413,3.836878486258047,3367.0,0.12234579661963556,4.837502360384988e-05,9710.789416163761,1.0927188813289437,1.8075995752001277,0.6734,114.0364152571086,0
Limestone,1.633981421005127,384.08712252585485,Anticline,0.4785086131694892,4.096310023610145,2273.0,0.4814164924310198,0.002946278863653672,627.5912222545667,1.0616866273978318,1.960119628509968,0.4546,168.97805654459077,0
Sandstone,14.082955585116128,383.98764562686114,None,0.9483265830361624,3.844979749108487,2772.5,0.1639613060583296,0.00011642535195638591,5407.6809585963965,1.0757445111603952,3.6462965073152924,0.5545,138.49869995558564,1
Sandstone,10.304988099929208,468.6442780644719,None,0.4814464104827508,4.2224337216130605,849.0,0.21175201914390948,0.0002054849720256971,4829.373708554298,1.022609988031002,2.0328755587719307,0.1698,551.9956160947844,1
Limestone,4.136558080680313,294.99948021475205,Dome,0.6501417346469641,3.532052664251142,635.0,0.26516775403698956,0.0006410347657765248,1220.2824836788247,1.0168631468063636,2.2963348460006685,0.127,464.5661105744127,1
Limestone,11.824081403478845,493.5251902730216,Anticline,0.4785086131694892,2.5658539647403695,2741.0,0.20286195424536596,0.000171566777429053,5835.482024455593,1.0748525043845978,1.2277832222633498,0.5482,180.0529698186872,0
Limestone,14.082955585116128,383.98764562686114,Anticline,0.889201498,2.5217116495413503,2741.0,0.1639613060583296,0.00011642535195638591,5407.6809585963965,1.0748525043845978,2.24230977629622,0.5482,140.09034864168592,1
Shale,26.26216875365503,288.9144911561888,Fault,0.9875857415385744,4.871903912955228,3910.0,0.10414754017292939,3.965686960199534e-05,7587.5211221202035,1.108456742487578,4.8114228385805715,0.782,73.89117420874393,0
Shale,14.082955585116128,328.1131223911126,None,0.500169229,3.231410727047126,2772.5,0.15156347117102978,0.00010762191945788203,4620.802529527811,1.0757445111603952,1.6162522119294906,0.5545,118.34558066406225,0
Shale,26.869587587495303,434.52266906424336,Fault,0.500169229,2.543833996,2837.0,0.12627150798590794,4.699421142015324e-05,11675.444915173923,1.0775733116567499,1.2723474884833093,0.5674,153.16273142906005,0
Limestone,2.8197278824980607,560.1987344363614,Anticline,0.7989525124169056,0.0224662341446008,4001.0,0.4425854275383652,0.0015696033304684308,1579.6079912303348,1.1111162989293084,0.01794945421437528,0.8002,140.01467993910558,1
Limestone,14.082955585116128,383.98764562686114,Anticline,0.8302240972854418,3.162679593271471,2741.0,0.1639613060583296,0.00011642535195638591,5407.6809585963965,1.0748525043845978,2.625732810326895,0.5482,140.09034864168592,1
Shale,10.756967034889358,384.00008660665804,Fault,0.8486879268829328,2.480208479564591,2479.0,0.18760758387309004,0.0001744056510209615,4130.676273022479,1.0674618761445884,2.1049229927591435,0.4958,154.90120476266964,0
Limestone,29.94702077486161,29.95160965972626,None,0.4785086131694892,1.6557011946261575,2772.5,0.031402405672777384,1.0485986538980689e-05,896.961476720368,1.0757445111603952,0.7922672824636292,0.5545,10.80310537771912,0
Limestone,14.082955585116128,383.98764562686114,Anticline,0.8199798080824369,1.970226275944096,2741.0,0.1639613060583296,0.00011642535195638591,5407.6809585963965,1.0748525043845978,1.6155457636276143,0.5482,140.09034864168592,1
Limestone,10.124409770246944,981.1500645158392,None,0.3790221954662697,0.9051602118800068,1429.0,0.30910961151905525,0.0003053112413796699,9933.565299262582,1.0383493659268042,0.34307581075547405,0.2858,686.599065441455,0
Sandstone,12.743500245725588,752.3707154103787,Anticline,0.4814464104827508,0.093442275,2741.0,0.24126883313443223,0.00018932697334498688,9587.836396708897,1.0748525043845978,0.04498744788609208,0.5482,274.48767435621255,1
Limestone,19.92302013443673,849.8256320937236,Dome,0.9822397558535072,0.7870784221286681,2800.0,0.2050770087132272,0.0001029346993223953,16931.093178963674,1.07652385244407,0.7730997171892267,0.56,303.509154319187,1
Sandstone,28.892823926934074,383.9544625514749,Anticline,0.4814464104827508,2.622700113519804,2741.0,0.11446547435542366,3.9617267818781194e-05,11093.528682460366,1.0748525043845978,1.2626895554268125,0.5482,140.07824244854976,0
Sandstone,7.953397512454464,574.3764725702654,None,0.6662630261917867,3.542239229081416,2317.0,0.26684042555674825,0.00033550495261791557,4568.244408152718,1.0629175457414368,2.3600630282630455,0.4634,247.8966217394326,1
Sandstone,10.179685069671333,584.9918962787557,Fault,0.2395077440403048,1.274632830104545,2837.0,0.23803312698389983,0.00023383152362255262,5955.03327242757,1.0775733116567499,0.3052844336180487,0.5674,206.20087990086557,0
Limestone,4.423578014247035,384.04112375462495,None,0.4785086131694892,2.435525839508468,2772.5,0.29257126436318653,0.0006613905382043703,1698.8358716076834,1.0757445111603952,1.1654200918016528,0.5545,138.51798873025245,0
Sandstone,9.138070673225714,384.00761869086193,Anticline,0.5021600558228149,2.5658539647403695,3644.0,0.2035505650106217,0.00022275004460954657,3509.088758654208,1.1007190987154065,1.2884693701672147,0.7288,105.38079546950108,0
Shale,1.9707634946897767,727.3773446094484,Fault,0.500169229,4.248529616,2837.0,0.60324298265997,0.0030609608118143477,1433.4887176206867,1.0775733116567499,2.1249837824183864,0.5674,256.38961741609035,0
Sandstone,14.082955585116128,383.98764562686114,None,0.6621234406352879,1.4285980361710244,2772.5,0.1639613060583296,0.00011642535195638591,5407.6809585963965,1.0757445111603952,0.9459082469943743,0.5545,138.49869995558564,0
Limestone,21.268928013713325,776.8143050873379,Fault,0.2984349382175756,1.5239449983678992,2837.0,0.18976471155832164,8.922156840061201e-05,16522.007534925327,1.0775733116567499,0.45479843143490734,0.5674,273.81540538855756,1
Limestone,23.816869655835504,300.11336746638614,None,0.7099551052298295,4.305828813525919,812.0,0.11146280758534899,4.6799940208783425e-05,7147.760954920782,1.021614058138058,3.0569451484084254,0.1624,369.5977431852046,1
Limestone,12.90166035573823,730.1814024785713,Fault,0.2769642808422072,3.9876207446765135,2837.0,0.23622302652281132,0.0001830950590927215,9420.552452855123,1.0775733116567499,1.1044285118207973,0.5674,257.3780058084495,0
Limestone,0.0278825060988319,439.7713004209427,Fault,0.961790748,3.610919596796304,2837.0,3.943457703287223,137.4877927484944,12.26192596607817,1.0775733116567499,3.4729490599705755,0.5674,155.0127953545797,1
Limestone,14.082955585116128,383.98764562686114,Fault,0.4785086131694892,2.480208479564591,2837.0,0.1639613060583296,0.00011642535195638591,5407.6809585963965,1.0775733116567499,1.1868011199276598,0.5674,135.34989271302823,0
Sandstone,21.43242304411493,383.9682543168494,Dome,0.5119359291455199,3.2754565542369294,1612.0,0.13290510754896845,6.201123749536219e-05,8229.370062029026,1.0433655109121567,1.6768238944690654,0.3224,238.1937061518917,0
Sandstone,10.759800224270696,384.0000744455289,Anticline,0.3694086112049382,2.5658539647403695,2489.0,0.18758287957013076,0.000174336768025677,4131.764087138966,1.0677430261790422,0.9478485496694243,0.4978,154.27885674790235,0
Shale,0.5514296932572615,384.1372996917472,Fault,0.5035350465581336,2.480208479564591,2837.0,0.8287581524400265,0.6741680819899742,211.8247133376929,1.0775733116567499,1.2488718922314341,0.5674,135.4026435289909,1
Limestone,28.772527268472103,383.9546551988434,Anticline,0.2562536141943354,3.2086535379550534,1853.0,0.11470454107242317,3.986599439184901e-05,11047.345786565525,1.0500084610176135,0.8222290657984236,0.3706,207.20704543920314,0
Sandstone,10.757533613078214,189.73614177228544,None,0.9445149232882092,0.3834960830755984,2481.0,0.13187070401070441,0.00012258451495832256,2041.092922731134,1.0675181002284309,0.3622177734874775,0.4962,76.47567181470595,0
Shale,0.1957623128666097,476.8497878049445,Dome,0.2350971152707522,4.858418752851003,2800.0,1.5497295037669268,6.3666537932719445,93.34921735064799,1.07652385244407,1.1422002335725965,0.56,170.30349564462307,1
Limestone,25.12592502228167,383.9609127376248,None,0.142001819,4.156103314036943,2278.0,0.12274735032447776,4.885286818918125e-05,9647.373104932396,1.0618264326624078,0.5901742305451741,0.4556,168.55176151783354,0
Shale,14.082955585116128,734.6492577135955,None,0.500169229,2.5005076870000003,2772.5,0.22678940694458227,0.00016103821784701892,10346.032867019097,1.0757445111603952,1.2506770019153635,0.5545,264.97718943682435,0
Limestone,21.03033801285122,383.96912882219846,Fault,0.2232293918609331,4.546321162116608,2837.0,0.13416977015445636,6.379819956886469e-05,8075.000565630848,1.0775733116567499,1.014872508223781,0.5674,135.34336581677775,0
Shale,17.637069746844436,383.9772540699193,Anticline,0.7257696736145556,1.851739356427112,632.0,0.14651064528908822,8.306972041957332e-05,6772.233611232973,1.0167828135838872,1.3439362683333322,0.1264,607.5589463131635,0
Limestone,14.082955585116128,678.1952473481965,Fault,0.4996320077497422,4.346937929940312,2837.0,0.21790144701701528,0.00015472707110381648,9550.993546441498,1.0775733116567499,2.1718693254995864,0.5674,239.0536649094806,0
Shale,6.042189276400567,384.0267230372321,Anticline,0.500169229,3.8791467585736807,1287.0,0.2503301781259013,0.0004143037675162457,2320.362147786814,1.034473679318216,1.9402298434136471,0.2574,298.38906218899155,1
Shale,22.58542425274152,383.9658347464099,None,0.8875092610569176,3.662527783170753,2772.5,0.12946781331283708,5.7323613612049674e-05,8672.031276305708,1.0757445111603952,3.2505273264423056,0.5545,138.49083309158158,0
Shale,27.14299025040354,448.5474592141993,Dome,0.7062888140390073,2.6697820429028125,2800.0,0.12764535138723085,4.702700410295919e-05,12174.91931229429,1.07652385244407,1.8856371928244657,0.56,160.19552114792833,0
Limestone,0.7847502697025954,589.7915570711647,Fault,0.7325558607170338,3.038421202256348,2837.0,0.8608216614313495,0.2361154084438652,462.8390834799102,1.0775733116567499,2.225813259039784,0.5674,207.89268842832732,1
Limestone,29.282580725987152,383.9538438457213,Dome,0.5135774021274628,4.055565664493978,1605.0,0.1137010521052221,3.88289041765765e-05,11243.159427465398,1.0431731915237838,2.0828468781281546,0.321,239.22357872007558,1
Limestone,11.073134116376533,75.25721980898551,Dome,0.4287161758478628,2.3556394249847723,3579.0,0.0818593804192,7.392611663407441e-05,833.3332881705253,1.0988365475445114,1.00990072595593,0.7158,21.027443366578794,0
Sandstone,14.082955585116128,293.3162851456059,Anticline,0.7256781334885183,4.979870292573251,2741.0,0.14330153131461953,0.00010175529593096978,4130.760216096825,1.0748525043845978,3.6137829789294784,0.5482,107.01068411003497,1
Limestone,14.881281780497492,383.9850994527008,Anticline,0.3806630043099652,4.336055512576823,2741.0,0.15950219496218315,0.00010718310244700634,5714.190464467994,1.0748525043845978,1.6505759182722795,0.5482,140.08941972006596,0
Sandstone,12.090939338482098,440.21607832510574,None,0.4857413566168542,1.7696309752219097,3154.0,0.18946656313173793,0.00015670127673928405,5322.625898853337,1.086606658777678,0.859582950615497,0.6308,139.57389927872725,0
Limestone,21.934720333647515,654.9116250323746,Fault,0.3807582907181833,2.488100326623235,2837.0,0.171575371151132,7.82209066454055e-05,14365.303338339763,1.0775733116567499,0.9473648275004165,0.5674,230.84653684609606,1
Shale,22.77716938970985,383.96544438630247,Fault,0.0518010334158101,2.480208479564591,4422.0,0.1289216463298503,5.660125897298451e-05,8745.64596658203,1.1235036918264871,0.12847736232810092,0.8844,86.83072012354195,0
Limestone,14.082955585116128,193.18071917020663,Anticline,0.4785086131694892,1.849306791203672,2741.0,0.11629596119821353,8.257922883824429e-05,2720.5554879748115,1.0748525043845978,0.8849092279837872,0.5482,70.47819013871091,1
Sandstone,14.082955585116128,133.86558848756454,Fault,0.1295786640840797,0.2641918747777366,2837.0,0.09680933102090929,6.87421972154938e-05,1885.2231370458042,1.0775733116567499,0.03423363019556758,0.5674,47.18561455324798,0
Limestone,10.732642898811427,384.0001911471306,Dome,0.3655732620752621,2.6529707290013467,2800.0,0.18782008318798768,0.0001749989121587075,4121.336924657482,1.07652385244407,0.9698551635912084,0.56,137.1429254096895,0
Limestone,2.239152932382864,384.0725694892701,None,0.4785086131694892,3.930714909346324,2772.5,0.4112391144151496,0.0018365834171831968,859.9972202197205,1.0757445111603952,1.880880940035944,0.5545,138.52933074455188,0
Limestone,15.682804246856094,329.4730027738752,Dome,0.6421337952941157,2.638647166213336,1041.0,0.1439221719134927,9.177068695628497e-05,5167.060607126559,1.0277936689039946,1.694364519282633,0.2082,316.49664051284844,0
Sandstone,15.626221099046573,63.362758498830864,Fault,0.1750311458180289,1.5419522800069196,2837.0,0.06322949360090385,4.046371365164017e-05,990.1204737482234,1.0775733116567499,0.26988967436633327,0.5674,22.33442315785367,0
Shale,18.866186909645265,644.9185914771903,Anticline,0.5823966042362146,2.5658539647403695,2741.0,0.18358619895066644,9.730964705793767e-05,12167.154688313829,1.0748525043845978,1.4943446360308192,0.5482,235.28587795592495,0
Sandstone,7.031102720336265,384.0197229216504,Dome,0.4814464104827508,3.447056547739105,2800.0,0.23205700972766835,0.00033004354929488234,2700.0821184971946,1.07652385244407,1.659573001640055,0.56,137.14990104344656,0
Sandstone,10.498650250068415,384.001209080538,None,0.2499410846185593,0.0214355070846677,1556.0,0.18990185629429082,0.00018088216272663557,4031.494389739964,1.041827948024306,0.005357613890090656,0.3112,246.78740943479303,0
Sandstone,14.082955585116128,383.98764562686114,None,0.4814464104827508,4.842628157556095,2772.5,0.1639613060583296,0.00011642535195638591,5407.6809585963965,1.0757445111603952,2.331465943758079,0.5545,138.49869995558564,1
Limestone,15.426031200280176,746.5080908,Fault,0.486207065,2.480208479564591,1388.0,0.21843378180135928,0.00014160076494425342,11515.657099942388,1.0372288410512571,1.2058948854372122,0.2776,537.8300365994237,0
Sandstone,2.268910915036484,679.5182578969274,Anticline,0.9664644373617358,2.2337530134538475,4893.0,0.5434023234273943,0.002394991887192082,1541.7663923089149,1.1375260221842483,2.1588428493527547,0.9786,138.87558918800886,1
Sandstone,17.783128226105543,574.0795497857683,None,0.4814464104827508,1.9347292496265112,2772.5,0.17840688328600013,0.00010032367816147201,10208.930245825259,1.0757445111603952,0.9314684524886697,0.5545,207.0620558289516,0
Sandstone,14.082955585116128,383.98764562686114,Anticline,0.040873977,2.059248961661613,2741.0,0.1639613060583296,0.00011642535195638591,5407.6809585963965,1.0748525043845978,0.08416969469623066,0.5482,140.09034864168592,0
Sandstone,11.077509097473882,85.55796460503912,Anticline,0.5052106190319509,4.368159015931358,3594.0,0.08726474270663971,7.877650285707242e-05,947.7691312736692,1.0992706964561076,2.206840320468679,0.7188,23.805777575136094,0
Limestone,23.637928153133004,259.4928935566177,Dome,0.3296795737301249,2.638647166213336,2800.0,0.10403696595898689,4.4012726193686176e-05,6133.8743741399185,1.07652385244407,0.8699080729814147,0.56,92.67603341307775,0
Limestone,10.957391752107883,512.5195870727982,Anticline,0.4785086131694892,4.039808653818803,3180.0,0.21474906784576286,0.00019598557093155987,5615.877896185218,1.0873509158686965,1.9330832364089368,0.636,161.16968146943339,0
Limestone,14.082955585116128,383.98764562686114,Fault,0.2256850933452208,4.059151887482343,2837.0,0.1639613060583296,0.00011642535195638591,5407.6809585963965,1.0775733116567499,0.9160900726288818,0.5674,135.34989271302823,1
Limestone,17.821483967004333,21.91109746258144,Anticline,0.021740808,2.5658539647403695,2741.0,0.03481687443829778,1.953646200437609e-05,390.4882721288645,1.0748525043845978,0.05578373840345915,0.5482,7.993833441292025,1
Limestone,14.082955585116128,671.9943912,Fault,0.4785086131694892,2.480208479564591,2837.0,0.21690300428164225,0.00015401809866593687,9463.667164716751,1.0775733116567499,1.1868011199276598,0.5674,236.86795600986957,0
Shale,3.013726490429053,256.7247780841542,Anticline,0.3369286726470791,3.691329617061335,3218.0,0.28980883686351827,0.0009616295233953339,773.6982644617354,1.088439593310411,1.2437147881793265,0.6436,79.77774334498265,0
Limestone,29.75667587842475,257.51274602237527,Anticline,0.1820675115742895,1.2647642566678536,4066.0,0.09237124684275962,3.104219275706596e-05,7662.723317950933,1.1130198880429254,0.23027248093962208,0.8132,63.33318888892653,0
Limestone,4.760366210690547,285.3111987413825,None,0.6323226459442498,4.250519139114519,2772.5,0.2430909973035657,0.0005106560851508576,1358.1857900200926,1.0757445111603952,2.6876995086815674,0.5545,102.90755590311362,1
Sandstone,2.2890736252223864,384.0715510696282,None,0.6177062213946729,2.8531186641840187,2772.5,0.4067296537593638,0.0017768308073526885,879.1680577517387,1.0757445111603952,1.762389149243727,0.5545,138.5289634155557,0
Limestone,0.5750366257493333,74.47692849730292,Fault,0.6898820108350104,2.480208479564591,4508.0,0.3573491664066613,0.2640880610760189,42.82696165926344,1.1260510699868664,1.7110512131720639,0.9016,16.521057785559655,1
Shale,14.082955585116128,383.98764562686114,None,0.9404892871061282,1.4179001519453505,2772.5,0.1639613060583296,0.00011642535195638591,5407.6809585963965,1.0757445111603952,1.3335199030907536,0.5545,138.49869995558564,0
Sandstone,25.06117590852738,694.186808,Anticline,0.024714379,2.5658539647403695,2741.0,0.16525975469395196,6.59425380904494e-05,17397.137708667124,1.0748525043845978,0.06341348734324613,0.5482,253.26041882524626,1
Sandstone,13.016641454564384,383.99128151006204,Dome,0.5126696531760021,2.638647166213336,1700.0,0.1705457333461835,0.00013102130372222886,4998.276833095176,1.0457862671315978,1.3527543275564318,0.34,225.87722441768355,0
Limestone,4.365519011622748,816.9508055564537,Dome,0.4785086131694892,2.889555862799281,3533.0,0.4295459798519147,0.000983951687550306,3566.4142732172177,1.097506226430971,1.382677368583851,0.7066,231.23430669585443,0
Sandstone,13.416412223813552,444.23452145580393,Anticline,0.1169454714930804,1.592636022449871,2000.0,0.18068312925867655,0.00013467320938303595,5960.033463899611,1.0540811346316354,0.18625157056226435,0.4,222.11726072790196,0
Sandstone,14.678377831548094,741.9191486668418,Fault,0.4814464104827508,2.0715675390282096,3338.0,0.2232384029484287,0.00015208656263679532,10890.169584592406,1.0918846832211362,0.9973487557377172,0.6676,222.26457419617788,1
Shale,11.44732675802154,130.2515501364737,Fault,0.2818597300006575,3.2429518983147414,4841.0,0.10591782608987636,9.252625379602803e-05,1491.0320551510395,1.135969354403019,0.9140575464641127,0.9682,26.90591822691049,0
Sandstone,29.088478167130138,383.95415093063633,None,0.6943854525115413,1.4166115768219871,4319.0,0.11407982105645043,3.921821568010394e-05,11168.641936524804,1.120460345083012,0.9836744708046236,0.8638,88.89885411684101,0
Sandstone,10.747339770002498,78.76131395740352,Anticline,0.3466437466405287,1.330480462047741,2445.0,0.08500327038863123,7.909238212221467e-05,846.4746018320556,1.0665065196574914,0.46120273219625074,0.489,32.21321634249633,0
Sandstone,14.082955585116128,764.479977,None,0.5844489043115128,0.6785703850050268,2772.5,0.23134802737456098,0.00016427519491651744,10766.137561801599,1.0757445111603952,0.39658971801442927,0.5545,275.73669143372405,0
Sandstone,7.627774829667916,384.0159613404412,Dome,0.4814464104827508,1.434032185356005,2110.0,0.2227949557599013,0.00029208381308445225,2929.187284103345,1.0571390431948031,0.6904096481563833,0.422,181.9980859433371,0
Limestone,23.5975041249452,194.1892768393261,Fault,0.4130566232135032,2.796014423251174,2012.0,0.0900760295979159,3.8171846107527734e-05,4582.382261236124,1.05441429435435,1.1549122761243809,0.4024,96.51554514877043,1
Limestone,10.677658700593064,366.96219617405967,Fault,0.4785086131694892,3.923879156351176,2198.0,0.18407817234453303,0.00017239563232556674,3918.297086766687,1.0595917559659878,1.8776099733502665,0.4396,166.95277350958128,0
Sandstone,14.082955585116128,240.84461723470724,Fault,0.4814464104827508,2.480208479564591,2837.0,0.12985276914471297,9.220562286083657e-05,3391.8040474306763,1.0775733116567499,1.1940874697352533,0.5674,84.89411957515236,1
Shale,6.816230334960133,384.0211562565266,None,0.500169229,2.5005076870000003,4583.0,0.23568671033609126,0.00034577280806850804,2617.576654542202,1.1282773351536453,1.2506770019153635,0.9166,83.7925280943763,0
Shale,20.815894856271967,600.4144630031549,Fault,0.500169229,2.480208479564591,2983.0,0.16863886782917892,8.101446946844416e-05,12498.164332058666,1.0817244139325721,1.2405239629830838,0.5966,201.278733826066,0
Shale,14.082955585116128,499.2316347268396,Fault,0.7515215980912536,2.480208479564591,2837.0,0.18695358260016107,0.00013275166670109146,7030.656938543001,1.0775733116567499,1.8639302401618598,0.5674,175.97167244513204,0
Limestone,26.85195866553737,383.9578449898203,Fault,0.4785086131694892,3.9263676875699822,615.0,0.11873627929890782,4.4218852255011696e-05,10310.020182975459,1.016327711851686,1.8788007569726066,0.123,624.3216991704395,1
Limestone,29.55911496861856,530.3654012573872,Fault,0.4785086131694892,2.480208479564591,2837.0,0.13300609015958698,4.4996641577663244e-05,15677.131871144624,1.0775733116567499,1.1868011199276598,0.5674,186.94585874423237,1
Sandstone,14.082955585116128,383.98764562686114,Anticline,0.3361215358346487,0.3428240346304873,2741.0,0.1639613060583296,0.00011642535195638591,5407.6809585963965,1.0748525043845978,0.11523054104103019,0.5482,140.09034864168592,0
Sandstone,29.94585163433357,68.85788855193866,Anticline,0.6342869146210478,1.588300037285742,2741.0,0.04761438338503984,1.5900160051033218e-05,2062.008114429831,1.0748525043845978,1.0074379301424685,0.5482,25.12144784820819,1
Limestone,27.72861212383984,689.9184109814075,None,0.3612617290703949,2.0837851872111846,2058.0,0.15662621355816655,5.648541400436924e-05,19130.480015199377,1.055692382409267,0.7527918397431891,0.4116,335.23732312021747,0
Shale,28.49699004738228,383.9550995070051,None,0.4136168493493947,2.240850548048184,2389.0,0.11525781249376109,4.044560927386386e-05,10941.564649292797,1.0649348548601352,0.9268535435465544,0.4778,160.71791523943287,0
Sandstone,20.00807956,383.97142974243746,Anticline,0.4814464104827508,2.5658539647403695,763.0,0.13755500616955105,6.874972970646817e-05,7682.530915053639,1.0202966166222556,1.2353211811471856,0.1526,503.23909533740164,0
Shale,6.894190242679953,384.0206310573051,Anticline,0.500169229,4.446664823720554,3264.0,0.23435018183626605,0.0003399241587292897,2647.5112876230705,1.089758924478584,2.224084916501731,0.6528,117.65337961314495,0
Shale,11.256897140713146,833.0987167,None,0.8911166744533762,1.8731693480143323,4204.0,0.2701273337271972,0.00023996606733681506,9378.106561952021,1.117072173078004,1.6692124400905306,0.8408,198.16810578020932,0
Limestone,4.454495490158532,384.04080208607576,Fault,0.4785086131694892,2.480208479564591,4236.0,0.2915540444261634,0.0006545164207042158,1710.70802092929,1.1180139386246402,1.1868011199276598,0.8472,90.6611902941633,1
Sandstone,11.42323518000505,444.2945391337532,None,0.918991384,3.756974152,4761.0,0.19582610087420266,0.00017142788167136036,5075.281009716819,1.1335786395309406,3.4526268755987064,0.9522,93.31958393903658,1
Limestone,26.793412239674176,383.9579457748226,Fault,0.4785086131694892,1.5941094805302942,4649.0,0.11886594974461111,4.436387149248616e-05,10287.543523843284,1.1302400890914277,0.762795116768886,0.9298,82.58936239510058,1
Limestone,15.605838231716568,383.98290414832013,Dome,0.1486375556620661,0.7514750668463854,2800.0,0.15575501614790407,9.980560725751657e-05,5992.375085883413,1.07652385244407,0.11169741707703446,0.56,137.13675148154292,1
Limestone,10.425363839683703,472.6446274890077,Dome,0.070803514,3.519345644698081,1290.0,0.2114225957677031,0.00020279637144454565,4927.492208444674,1.0345554102474928,0.2491820386252196,0.258,366.39118410000594,0
Sandstone,29.75088220117356,683.0445704975162,Dome,0.4814464104827508,2.2658404615069987,2800.0,0.15045417569960304,5.057133253469311e-05,20321.178555022794,1.07652385244407,1.090880756919124,0.56,243.94448946339867,1
Limestone,19.102851511329813,626.5478997201008,Dome,0.4785086131694892,3.3878261288743805,2800.0,0.1798281545264885,9.413681220305422e-05,11968.851493088647,1.07652385244407,1.621103982587039,0.56,223.76710704289314,0
Limestone,5.906636153270507,384.0277709110341,Fault,0.4785086131694892,3.9666861096397774,4498.0,0.2531866801024166,0.00042864783530339345,2268.3123155229982,1.1257545667184197,1.8980934692024063,0.8996,85.37745018030994,0
Sandstone,8.729981686939892,645.1937574241763,Fault,0.4814464104827508,4.833287186462648,2837.0,0.26994050753154397,0.00030921085199454276,5632.529686840998,1.0775733116567499,2.3269687667547156,0.5674,227.42113409382313,1
Shale,0.7059748324229631,384.1258865376394,Fault,0.5237509769185301,2.480208479564591,4076.0,0.7324396161723457,0.3050472495542317,271.1832083777321,1.1133130372287314,1.2990116141335768,0.8152,94.2408946363198,0
Shale,17.55890485002934,452.29001176192656,Dome,0.4014538203037721,0.4462143308941685,4881.0,0.1593637108276781,9.075948197726684e-05,7941.71728114632,1.1371666019296476,0.17913444781175542,0.9762,92.66339105960388,0
Sandstone,29.88890412735677,970.094472483144,Dome,0.4814464104827508,2.198617014587121,2800.0,0.17888818885407992,5.9851036388566294e-05,28995.060682527434,1.07652385244407,1.0585162696992712,0.56,346.4623116011229,0
Limestone,3.370934458469569,384.0536748774051,None,0.2841628057048742,1.81175809354734,2749.0,0.3351586684417176,0.0009942604122712083,1294.6197665461136,1.0750789756933876,0.5148342631209261,0.5498,139.70668420422157,1
Sandstone,0.4553064686048069,384.1461482624813,Anticline,0.2716367974120967,1.7632201556836464,1491.0,0.9120653971629296,1.0911246738188567,174.90422619352893,1.0400461179227722,0.47895547622236423,0.2982,257.6432919265468,0
Sandstone,9.959594142981082,384.00364321246775,Dome,0.742985323,4.566780987674451,2739.0,0.19497390944947038,0.0001957649143633791,3824.520435822291,1.0747958940120788,3.393051247197561,0.5478,140.19848237037888,0
Limestone,20.391773880052742,383.9705526183173,None,0.4785086131694892,2.435525839508468,1171.0,0.13625457835939578,6.681840391172646e-05,7829.84068559162,1.031318363480016,1.1654200918016528,0.2342,327.8997033461292,0
Sandstone,14.082955585116128,509.7133157887509,None,0.4814464104827508,0.8278556290977057,2772.5,0.18890599164021235,0.0001341380298322191,7178.26998739525,1.0757445111603952,0.3985681210270299,0.5545,183.84610127637544,1
Sandstone,10.508608211335705,384.0011653003468,Fault,0.0377591395984007,0.5173961332688654,1592.0,0.1898118486118992,0.00018062510733547751,4035.3177988377042,1.0428161209900202,0.01953643282377182,0.3184,241.20676212333342,0
Sandstone,3.0168819625033305,303.28956051145167,None,0.8156933772444657,4.845735904791225,3488.0,0.31483225478264937,0.0010435683553273983,914.9888045225609,1.0962063837882536,3.9526346854139214,0.6976,86.95228225672354,0
Sandstone,13.202132251994954,661.7206957671441,None,0.4814464104827508,3.809355669768696,2772.5,0.22230281770256344,0.00016838402574627414,8736.124139399953,1.0757445111603952,1.8340006134622537,0.5545,238.67292904135044,0
Sandstone,25.233219268166103,514.5727880043945,Anticline,0.084798016,2.5658539647403695,2741.0,0.14179689637474518,5.6194532638819604e-05,12984.327989146439,1.0748525043845978,0.2175793255557173,0.5482,187.73177234746242,0
Sandstone,13.92611847,319.1509561767031,Fault,0.4814464104827508,3.507517288437452,2837.0,0.15031858547536886,0.00010794004503063002,4444.534025530546,1.0775733116567499,1.6886816082244025,0.5674,112.4959309752214,1
Sandstone,26.18490702459961,383.95900652591365,Dome,0.5817750597777686,3.786778853525263,4438.0,0.12023933332975226,4.591932796125359e-05,10053.930887138684,1.1239771859214684,2.2030534938748496,0.8876,86.51622499457271,0
Shale,6.819662132100824,384.0211330111178,Anticline,0.5508725788472912,2.5658539647403695,2541.0,0.23562739449231054,0.00034551183024623624,2618.8943787223734,1.069206200481274,1.413458590502074,0.5082,151.1299224758433,0
Limestone,9.462491737760503,149.19951505605354,Fault,0.3706630679132212,3.1150379281226632,3898.0,0.12468396288541968,0.0001317665223292747,1411.7991784957806,1.1081065071550853,1.1546295151039905,0.7796,38.27591458595524,0
Shale,13.478236408699496,976.8574309,None,0.500169229,0.6645924770067646,4594.0,0.26731830918543154,0.000198333299015954,13166.315391265032,1.128604223949799,0.33240870682367374,0.9188,212.63766454070526,1
Shale,7.023079949119218,384.01977564662997,Fault,0.638010807,0.0112285423882763,2837.0,0.23218953226889344,0.00033060926822855394,2697.0015864091074,1.0775733116567499,0.00716393139057787,0.5674,135.36121806366936,0
Limestone,2.5276613225391387,384.06697171360287,None,0.6972743463759475,4.331689485,2772.5,0.38705589570987275,0.0015312806832881367,970.7912296652074,1.0757445111603952,3.0203759543569397,0.5545,138.5273117091444,0
Limestone,21.38333028650493,383.96836020647373,Anticline,0.041384196,4.536325402972386,2741.0,0.13305760302492353,6.222492064713442e-05,8210.522265862724,1.0748525043845978,0.1877321795963882,0.5482,140.08331273494116,0
Limestone,28.947858045054776,704.5799856093962,None,0.4686160204999928,2.671780764501292,3117.0,0.1549125426029852,5.3514336833446385e-05,20396.081404807537,1.0855484018996744,1.2520392695090239,0.6234,226.04426872293752,0
Sandstone,5.5611833724753446,98.95979071389512,Fault,0.5305061,2.480208479564591,1139.0,0.1324571554884095,0.00023818160023997078,550.3335426617535,1.0304496264555623,1.3157657276807408,0.2278,86.88304715881924,0
Shale,14.082955585116128,665.1352438232178,Fault,0.8718355763999104,2.130557181800678,2837.0,0.2157931842709396,0.00015323003965091335,9367.070096857764,1.0775733116567499,1.8574955486481628,0.5674,234.45020931378843,0
Shale,6.203930281324324,243.5586983264489,None,0.7648619871874375,3.2945859615623125,3717.0,0.196742423110666,0.0003171254578777573,1511.0211838273922,1.1028371938451285,2.519903565520385,0.7434,65.52561160248827,0
Limestone,5.173391669215773,384.0338923459698,Anticline,0.4363858749678805,0.9562695572267172,2741.0,0.27053704710279647,0.0005229394262039448,1986.757739359147,1.0748525043845978,0.4173025274355287,0.5482,140.10722084858438,1
Sandstone,7.485092390482253,531.9544413772003,None,0.8680980942840464,4.757069571786354,3468.0,0.26470874256527244,0.0003536479294522344,3981.7281412357192,1.095629170210139,4.129603029644358,0.6936,153.38940062779707,0
Shale,17.245171135796248,383.97829168841946,Dome,0.7816100492305522,2.617008343433673,2737.0,0.1481662297277587,8.591751775672798e-05,6621.771352597484,1.074739286621117,2.045480020147959,0.5474,140.29166667461433,0
Shale,8.750803521647581,167.14538850887328,Dome,0.8806608784415548,1.0768846085253792,4086.0,0.13723120636769703,0.000156821263359664,1462.6564543906015,1.113606263624699,0.9483701453241503,0.8172,40.90684985532875,0
Sandstone,14.082955585116128,546.9759353745852,Fault,0.8173624033727843,2.480208479564591,2837.0,0.19568919787644937,0.00013895463682585753,7703.037804007633,1.0775733116567499,2.027229163722473,0.5674,192.80082318455592,1
Limestone,22.35724458517324,383.9663036231229,None,0.6074358208951647,0.2523950651356754,4394.0,0.13012689454686785,5.820345796689308e-05,8584.428562567049,1.1226755570778322,0.15331380358057753,0.8788,87.38422931796151,0
Shale,13.426555653181856,812.6437212414854,None,0.904979834,0.4959207343709143,2461.0,0.24428535520734335,0.00018194193769230163,10911.006149457606,1.066955992625841,0.44879826386814814,0.4922,330.20874491730416,1
Limestone,14.082955585116128,383.98764562686114,Dome,0.4449376980079407,2.638647166213336,2800.0,0.1639613060583296,0.00011642535195638591,5407.6809585963965,1.07652385244407,1.1740335959901378,0.56,137.13844486673614,0
Shale,14.082955585116128,261.2954100204625,Anticline,0.500169229,2.2945723663230915,2741.0,0.13525353780709767,9.604059104613186e-05,3679.811653912881,1.0748525043845978,1.1476744913485264,0.5482,95.32849690640732,0
Limestone,18.32878498296764,797.6204909244154,Anticline,0.4785086131694892,2.5658539647403695,4706.0,0.20713856396611272,0.00011301270878489764,14619.414476162703,1.1319379423024483,1.2277832222633498,0.9412,169.49011706851155,0
Shale,14.082955585116128,483.8281372485967,Dome,0.8186274411366156,1.9033055056410049,2800.0,0.18404681403834386,0.0001306876336618271,6813.7301677014575,1.07652385244407,1.558098115784128,0.56,172.79576330307026,0
Shale,5.923464512733951,36.56962128999226,None,0.500169229,4.052942636108462,2588.0,0.07801928824850413,0.00013171225738042725,216.61885395538914,1.070530410000727,2.027157193483597,0.5176,14.130456448992373,0
Sandstone,24.03492201525476,383.9629625309666,Anticline,0.525821056,2.5658539647403695,3387.0,0.1255026674160387,5.221679826395243e-05,9228.519861177967,1.0932945616709016,1.3491800412815678,0.6774,113.3637326634091,0
Shale,25.12352684504201,626.4334719113863,Fault,0.500169229,2.480208479564591,1765.0,0.1567930552450831,6.240885533793014e-05,15738.218148198584,1.0475779313842057,1.2405239629830838,0.353,354.9198141140999,0
Limestone,2.8298227887313088,384.0617563171783,Fault,0.1244408107609442,3.4610803092223867,3410.0,0.36580577720602014,0.0012926808656100386,1086.8267103065218,1.0939569690130626,0.4306996397883732,0.682,112.62808103143058,0
Shale,10.337332843898665,76.08340677274677,None,0.2079523404978106,4.681371988347329,968.0,0.08518642121911425,8.240657673066344e-05,786.4994997076172,1.0258197014166681,0.9735022617177164,0.1936,78.5985607156475,0
Shale,0.1110722049725054,384.2113275761074,None,0.1555653971088704,4.770339224900685,2772.5,1.8467666950213983,14.779955494193658,42.67519932929182,1.0757445111603952,0.742099715865696,0.5545,138.579378747018,0
Limestone,5.695579808129074,384.02945131214994,Anticline,0.9798009951323444,1.0879185693397797,2741.0,0.2578356367186173,0.00045269427416435947,2187.2703886203685,1.0748525043845978,1.0659436968620726,0.5482,140.10560062464427,1
Limestone,5.165924382708992,384.03395905500673,None,0.3536065020777995,2.1014413533067526,4243.0,0.27073252916228535,0.0005240737360935086,1983.890392870526,1.1182200556516264,0.743083326264438,0.8486,90.51000684775082,0
Limestone,0.5293548053581754,748.8357626565293,None,0.4785086131694892,3.992446813041004,2772.5,1.180998936983429,1.0500168675946255,396.39980938628787,1.0757445111603952,1.910420187661198,0.5545,270.0940532575399,0
Limestone,5.721779627726839,384.02923935805984,Fault,0.4785086131694892,3.521570137895188,2837.0,0.2572445784515625,0.0004495884063849575,2197.330678210381,1.0775733116567499,1.6851016428633132,0.5674,135.36455388017617,0
Sandstone,26.000740451981848,433.92226459766346,Anticline,0.4814464104827508,0.7531641314359616,3327.0,0.12827521677604067,4.933521682312828e-05,11282.30017814004,1.091568429868488,0.36260816758420245,0.6654,130.42448590251382,0
Sandstone,27.319290475036365,565.9947331645827,Anticline,0.4814464104827508,1.5200659175828153,2741.0,0.1429226746905575,5.231566128013332e-05,15462.574522663934,1.0748525043845978,0.7318302797174153,0.5482,206.49205879773174,0
Sandstone,8.306099084760367,648.0223327092637,Fault,0.1365669267033004,3.896533255942157,2837.0,0.27734866570079936,0.0003339096522574182,5382.537704620693,1.0775733116567499,0.532137571561225,0.5674,228.41816450802384,1
Sandstone,10.356133837821663,937.9730425,Dome,0.4814464104827508,2.638647166213336,1037.0,0.29883124163047,0.0002885548278056311,9713.774364398787,1.0276854080030444,1.270367206703893,0.2074,904.5063090646096,0
Shale,27.38677334209726,534.7128636096627,None,0.8640959241006102,0.1647708755731897,4526.0,0.13874569935480405,5.0661572147140356e-05,14644.059998781599,1.1265849726796782,0.14237784199328202,0.9052,118.14247980770277,0
Limestone,21.460923456866688,600.5817623700112,None,0.6011978054901025,4.806623590581084,4918.0,0.16610836950619154,7.740038299845067e-05,12889.039231812909,1.138275179286329,2.8897315544743045,0.9836,122.11910580927434,0
Sandstone,10.977031395587266,479.5149397056711,Anticline,0.2384237004953555,2.3974113890584894,3248.0,0.20753352665113423,0.00018906161344729513,5263.650547802286,1.0892998453957012,0.5715996949890355,0.6496,147.63391000790367,0
Limestone,28.24598730853324,234.0184395751256,Anticline,0.6645134329822682,2.5658539647403695,3716.0,0.09038082636576797,3.199775790399209e-05,6610.081874201751,1.102808151327117,1.7050444266407867,0.7432,62.975898701594616,1
Shale,14.511414971721395,842.1301465885884,Dome,0.2719345612096417,4.089247268,1350.0,0.23920176209998012,0.00016483696632348815,12220.500017343575,1.0361913855524971,1.1120076615013061,0.27,623.8001085841396,0
Limestone,14.082955585116128,664.1345936506257,None,0.3681680002560942,2.1045040007682827,2772.5,0.2156308001810086,0.00015311473424577338,9352.97798492091,1.0757445111603952,0.7748110294938083,0.5545,239.54358652862965,0
Limestone,1.692040732823714,384.08550978830175,Dome,0.2448885294769801,2.638647166213336,3982.0,0.47308393744552807,0.0027959370496715846,649.8883274491678,1.1105604803581792,0.6461744243425845,0.7964,96.45542686798134,0
Shale,22.116576707139146,403.8262432,Fault,0.1635517113229464,1.0186717054988907,3435.0,0.1341738755817492,6.0666656218291855e-05,8931.254084088629,1.0946774322083865,0.16660550071060806,0.687,117.56222509461426,0
Sandstone,9.863228624777722,172.1192641130055,Dome,0.006825011,3.7403340112600976,1012.0,0.13117009660399134,0.00013298900552145257,1697.651652675073,1.0270090356845396,0.02552782077052429,0.2024,170.07832422233744,0
Limestone,10.24869560417525,384.0023218287388,Dome,0.4785086131694892,4.217448777970051,641.0,0.19220393556567453,0.00018753990067513755,3935.522907719285,1.0170238322925411,2.0180855658598063,0.1282,599.0675847562227,1
Limestone,9.321459849343425,274.43620725566973,Fault,0.4785086131694892,4.846351262142614,2837.0,0.17037598740736157,0.00018277822375575896,2558.1460871398162,1.0775733116567499,2.319020821380066,0.5674,96.73465183492058,1
Sandstone,13.569421051540065,325.3542773814633,Dome,0.5614216779983453,2.638647166213336,2484.0,0.15375429247084008,0.00011330939756887395,4414.869180708633,1.0676024419068086,1.48139371970107,0.4968,130.97998284277912,0
Shale,11.112571231433565,383.99858471012,Dome,0.5409203070273668,3.600274376099696,3714.0,0.1845810792642431,0.00016610114384880433,4267.211625360884,1.1027500685855232,1.9474615209026092,0.7428,103.39218759023156,0
Limestone,28.00713250372944,357.0102711173016,Anticline,0.4901288613365966,1.465829903654576,2741.0,0.11210776138113605,4.002828971020426e-05,9998.833968374638,1.0748525043845978,0.7184455415913505,0.5482,130.2481835524632,0
Sandstone,10.867157578866232,336.19216365854845,Fault,0.4814464104827508,4.029436138975405,2866.0,0.17464874084803161,0.00016071243982665492,3653.4532192574316,1.0783965759001461,1.9399575653791832,0.5732,117.30361607067287,0
Sandstone,27.43325188462015,127.4297867,Dome,0.6026344867524884,3.432535925251206,1691.0,0.06767472203053986,2.4668866204841068e-05,3495.8134361445186,1.0455384321766747,2.0685645255732386,0.3382,75.35765032525133,1
Sandstone,14.082955585116128,383.98764562686114,Fault,0.4814464104827508,2.286683400079041,2837.0,0.1639613060583296,0.00011642535195638591,5407.6809585963965,1.0775733116567499,1.100915514878546,0.5674,135.34989271302823,1
Limestone,14.082955585116128,747.7454629255186,Fault,0.1035886546320291,2.480208479564591,2837.0,0.22880190525487637,0.00016246724906005563,10530.466143352178,1.0775733116567499,0.2569214596050464,0.5674,263.5690739956005,0
Limestone,10.567719713711364,384.0009062676513,Dome,0.4785086131694892,2.863552644025536,1805.0,0.1892801753989046,0.00017911165372158582,4058.0139472476885,1.04868201934436,1.3702346044304832,0.361,212.7428843588096,1
Limestone,10.843959854955465,192.08770890900053,Fault,0.1392784731442603,4.898450516955189,687.0,0.13215557414525475,0.00012187021707283654,2082.991404039573,1.0182565982163139,0.6822487087742314,0.1374,279.6036519781667,0
Sandstone,24.646067336690585,756.1714177,None,0.4814464104827508,2.4443392314482524,914.0,0.17392658168188224,7.056970968465945e-05,18636.651678714985,1.0243619461676683,1.176818348982927,0.1828,827.3210259299781,0
Limestone,0.8937151209786653,384.11499375098964,Anticline,0.4785086131694892,0.5251403239006613,728.0,0.6509696261149391,0.07741642312421097,343.289378109885,1.0193566272579617,0.25128416810908183,0.1456,527.6304859216891,1
Shale,26.362395710307894,832.9422561961218,Dome,0.500169229,0.7662610792182672,591.0,0.17649997906201606,6.695141860457062e-05,21958.35336167882,1.015685562048868,0.3832602132053087,0.1182,1409.3777600611197,0
Shale,1.9271572757137767,10.850867608802329,None,0.9345311515910516,3.803593454773155,2772.5,0.07450806777425274,0.0003866216250910637,20.911328460110358,1.0757445111603952,3.554576571473343,0.5545,3.9137484612452043,0
Sandstone,10.660800438506547,384.00050130139294,Fault,0.4814464104827508,0.2327979941209784,2138.0,0.18845195051495464,0.00017677092034691023,4093.7527126606237,1.0579188353353821,0.11207975863712957,0.4276,179.6073439202025,0
Shale,10.549090197099375,587.0028111539349,Fault,0.7662316622037167,4.180114583703884,1738.0,0.23422984757398355,0.0002220379608076424,6192.34560081375,1.0468333292173195,3.2029361456734247,0.3476,337.7461514119303,0
Limestone,27.89375167891509,145.94435719249913,Fault,0.4785086131694892,0.3325419773329091,3502.0,0.07182404115910739,2.574915055739857e-05,4070.935658466456,1.0966106142200165,0.15912420039421005,0.7004,41.67457372715566,0
Shale,9.090525209,384.0078595931013,Fault,0.500169229,3.454380300079816,3731.0,0.20408224213129803,0.00022449994630590546,3490.83312808522,1.1032438694142777,1.7277747313637104,0.7462,102.92357533988242,0
Sandstone,21.537980728203053,383.96802745551446,Dome,0.1282551121204175,2.638647166213336,1793.0,0.13257898426631606,6.155590254229805e-05,8269.895975583011,1.0483506708292165,0.3384199881489134,0.3586,214.14837002538454,0
Sandstone,25.62782366992008,383.95999948157765,Fault,0.4814464104827508,3.131830769257453,1397.0,0.12153931258230063,4.742474981398983e-05,9840.059163016478,1.0374747062965277,1.5078086820984329,0.2794,274.8460984120098,1
Sandstone,8.963486131627548,784.7210967,Fault,0.8915500494128707,2.211348715513246,2837.0,0.29379800123633343,0.0003277720263321108,7033.836667466009,1.0775733116567499,1.9715280565849227,0.5674,276.6024309834332,1
Shale,18.96360365746954,383.9739054399887,Dome,0.3363401228791364,0.7329920678142804,2800.0,0.14129281204369792,7.450736399884857e-05,7281.528957574634,1.07652385244407,0.24653464215808735,0.56,137.13353765713882,0
Limestone,5.096177832134289,384.03458683441926,Fault,0.4785086131694892,1.2174123830291044,2837.0,0.27257908579083545,0.000534869650882412,1957.1085481984182,1.0775733116567499,0.5825423110586198,0.5674,135.3664387854844,1
Sandstone,21.06247701,383.96905830992733,None,0.4814464104827508,2.4443392314482524,4414.0,0.13406735469268008,6.365222600790394e-05,8087.339463204194,1.1232670195844745,1.176818348982927,0.8828,86.98891216808504,0
Limestone,11.68548077836226,383.99626329892277,Fault,0.9669886314359232,2.480208479564591,2837.0,0.1799989014214111,0.00015403636772456206,4487.180953742495,1.0775733116567499,2.3983334033299357,0.5674,135.35293031333194,1
Sandstone,11.143341622807286,271.1757393,Dome,0.4814464104827508,4.819578952929148,3819.0,0.154898546311379,0.00013900547210573286,3021.8039028372273,1.1058035519325449,2.3203689869259527,0.7638,71.0070016496465,0
Sandstone,17.136417288443926,100.78643167960912,Dome,0.5777914549604904,2.638647166213336,3965.0,0.07615013335379073,4.443760447240226e-05,1727.1183502750264,1.110063404688161,1.5245877852937786,0.793,25.41902438325577,0
Shale,22.84376500308476,383.96530957763355,Fault,0.500169229,0.9069052385018976,2543.0,0.12873356623283547,5.635391811089443e-05,8771.213301328151,1.0692625164400957,0.4536060939175553,0.5086,150.98911111979297,0
Shale,24.097902018813848,960.2460009792868,Fault,0.500169229,2.480208479564591,1048.0,0.19821261198080978,8.225305747614881e-05,23139.91404555668,1.02798315292389,1.2405239629830838,0.2096,916.2652681100064,0
Sandstone,23.86980691984326,383.963280836088,Anticline,0.4123342156333225,2.6470198167836347,4648.0,0.1259360426119682,5.275955647017657e-05,9165.129377866975,1.1302103249355508,1.0914568399193412,0.9296,82.60827900948539,0
Shale,25.640251241527903,174.93513828570175,None,0.9856609574568044,1.5953257760982749,4148.0,0.08201759610847696,3.1987828565282625e-05,4485.38089661682,1.115425991851567,1.572450331924545,0.8296,42.173369885656165,0
Shale,20.09909772,383.9712201626035,Dome,0.2381857055995619,2.907613650824641,710.0,0.13724315845221122,6.828324353866131e-05,7717.475075715803,1.0188735414176333,0.6925520090325853,0.142,540.8045354402867,0
Sandstone,3.6566424759681135,523.4585335907267,Anticline,0.2840286682027823,2.5658539647403695,1420.0,0.3756899178124037,0.001027417693366202,1914.1007083358327,1.0381032934009096,0.7287760844080359,0.284,368.63277013431457,0
Limestone,13.058781725629023,383.99113225412447,Dome,0.4815780819368983,3.280355585,4148.0,0.17027030508799912,0.00013038758795839926,5014.456380683758,1.115425991851567,1.579747350695292,0.8296,92.57259697543985,0
Limestone,0.2611844118763073,384.17182263322115,Anticline,0.4785086131694892,2.5658539647403695,3594.0,1.2042558793634095,3.40649355515386,100.33969155390692,1.0992706964561076,1.2277832222633498,0.7188,106.89254942493633,0
Shale,18.270868341207475,383.9756238188736,Fault,0.500169229,2.6570789221620483,2837.0,0.14394675577290847,7.878484650248178e-05,7015.568069027649,1.0775733116567499,1.328989115889943,0.5674,135.34565520580668,0
Shale,28.23144780115131,263.3097990645211,Dome,0.7260807566781885,2.638647166213336,2800.0,0.09589513690726593,3.396748816522092e-05,7433.616847821668,1.07652385244407,1.915870931050937,0.56,94.03921395161468,1
Sandstone,21.727635824974,383.9676226343248,None,0.2329130542531116,1.6987391627593347,1959.0,0.13199902208353453,6.075167272999546e-05,8342.708673179653,1.0529436329670148,0.3956585267776503,0.3918,196.00184922630157,0
Sandstone,6.2483302546063735,791.6968939624128,Dome,0.6549481120981441,2.507093544239502,2800.0,0.35344930383169876,0.00056567001011371,4946.783655023238,1.07652385244407,1.6420161836531069,0.56,282.74889070086175,1
Limestone,23.427580691582712,383.96414431986216,Dome,0.1043350528690824,4.731605888322709,1013.0,0.12711923252244897,5.426050354747966e-05,8995.35097372808,1.027036082028349,0.4936723505138114,0.2026,379.03666764053526,0
Shale,6.549093354345369,856.7116282934091,Anticline,0.500169229,2.5658539647403695,2741.0,0.3591338889170578,0.0005483719188073109,5610.684431446766,1.0748525043845978,1.2833611992707838,0.5482,312.5544065280588,0
Limestone,6.218189372030029,384.02539703714734,Fault,0.067528187,4.909495272389989,2274.0,0.24676164084030255,0.00039683841400884066,2387.9426424460016,1.0617145869780737,0.33152931482956716,0.4548,168.87660379821781,0
Limestone,14.649289284775351,988.8487951473136,Anticline,0.7940037392048925,0.6913149202789276,1523.0,0.2579801641761751,0.00017610421854682574,14485.932059014558,1.040922945422712,0.5489066316696007,0.3046,649.2769501952158,1
Shale,29.86422457040443,413.2572740595376,Anticline,0.1966320424660023,4.656388030691378,937.0,0.11680576552534803,3.911227135664625e-05,12341.608037867201,1.0249825884885584,0.9155950889890919,0.1874,441.0429819205311,0
Sandstone,14.082955585116128,743.6357858106401,None,0.99528340314173,0.377674603743347,2772.5,0.22817228089769961,0.00016202016651877278,10472.589743074175,1.0757445111603952,0.37589326489388275,0.5545,268.21849803810284,1
Limestone,2.6445647440993336,384.064883506952,None,0.7148429288450242,3.144528786535073,2513.0,0.37840323977641427,0.0014308715285595627,1015.6844503691029,1.0684180884220635,2.2478441676042213,0.5026,152.83123100157263,0
Limestone,11.224630733641794,762.3463582307401,None,0.6724799495825067,1.1441660210978206,4095.0,0.258773489244616,0.00023054075932229606,8557.056362276662,1.113870233412565,0.7694287081818797,0.819,186.1651668451136,0
Shale,29.49194098844461,307.03823062694414,Fault,0.1932001274783916,2.480208479564591,1073.0,0.10131510463647564,3.4353488187221186e-05,9055.153378846284,1.0286601667809916,0.47917659442486676,0.2146,286.1493295684475,0
Shale,14.082955585116128,383.98764562686114,Fault,0.500169229,2.143380579060379,2837.0,0.1639613060583296,0.00011642535195638591,5407.6809585963965,1.0775733116567499,1.0720530116822033,0.5674,135.34989271302823,0
Shale,25.26320587450535,436.0300595469064,Anticline,0.500169229,1.9684697669875435,3511.0,0.13044986456802254,5.163630665721151e-05,11015.517161806323,1.0968705553506142,0.9845680056639694,0.7022,124.18970650723622,0
Sandstone,14.082955585116128,792.4976633775714,None,0.000332968,3.635262797763816,2772.5,0.23554925689359194,0.00016725839648499438,11160.70939465465,1.0757445111603952,0.0012104261832458223,0.5545,285.84225910823136,0
Sandstone,5.273514474911455,639.5055933850225,Fault,0.4814464104827508,2.210531638964987,2539.0,0.34578149729681884,0.0006556946016586495,3372.442003502755,1.0691498874885033,1.0642525228382451,0.5078,251.8730182690124,0
Shale,1.6317224556693355,384.0871864267022,None,0.2116708270045032,0.7231294715676501,1722.0,0.48174965504077144,0.0029523994927382236,626.7236870273044,1.0463923332558154,0.15306541327805387,0.3444,223.04714658925795,0
Shale,10.784764489468685,383.9999674276089,Dome,0.500169229,2.638647166213336,2577.0,0.18736562192890857,0.00017373176958279522,4141.349212670409,1.0702203416972904,1.3197701187279594,0.5154,149.01046465953004,0
Sandstone,14.082955585116128,383.98764562686114,Dome,0.4814464104827508,2.638647166213336,2800.0,0.1639613060583296,0.00011642535195638591,5407.6809585963965,1.07652385244407,1.270367206703893,0.56,137.13844486673614,1
Shale,10.295215716218507,850.3607706203857,Anticline,0.500169229,2.5658539647403695,2741.0,0.2853734272792131,0.00027719033301036307,8754.647570146675,1.0748525043845978,1.2833611992707838,0.5482,310.23742087573356,0
Shale,11.168019270270522,302.1869269390051,Dome,0.1920097765235945,4.852435453185322,3903.0,0.16333505640432341,0.0001462524843945465,3374.8294232786393,1.108252425093028,0.9317150469612806,0.7806,77.42427028926598,0
Limestone,14.082955585116128,383.98764562686114,Dome,0.0223288305533833,0.1344819428842852,2800.0,0.1639613060583296,0.00011642535195638591,5407.6809585963965,1.07652385244407,0.003002824515152975,0.56,137.13844486673614,0
Sandstone,18.48762121712437,546.9586329752063,Dome,0.1748078937751861,2.638647166213336,2800.0,0.17079154669251484,9.238156963877928e-05,10111.964027881766,1.07652385244407,0.4612563535416167,0.56,195.34236891971656,0
Limestone,18.712311782627868,383.9745214207279,None,0.949112054,1.9251534061641264,2772.5,0.1422384887719115,7.601331702048853e-05,7185.050961409984,1.0757445111603952,1.8271863035895304,0.5545,138.49396624733197,0
Shale,27.81012480304225,884.0083453035638,Fault,0.09386466,2.480208479564591,2837.0,0.1770338693335484,6.36580635963856e-05,24584.382409822978,1.0775733116567499,0.2328039256634473,0.5674,311.5996987323101,0
Limestone,10.758950189113131,384.0000780938676,Anticline,0.4317817358510307,4.464692088,2486.0,0.18759029051942558,0.00017435743006715117,4131.437712827474,1.067658673394364,1.9277724997970025,0.4972,154.46503543598857,0
Shale,14.082955585116128,383.98764562686114,Dome,0.197452324826008,2.034178836613867,2800.0,0.1639613060583296,0.00011642535195638591,5407.6809585963965,1.07652385244407,0.4016533404012723,0.56,137.13844486673614,0
Shale,14.082955585116128,765.2373216677314,Dome,0.8408336909140859,4.268022030066841,2800.0,0.23146259337233577,0.0001643565457360115,10776.803213119885,1.07652385244407,3.5886967164437316,0.56,273.2990434527612,0
Sandstone,2.871871642331919,384.0610750730481,Dome,0.2378206472764918,0.7800690801176896,2800.0,0.36311758557525137,0.0012643935063908535,1102.9741104257969,1.07652385244407,0.18551653355396647,0.56,137.16466966894575,0
Sandstone,11.382395801671962,937.1513097083896,None,0.4814464104827508,3.9684759191869015,4625.0,0.28491654195094257,0.000250313332021973,10667.027133156154,1.1295259656429737,1.9106084863797685,0.925,202.62731020721938,1
Shale,7.827557389505042,384.01476736327794,None,0.6179035655664339,3.232773184572257,987.0,0.21993304171600114,0.00028097276170837264,3005.897629953486,1.0263331085212446,1.9975420774147528,0.1974,389.0727126274346,0
Limestone,14.082955585116128,546.8745913477427,Dome,0.4785086131694892,2.638647166213336,2800.0,0.19567106833112308,0.00013894176343062689,7701.610580578793,1.07652385244407,1.2626153961483462,0.56,195.31235405276527,1
Sandstone,10.292512228722746,570.5568478540856,Anticline,0.4814464104827508,3.105967888059435,803.0,0.23378595313093942,0.00022714177834885234,5872.463333719679,1.0213719516178204,1.4953570907809053,0.1606,710.531566443444,0
Sandstone,20.160592865416053,510.5093603483036,Fault,0.4814464104827508,4.858993509416028,1403.0,0.1580082827415391,7.837481952854184e-05,10292.171367966122,1.0376386488369782,2.339344983667331,0.2806,363.8698220586626,1
Sandstone,1.4423690545935064,353.52447315382966,None,0.059442088,2.595865732505281,2772.5,0.49158790821525217,0.0034081978301579224,509.9127601185567,1.0757445111603952,0.15430367930776337,0.5545,127.51108139001971,0
Sandstone,12.20467942195395,383.9942558119378,Anticline,0.088741167,0.314311921,1636.0,0.17612817042540072,0.00014431200061558265,4686.526792056478,1.0440251608886197,0.027892406671551805,0.3272,234.71531528847058,0
Shale,10.234479774590492,888.1208371566353,Dome,0.6580988848075032,0.038194973,3762.0,0.2925046616619584,0.00028580315570916475,9089.45474527196,1.1041448990671876,0.025136069136552697,0.7524,236.0767775535979,0
Shale,10.682440053018887,670.6493143475612,Fault,0.500169229,2.480208479564591,2215.0,0.24879529228269404,0.0002329011827334185,7164.171097116042,1.0600662309192366,1.2405239629830838,0.443,302.77621415239787,0
Limestone,29.303831184827587,31.26293325,Fault,0.7023145183857498,2.480208479564591,2837.0,0.03243264047892579,1.106771339022666e-05,916.1237183005333,1.0775733116567499,1.7418864238216583,0.5674,11.019715632710609,1
Limestone,3.443907817538403,282.8734284521032,Anticline,0.060021798,2.5658539647403695,4233.0,0.2845771109302577,0.0008263203488810699,974.1900116200884,1.1179256143867666,0.15400716836914558,0.8466,66.8257567805583,0
Limestone,22.69002809,250.748736488608,Fault,0.4502066161151195,2.480208479564591,2237.0,0.10438341664906763,4.600409317918462e-05,5689.495874458523,1.0606805727328363,1.1166062668448,0.4474,112.09152279329815,0
Limestone,0.742946327,469.8206210265454,None,0.4785086131694892,4.094375852194706,3454.0,0.7896178645669156,0.2732016634000295,349.05150474053085,1.0952253015563225,1.9591941108283344,0.6908,136.0221832734642,0
Sandstone,25.58779151563744,383.96007166486885,Anticline,0.5963766176932567,3.7936043375338775,1884.0,0.12163436111543047,4.7536091983982355e-05,9824.690264089875,1.0508660128113847,2.2624169236849214,0.3768,203.80046266712785,0
Sandstone,11.045175124163713,383.998865631212,None,0.8985831804077546,2.328927865899863,3483.0,0.18514343445169207,0.00016762381073220895,4241.334718376947,1.096062051891061,2.092735408680544,0.6966,110.24945898111169,1
Sandstone,18.856320926365832,383.97416741277937,None,0.8535314430998039,1.3415784518762002,2772.5,0.14169423186851526,7.514415586255294e-05,7240.340128169489,1.0757445111603952,1.145079392061494,0.5545,138.49383856186813,1
Sandstone,14.082955585116128,286.62038410458365,Fault,0.4814464104827508,4.270499135539415,2837.0,0.14165642592841293,0.00010058714243061701,4036.4621391337764,1.0775733116567499,2.0560164797751415,0.5674,101.0293916477207,0
Limestone,14.082955585116128,135.58572464557295,None,0.3389257169697096,2.449580558022473,2772.5,0.09742933236450362,6.918244666444442e-05,1909.447738159389,1.0757445111603952,0.830225846902828,0.5545,48.9037780507026,0
Sandstone,6.497375568817226,384.0233687432469,Dome,0.1357441844518385,4.103504181430317,2800.0,0.24140123580389816,0.00037153652770582034,2495.144053927261,1.07652385244407,0.5570268285029675,0.56,137.15120312258819,0
Sandstone,17.315148798719886,383.9781046921943,Anticline,0.5938298741151422,2.5658539647403695,4813.0,0.14786649016536582,8.539718132615622e-05,6648.638018195787,1.1351320312125104,1.5236807368796121,0.9626,79.77936935221157,0
Shale,25.553710159816248,606.9193411834832,None,0.500169229,2.5005076870000003,2808.0,0.1530270318534706,5.988446722468852e-05,15509.040934989358,1.0767506759057188,1.2506770019153635,0.5616,216.1393665183345,0
Limestone,12.411986927409895,890.0737414321105,Dome,0.4785086131694892,2.638647166213336,4514.0,0.26590223500556287,0.00021423019260386115,11047.583643086171,1.12622900943153,1.2626153961483462,0.9028,197.18071365354686,1
Sandstone,14.082955585116128,557.0672943,Anticline,0.4814464104827508,4.49901359,2741.0,0.1974861185069762,0.00014023059102429722,7845.153963547714,1.0748525043845978,2.166033943618614,0.5482,203.23505811747535,0
Shale,25.44544494839841,253.31599057854925,Dome,0.500169229,1.9861641986382963,2800.0,0.09907313964362302,3.893551079359644e-05,6445.738092815485,1.07652385244407,0.9934182159003196,0.56,90.46999663519617,0
Limestone,4.937344341405085,530.0586144356514,Dome,0.5942460053504046,2.2496933106947874,1789.0,0.3253455628603522,0.0006589484961216303,2617.0819005968833,1.0482402445913737,1.3368712631439041,0.3578,296.2876547991344,0
Shale,11.3178331434571,184.3796817023796,Anticline,0.500169229,4.211806373,4409.0,0.12673732461425088,0.0001119802024007735,2086.7784725512624,1.1231191247515415,2.1066159462806966,0.8818,41.818934384753824,0
Limestone,20.73317610161553,383.96978594133947,Fault,0.8563373248357075,2.480208479564591,3445.0,0.1351279709876903,6.51747567885468e-05,7960.91318962141,1.0949657503250882,2.1238950944251793,0.689,111.45712218906806,1
Sandstone,2.090720901903589,856.7153304569763,Anticline,0.4814464104827508,3.255838390412661,2741.0,0.6356234141711918,0.0030402116972784864,1791.1526483676407,1.0748525043845978,1.5675117061761126,0.5482,312.5557571897031,0
Sandstone,1.8565710504142567,608.1014027200953,None,0.082738685,4.538231329941651,3071.0,0.568279335000365,0.0030609080911477363,1128.9834600064303,1.084234168256787,0.3754872924651733,0.6142,198.01413309022965,0
Sandstone,4.110627301,410.8588691933852,Dome,0.7150318415582864,4.985676125006254,774.0,0.313922128353575,0.0007636842393305922,1688.8876845643172,1.0205922208343905,3.564917181076403,0.1548,530.8254123945545,1
Sandstone,25.07349212563804,160.14817476968398,Anticline,0.4638940204404267,2.5658539647403695,1415.0,0.07935663288184908,3.164961325857983e-05,4015.473999022976,1.0379666116409472,1.190284311566419,0.283,113.17892209871658,0
Limestone,14.082955585116128,383.98764562686114,Dome,0.4785086131694892,1.1466473470204277,2800.0,0.1639613060583296,0.00011642535195638591,5407.6809585963965,1.07652385244407,0.5486806318172189,0.56,137.13844486673614,1
Limestone,10.499203222502453,564.0529690127017,Anticline,0.4785086131694892,1.915054378105661,1558.0,0.23015023456511985,0.0002192073338211509,5922.1067499202345,1.0418828219483387,0.9163700146114985,0.3116,362.036565476702,1
Limestone,5.352482896904873,384.0323206421752,Fault,0.8091638049477762,2.480208479564591,3395.0,0.26597198363170427,0.0004969132807234287,2055.526428095931,1.0935249187192075,2.0068949303882233,0.679,113.11703111698827,1
Limestone,11.269058037873371,383.9979389572199,None,0.1092661113548973,1.327798334064692,4245.0,0.1832948601779012,0.00016265322226745004,4327.295060532667,1.1182789532100013,0.14508336062675975,0.849,90.45887843515192,0
Shale,25.123487852503857,817.9778852984394,Dome,0.3976847260806038,2.959688393531489,2800.0,0.17916800726097856,7.131494174409478e-05,20550.457464912135,1.07652385244407,1.1770228680655126,0.56,292.13495903515695,0
Shale,10.554150192310574,384.00096560231833,Fault,0.4721967027581214,2.9255209291158666,2837.0,0.18940183015961998,0.00017945720565698626,4052.8038649591545,1.0775733116567499,1.381421336578388,0.5674,135.3545878048355,0
Limestone,11.068760863145929,383.9987671263901,None,0.693075113,0.7826285471154915,3564.0,0.1849460501826887,0.00016708830597151768,4250.390525064874,1.0984025700968485,0.542420368729095,0.7128,107.74376181997476,0
Limestone,4.233289449979479,384.0431544499176,Fault,0.1220315151785847,2.480208479564591,2837.0,0.29907539160483826,0.0007064846265267499,1625.7658340696757,1.0775733116567499,0.30266359872004084,0.5674,135.36945874159943,0
Shale,16.982149393444953,383.97900139424615,None,0.1687010289402437,1.799047386343167,2772.5,0.1493093679177445,8.792136051716597e-05,6520.788765622896,1.0757445111603952,0.3035011451883484,0.5545,138.4955821079337,0
Limestone,28.406405890230708,877.9543357222321,Fault,0.389259786,0.0247015250247861,3760.0,0.1745651186338523,6.145272982031397e-05,24939.527213613605,1.104086745921713,0.009615310345021881,0.752,233.49849354314685,0
Sandstone,20.37597453603508,798.4747235497592,Fault,0.7651696096585132,2.480208479564591,3834.0,0.19656266868063452,9.646786136928656e-05,16269.700634717545,1.1062404534986454,1.8977801541801727,0.7668,208.2615345721855,1
Limestone,24.52695988633791,383.9620268006737,None,0.275127409,1.825382227,3174.0,0.124237277386706,5.06533536820065e-05,9417.421229217125,1.087179118999229,0.5022126825491599,0.6348,120.97102293657017,0
Shale,18.434573325348936,585.4077409,Fault,0.500169229,2.480208479564591,4630.0,0.176946645332124,9.598629825015205e-05,10791.741924847922,1.1296747041430142,1.2405239629830838,0.926,126.43795699784017,1
Sandstone,29.90427542043327,383.9528738041794,Dome,0.4835772911480591,2.538301039380749,1646.0,0.11251280898370285,3.762432207497128e-05,11481.832486707039,1.0443001381187333,1.2274647407420454,0.3292,233.26420036705917,0
Shale,12.859328376255952,423.4332224882946,None,0.1826889349073418,3.421706314123562,4742.0,0.18018264986523044,0.0001401182430319828,5445.066853393227,1.1330115845248232,0.6251078820929599,0.9484,89.29422658968676,0
Sandstone,11.158611824254377,713.0590217233876,Fault,0.8319121741195065,1.857006822999998,3871.0,0.2510078493018856,0.0002249454083135095,7956.748831193851,1.107318882214115,1.544866583476686,0.7742,184.2053789003843,1
Sandstone,11.06992689509901,604.6012743834409,Anticline,0.4814464104827508,0.5200033791523034,3568.0,0.23205546504911737,0.00020962691736641485,6692.891908108389,1.0985182806546891,0.25035376033177736,0.7136,169.4510298159868,1
Sandstone,10.666978708585141,159.59915719697128,None,0.4814464104827508,4.7229019747905845,2160.0,0.12145747010789025,0.00011386304728454855,1702.4408117282255,1.0585319326655156,2.273824202824822,0.432,73.88849870230152,0
Shale,3.5859260864123343,950.3931330373912,Fault,0.500169229,2.480208479564591,863.0,0.5111879715244543,0.0014255396213029316,3408.039528105929,1.022987079501276,1.2405239629830838,0.1726,1101.2666663237442,0
Shale,13.920012845892789,383.9881830265358,Anticline,0.193110212,2.015044999659599,1652.0,0.1649182659704638,0.00011847565644964492,5345.120440400409,1.0444651592191005,0.38912576707380514,0.3304,232.43836744947689,0
Limestone,11.04255759076798,383.9988765761938,None,0.4785086131694892,2.8631197564625226,3474.0,0.18516537903666877,0.00016768341710209818,4240.329709382826,1.0958023023631118,1.3700274640030474,0.6948,110.53508249170805,0
Shale,15.250664626937768,314.0104797732149,Fault,0.500169229,3.440933910842308,2837.0,0.14248112446321,9.342617384132936e-05,4788.868516365126,1.0775733116567499,1.721049261225952,0.5674,110.6839900504811,0
Sandstone,14.082955585116128,481.5377610206614,Fault,0.4814464104827508,0.9334077240856548,2837.0,0.18361067104304518,0.00013037793802111967,6781.474901010239,1.0775733116567499,0.4493857982779123,0.5674,169.7348470287844,0
Sandstone,10.425363839683703,756.3155386115398,Fault,0.01979873,2.480208479564591,1290.0,0.2674456566908423,0.0002565336431452127,7884.86466763165,1.0345554102474928,0.049104978030609855,0.258,586.291115202744,0
Limestone,12.557468565944674,293.86278631104847,Dome,0.4785086131694892,2.638647166213336,1477.0,0.15189759379866202,0.0001209619542354276,3690.1727018019083,1.0396627381835561,1.2626153961483462,0.2954,198.9592324380829,1
Sandstone,25.786691907538103,383.95971412851856,Dome,0.4814464104827508,3.105721945346567,2624.0,0.12116429569249466,4.6987142099089984e-05,9901.050853138513,1.0715458072284012,1.4952386825446107,0.5248,146.32611056727077,0
Sandstone,7.090282299846288,541.4315334085525,Fault,0.9992460918840256,2.480208479564591,2837.0,0.2743908705117823,0.00038699569200189795,3838.902417905294,1.0775733116567499,2.4783386302625385,0.5674,190.84650455007136,1
Sandstone,14.082955585116128,63.06364494937564,Anticline,0.4814464104827508,4.757712175511338,2741.0,0.06644652564726222,4.7182230495342644e-05,888.1225108575902,1.0748525043845978,2.2905834490100125,0.5482,23.007531904186663,1
Shale,22.417084141186507,804.1395872452761,Dome,0.6078720109915183,2.638647166213336,3233.0,0.1880640603699664,8.389318574418859e-05,18026.46478853634,1.0888696343987148,1.6039597592231718,0.6466,248.7286072518639,0
Limestone,21.806307184193148,213.847490466518,Anticline,0.0114924696335375,2.5658539647403695,2741.0,0.09833104719574387,4.5092938646219576e-05,4663.224067681707,1.0748525043845978,0.029487998773870497,0.5482,78.01805562441372,0
Limestone,10.246806503136733,432.6516291392159,Fault,0.4785086131694892,2.480208479564591,634.0,0.204034943531625,0.00019912051961668855,4433.29752705642,1.016836368360351,1.1868011199276598,0.1268,682.4158188315708,1
Limestone,24.756341137788933,383.96159697406546,Fault,0.2858381446639287,2.298554842241844,2076.0,0.1236603050379124,4.995096179586613e-05,9505.484278500191,1.0561929254314901,0.6570146515146981,0.4152,184.9525996984901,0
Limestone,18.62456410517676,751.8647772526306,Fault,0.4785086131694892,0.6152509658312894,3547.0,0.19950622880875643,0.00010711994529488237,14003.153742366063,1.0979109361848398,0.29440288641111906,0.7094,211.972026290564,0
Sandstone,8.467874112387985,384.01113622720845,None,0.4814464104827508,4.298814972946715,1223.0,0.21145324830532966,0.0002497123191710968,3251.7579593270743,1.03273162349658,2.0696490380546995,0.2446,313.9911171113724,0
Limestone,18.97416607234432,121.56661785681082,None,0.4785086131694892,3.309021753412085,2268.0,0.07947956224687928,4.188830325603834e-05,2306.625196068347,1.0615468405407011,1.5833954101728884,0.4536,53.60080152416703,0
Shale,26.054284536083088,383.95923744051805,None,0.5521956513689377,2.4728243510482355,2772.5,0.12054040115441135,4.6265097392128574e-05,10003.783222532744,1.0757445111603952,1.365482853248051,0.5545,138.4884535403131,0
Shale,0.094227181,384.2189269866701,Dome,0.023322331562675,2.863270527128392,2561.0,2.005076404197717,19.274095729771965,36.20386637679875,1.0697694935675686,0.06677814458732358,0.5122,150.02691409085128,0
Shale,14.082955585116128,921.2373354401824,Fault,0.500169229,0.9887090040057578,2837.0,0.253961865478735,0.0001803327887699511,12973.744478354816,1.0775733116567499,0.49452182023891783,0.5674,324.7223600423625,0
Limestone,25.19993282,763.2358988142303,Dome,0.4785086131694892,0.06784785,1165.0,0.17280621233266058,6.85740765925822e-05,19233.49337593092,1.0311554195180581,0.03246578061003153,0.233,655.1381105701547,1
Limestone,18.45193889573434,813.3302469090371,Fault,0.2585303612677231,4.808957519056091,2837.0,0.2084692989689931,0.00011297961701855969,15007.520018018076,1.0775733116567499,1.2432615247227046,0.5674,286.68672784950195,0
Shale,8.134267601417642,284.77640161763554,Dome,0.500169229,1.2237197029941504,2800.0,0.18579003614986395,0.00022840413575462456,2316.4474573266316,1.07652385244407,0.6120669403586932,0.56,101.70585772058413,0
Limestone,0.1187982903642825,384.20822049709165,Fault,0.4785086131694892,2.9026330776229914,2837.0,1.785697452663758,13.245642200357377,45.643279738957766,1.0775733116567499,1.388934928513264,0.5674,135.42764205043764,1
Limestone,7.174276363035696,526.0537946881796,Fault,0.6656648349426617,1.6162573800029556,3465.0,0.2688782518205165,0.0003747810067728481,3774.055304916639,1.0955426143917295,1.0758857020845263,0.693,151.8192769662856,0
Sandstone,14.082955585116128,383.98764562686114,Anticline,0.4814464104827508,3.746637568412278,2741.0,0.1639613060583296,0.00011642535195638591,5407.6809585963965,1.0748525043845978,1.8038052086919127,0.5482,140.09034864168592,0
Limestone,25.71574971178766,604.2700379143639,Fault,0.4785086131694892,2.480208479564591,1344.0,0.15221084023634787,5.9189734673213526e-05,15539.257053338222,1.036027671673556,1.1868011199276598,0.2688,449.60568297199694,1
Shale,14.082955585116128,383.98764562686114,Dome,0.500169229,0.2833365443885993,2800.0,0.1639613060583296,0.00011642535195638591,5407.6809585963965,1.07652385244407,0.14171622095437,0.56,137.13844486673614,0
Sandstone,17.957853222140123,383.9764217606788,Dome,0.4814464104827508,0.043963065,2800.0,0.14519602196771625,8.08537747645164e-05,6895.392222740841,1.07652385244407,0.021165859838069855,0.56,137.1344363430996,1
Sandstone,14.082955585116128,383.98764562686114,None,0.2464342807936556,1.7393028423809667,2772.5,0.1639613060583296,0.00011642535195638591,5407.6809585963965,1.0757445111603952,0.42862384504451445,0.5545,138.49869995558564,0
Sandstone,10.860577352063386,383.9996439418047,None,0.3052290446498356,4.462426012788093,2843.0,0.1867104399789214,0.00017191575910414057,4170.457836194769,1.0777435906092512,1.3620620287038847,0.5686,135.0684642778068,0
Limestone,17.49828591,519.9235745368777,Dome,0.569944716,1.0700142391000749,2198.0,0.17115975210303178,9.781515342895193e-05,9097.771358595483,1.0595917559659878,0.6098489616198483,0.4396,236.54393745990797,0
Sandstone,10.429482887574954,384.00151432589837,Anticline,0.4814464104827508,2.5658539647403695,1305.0,0.1905305971740736,0.0001826846059655173,4004.9372224648255,1.0349641617641296,1.2353211811471856,0.261,294.25403396620567,0
Shale,27.93077978925203,254.20024017649428,None,0.500169229,2.9739728569287847,3590.0,0.09472750440224582,3.391509478682642e-05,7100.010930744638,1.0991549066438262,1.4874897109169978,0.718,70.80786634442738,0
Limestone,15.707594556643588,383.9826040331277,None,0.8614449345657882,3.9322170196089967,2772.5,0.15524963272927098,9.883730584553926e-05,6031.443060956587,1.0757445111603952,3.387388433155551,0.5545,138.49688152682694,1
Sandstone,15.200573725620083,137.78190517166723,Fault,0.012976671,4.804380675599667,2837.0,0.09453567964705177,6.219217863317546e-05,2094.364007618323,1.0775733116567499,0.06234486738601461,0.5674,48.56605751556828,0
Shale,4.937978210987241,384.03604321788447,Fault,0.7005988109481615,2.480208479564591,2837.0,0.2769115411291085,0.0005607791879538205,1896.361613643668,1.0775733116567499,1.7376311116864998,0.5674,135.36695213883837,0
Shale,14.082955585116128,383.98764562686114,Anticline,0.047751941,4.723546118629061,2741.0,0.1639613060583296,0.00011642535195638591,5407.6809585963965,1.0748525043845978,0.22555849556755392,0.5482,140.09034864168592,0
Sandstone,12.567876718122568,301.6513241351766,None,0.5147444939556894,4.390289763959169,2772.5,0.15383363777594344,0.00012240224918352288,3791.1166535893303,1.0757445111603952,2.2598774828680055,0.5545,108.80119896670031,0
Sandstone,11.483861845776746,321.3785857562815,Dome,0.916000543,0.3559914724276619,4962.0,0.1661093719271442,0.00014464591629359582,3690.667279016251,1.1395948943153182,0.3260883820471078,0.9924,64.7679535986057,1
Sandstone,7.2021222146269945,219.57555722514584,None,0.4814464104827508,4.126694877621672,3046.0,0.17337696707880773,0.000240730387394276,1581.4099984803238,1.0835205783074942,1.9867824359885085,0.6092,72.08652568126915,1
Sandstone,4.153064799881829,420.51874666289,None,0.2563127132609458,1.7689381397828374,1110.0,0.3159642705152159,0.00076079783422644,1746.4416044560728,1.029662965637974,0.45340133419850925,0.222,378.8457177143153,0
Sandstone,14.082955585116128,383.98764562686114,Fault,0.4814464104827508,0.9224446776063612,2837.0,0.1639613060583296,0.00011642535195638591,5407.6809585963965,1.0775733116567499,0.44410767890250086,0.5674,135.34989271302823,0
Shale,4.120852379060227,384.04439770039676,Fault,0.500169229,2.480208479564591,2837.0,0.30312854617042895,0.0007355967122499989,1582.590269928432,1.0775733116567499,1.2405239629830838,0.5674,135.36989696876867,0
Sandstone,25.75108220158976,200.86667087994843,None,0.6630288804436608,0.6641305222110766,3442.0,0.08769722401457324,3.4055743105491385e-05,5172.534153389228,1.0948792469175244,0.4403377166100739,0.6884,58.35754528760849,0
Sandstone,10.997285445920163,383.9990662892608,Anticline,0.4814464104827508,0.7628722933680493,3318.0,0.18554616538552787,0.00016871996848491632,4222.947342949819,1.0913097452585303,0.36728212729879134,0.6636,115.73208748922869,1
Shale,2.428491060670682,384.0688203299392,Anticline,0.7006122236383164,1.8985261132194435,2741.0,0.39488071031575667,0.0016260332051899814,932.7076968535915,1.0748525043845978,1.3301306018180845,0.5482,140.11996363733644,0
Shale,24.988121769559832,837.1851085176824,Fault,0.500169229,1.5552588454780043,2214.0,0.18174965226059364,7.273441915190219e-05,20919.68343530201,1.060038314747406,0.7778926176381636,0.4428,378.1323886710399,0
Sandstone,14.13251188451776,383.98748341850444,Anticline,0.4814464104827508,3.349593577353161,2741.0,0.1636735501294112,0.00011581348840662673,5426.70767291808,1.0748525043845978,1.6126498043927555,0.5482,140.09028946315374,0
Sandstone,20.66287622434096,383.9699427742483,Dome,0.3219830872841239,3.978176460867336,2800.0,0.1353576717302531,6.55076622734647e-05,7933.923401411574,1.07652385244407,1.2809055386310944,0.56,137.1321224193744,0
Limestone,25.1564762107438,383.96085662725426,Anticline,0.3881709095177397,2.5658539647403695,2741.0,0.12267278368730002,4.876389787648759e-05,9659.102155600332,1.0748525043845978,0.9959898671829677,0.5482,140.08057520147912,0
Limestone,29.57767976910053,383.95338085528715,None,0.4785086131694892,2.3737783685670526,4188.0,0.1131323594706145,3.824923400137782e-05,11356.450145201177,1.1166015878345974,1.135873395114753,0.8376,91.67941281167316,1
Limestone,14.001842813038513,383.9879123621911,Fault,0.3727527200671731,2.881715064907993,2837.0,0.16443559184877202,0.00011743853580162293,5376.538391002207,1.0775733116567499,1.0741671289030046,0.5674,135.3499867332362,0
Shale,0.5186413429008963,822.3170698910029,None,0.500169229,4.436510529,3423.0,1.2503043273880365,1.1604258322917886,426.4876294185999,1.0943315506780154,2.2190060507403127,0.6846,240.23285711101457,0
Sandstone,14.071201399978886,304.54972728735424,Anticline,0.4814464104827508,2.390639861204308,3179.0,0.14608080922173022,0.00010381544906460468,4285.380548969007,1.0873222811719934,1.1509649799337955,0.6358,95.80048043012087,1
Sandstone,14.082955585116128,383.98764562686114,Anticline,0.132796715,2.5658539647403695,2741.0,0.1639613060583296,0.00011642535195638591,5407.6809585963965,1.0748525043845978,0.3407369776872469,0.5482,140.09034864168592,0
Shale,11.08062390268297,239.04948867162005,Dome,0.7928035347662441,2.638647166213336,3296.0,0.14584496830764612,0.00013162162129907906,2648.8174780988948,1.090677663154515,2.091928800374866,0.6592,72.52715068920511,1
Shale,15.369010406612418,497.1485671771149,None,0.5065986961834594,1.238859144510842,3837.0,0.17858697942285517,0.00011619940041553962,7640.681502577531,1.1063278545239932,0.6276044273641485,0.7674,129.5669969187164,0
Sandstone,11.105549937669899,367.7078757942896,None,0.4814464104827508,4.986706677641488,3690.0,0.18068041499191512,0.00016269380265361666,4083.5981771080037,1.1020533142504383,2.400832030080858,0.738,99.64983083856086,0
Shale,21.731590679941338,526.8723970694081,None,0.938495158,2.139190213476996,788.0,0.15460965571583546,7.114511679927004e-05,11449.7752736719,1.020968568245045,2.007619657389147,0.1576,668.6197932352894,0
Limestone,29.86913500784425,616.6011788978451,Dome,0.099767123,2.638647166213336,4130.0,0.14266600513245642,4.776368820020714e-05,18417.34385849566,1.1148973775391773,0.26325023638520734,0.826,149.29810627066468,0
Sandstone,23.667810718466384,383.9636732481235,Dome,0.7319420550777613,2.178991874271645,4169.0,0.12647237473806058,5.3436448449954344e-05,9087.579541203662,1.1160430253333822,1.594895790452131,0.8338,92.09970574433282,1
Limestone,29.94667351827152,65.85869935686127,Anticline,0.3083234218197314,2.030224662413441,530.0,0.046565248924898425,1.5549389449378186e-05,1972.2489679779228,1.014055256851998,0.6259658149781211,0.106,124.26169689973823,0
Limestone,10.673793834629793,270.8256565313619,Anticline,0.4785086131694892,4.748427462847649,3081.0,0.15816673341958692,0.0001481823013167396,2890.7372229440166,1.0845197358077916,2.2721634399831445,0.6162,87.90186839706651,0
Limestone,18.45273862109965,101.48507094002726,None,0.503062183,2.5091865490000003,4527.0,0.07363771654032819,3.990611803070125e-05,1872.6774880000785,1.1266146413616887,1.2622768628941767,0.9054,22.41773159709018,0
Shale,19.59868622704088,376.7736344452144,Dome,0.500169229,4.682880420368659,2800.0,0.13767542326515303,7.024727151108641e-05,7384.268240113558,1.07652385244407,2.3422326893549883,0.56,134.5620123018623,0
Limestone,11.180378580283932,383.9983037892334,Dome,0.4785086131694892,0.4095266961887694,3945.0,0.18402043217601882,0.0001645923086187172,4293.246410550507,1.109478894618497,0.1959620514491708,0.789,97.33797307711873,0
Limestone,10.20648715366004,743.0338645,Anticline,0.4785086131694892,2.5658539647403695,4430.0,0.2679142447396551,0.0002624940792127301,7583.765592753625,1.1237404139353162,1.2277832222633498,0.886,167.7277346501129,1
Limestone,14.082955585116128,383.98764562686114,None,0.2983909218698807,4.520978180338841,2772.5,0.1639613060583296,0.00011642535195638591,5407.6809585963965,1.0757445111603952,1.3490188469849225,0.5545,138.49869995558564,0
Sandstone,11.42624385229228,838.6624894527029,None,0.4814464104827508,1.3664893336448811,4771.0,0.26901191333670366,0.00023543337321891284,9582.762114257086,1.1338772035177982,0.657891384646294,0.9542,175.78337653588406,0
Shale,16.319193338549024,383.98084018746823,Fault,0.500169229,2.480208479564591,1383.0,0.15231233691345508,9.333325107048307e-05,6266.257569317789,1.0370922744259705,1.2405239629830838,0.2766,277.64341300612307,0
Limestone,16.425536521799835,965.4767785179718,None,0.8406006225041451,3.521801867512435,2772.5,0.2407358570768871,0.00014656194441952291,15858.474086496595,1.0757445111603952,2.960428842167214,0.5545,348.2332835051296,1
Shale,0.3201686354650235,384.16241550572954,Fault,0.9126176982038638,1.651153001679175,1382.0,1.0876713579784654,2.309511368551557,122.99675636941681,1.0370649632587126,1.5068714517748492,0.2764,277.97569862932676,0
Sandstone,23.475004331408808,732.5718880272464,Anticline,0.4814464104827508,2.690663363814446,2762.0,0.17540902395468339,7.472161516068038e-05,17197.128244507938,1.0754470933470779,1.2954102183259086,0.5524,265.2323997202195,1
Sandstone,16.87665603819142,199.452002,Dome,0.6207108637359489,2.638647166213336,1175.0,0.10794577493431695,6.396158971898139e-05,3366.0828338826673,1.031427007092475,1.6378369616346937,0.235,169.74638468085107,0
Shale,14.082955585116128,383.98764562686114,Dome,0.527819191,2.638647166213336,2800.0,0.1639613060583296,0.00011642535195638591,5407.6809585963965,1.07652385244407,1.3927286126051655,0.56,137.13844486673614,0
Limestone,22.976052769875945,383.96504295109673,None,0.1976065813908587,3.4821776827447835,2772.5,0.1283623861193915,5.5867901856357266e-05,8822.001088632083,1.0757445111603952,0.6881012276827388,0.5545,138.49054750264986,0
Sandstone,6.391059595297925,384.02413066480847,None,0.7441995248606165,3.1437492659723114,2772.5,0.24340106367307596,0.0003808461805803731,2454.3211051112685,1.0757445111603952,2.339576710017506,0.5545,138.51185957251883,0
Limestone,1.5872229981199315,962.0319159569558,Anticline,0.5181339133443376,1.9661971586259708,2741.0,0.7730461372065925,0.004870431805248961,1526.9591819322613,1.0748525043845978,1.0187534282053914,0.5482,350.97844434766716,0
Shale,14.082955585116128,128.6150207791464,Dome,0.4305594639799944,4.201648063316591,2800.0,0.09489177914483406,6.738058539723185e-05,1811.2796252115065,1.07652385244407,1.8090593379741728,0.56,45.933935992552286,0
Shale,20.987895990705844,680.9232662490342,Anticline,0.500169229,1.7863946505202204,2741.0,0.1788521986178127,8.521683102346923e-05,14291.146689686433,1.0748525043845978,0.8934996350404232,0.5482,248.42147619446706,0
Limestone,3.3715779687457745,889.2965141410352,Anticline,0.4785086131694892,2.5658539647403695,1749.0,0.5099602664924165,0.0015125269865318332,2998.3325347603295,1.0471366217466471,1.2277832222633498,0.3498,508.4599852150001,0
Limestone,14.082955585116128,776.6269187000811,Anticline,0.070330592,3.294090491040268,2741.0,0.23317874635121064,0.00016557514858432881,10937.202402258836,1.0748525043845978,0.23167533433643275,0.5482,283.33707358631193,1
Limestone,9.078695488,417.4323902539091,None,0.8607197057335678,3.5821591172007032,2772.5,0.21291732226205723,0.00023452413680300898,3789.7415579432195,1.0757445111603952,3.0832349412478064,0.5545,150.56172777417822,0
Shale,14.082955585116128,173.2686382139375,None,0.4641417980634341,2.3924253941903024,2772.5,0.11013940457954631,7.820759208809086e-05,2440.134536260437,1.0757445111603952,1.110424624192107,0.5545,62.495451114134354,0
Shale,10.891797248573772,383.9995113856704,Anticline,0.500169229,2.5658539647403695,2952.0,0.18644262537756706,0.00017117709880431426,4182.444821564118,1.0808416803583345,1.2833611992707838,0.5904,130.0811352932488,0
Shale,1.8427538777949803,384.0815686650123,Fault,0.266716486,1.5597500459290805,2127.0,0.45332295862310107,0.002460029872060519,707.7678000470304,1.057612419846965,0.41601105128854293,0.4254,180.57431531030198,0
Shale,14.175463284587558,964.4248674006028,Dome,0.5950084216966989,4.803394189790293,3225.0,0.25899728847423925,0.00018270816499933176,13671.16929858047,1.0886402580116965,2.858059995654216,0.645,299.0464705118148,0
Shale,4.893440253500363,384.0364616579954,Anticline,0.500169229,0.0111627657205437,501.0,0.27816900227859703,0.0005684528427206563,1879.2594802890835,1.0132811117439264,0.005583271923951972,0.1002,766.5398436287334,0
Limestone,1.800245777670354,384.08264661931906,Anticline,0.9554621436287786,0.1066103674035634,2741.0,0.45864439491550807,0.0025476765484156645,691.4431628528838,1.0748525043845978,0.10186217017246035,0.5482,140.12500788738382,1
Shale,3.7384518956737423,384.0488955545914,None,0.9833675603649452,2.970353271758468,1733.0,0.3182563003801859,0.000851305056910007,1435.7483216174694,1.0466954980181176,2.9209490502711577,0.3466,221.60928768297254,0
Sandstone,14.082955585116128,364.92071629353774,Fault,0.4814464104827508,2.295315843777085,2837.0,0.15983872352004502,0.00011349799589581464,5139.1622396506555,1.0775733116567499,1.105071573910664,0.5674,128.62908575732735,0
Shale,5.316451706363761,961.5059915919592,Fault,0.068506806,4.455145093056261,3590.0,0.4222743566369693,0.0007942785526134083,5111.800169678051,1.0991549066438262,0.3052077605918573,0.718,267.82896701725883,0
Limestone,15.054611266215328,740.1259337433745,Anticline,0.4785086131694892,2.5658539647403695,3198.0,0.22016469915625358,0.00014624402800113095,11142.308220551145,1.0878664693790896,1.2277832222633498,0.6396,231.43400054514524,0
Shale,14.082955585116128,659.6687998560175,None,0.4146501777952039,4.875895681273455,2772.5,0.2149046017870238,0.0001525990765845703,9290.086409259155,1.0757445111603952,2.021791011150905,0.5545,237.93284034482144,0
Limestone,26.14465625272165,383.95907755824817,Anticline,0.066486803,1.595211214550785,2741.0,0.1203318655596447,4.602541505861956e-05,10038.47809787249,1.0748525043845978,0.10606049376522877,0.5482,140.07992614310405,0
Sandstone,6.055255060912743,47.99201436133316,None,0.4814464104827508,2.4443392314482524,2772.5,0.08839911494376766,0.00014598743414524765,290.6038878448597,1.0757445111603952,1.176818348982927,0.5545,17.310014197054343,0
Sandstone,7.908163194206443,976.9544854,Anticline,0.4814464104827508,0.0451227738359155,2741.0,0.3490028730861378,0.00044131976606377944,7725.915503855175,1.0748525043845978,0.0217241974943265,0.5482,356.4226506384531,1
Shale,10.930300679837975,964.3734304427946,None,0.500169229,1.996002587258024,3086.0,0.29494172221260656,0.00026983861730048823,10540.891562386558,1.0846625477870422,0.9983390751508512,0.6172,312.4994913942951,0
Shale,21.68306028032387,383.96771746278955,Dome,0.7361459716682507,1.5166232014029923,2923.0,0.13213464904090885,6.0939114374373376e-05,8325.59516344403,1.080016549485243,1.1164560602514189,0.5846,131.36083389079354,0
Limestone,17.58624498571527,263.1072157036857,Fault,0.1258188499383126,2.480208479564591,2076.0,0.12145334154390064,6.906155443788781e-05,4627.067952874449,1.0561929254314901,0.31205697850606773,0.4152,126.73757981873106,0
Limestone,6.77518896670176,910.4359999623466,Anticline,0.1569783951306561,1.992203474311533,3426.0,0.3639935204974819,0.0005372448241464741,6168.3759418329755,1.094418010813601,0.3127329041711417,0.6852,265.74314067785946,0
Limestone,27.18302786041277,383.9572791723078,Anticline,0.4481308598747677,2.40625641185786,1096.0,0.11801091717542159,4.3413455550801027e-05,10437.121416949127,1.02928341331578,1.078317754925036,0.2192,350.3259846462662,0
Limestone,12.537224513862284,626.2743326910683,None,0.4785086131694892,2.435525839508468,2772.5,0.22192756747470557,0.00017701491046070243,7851.741916217205,1.0757445111603952,1.1654200918016528,0.5545,225.88794686783345,1
Limestone,10.43635158422354,384.00148392296313,Dome,0.4785086131694892,1.8344257581874448,1330.0,0.19046788034981066,0.0001825042772971905,4007.574495083607,1.035645773206034,0.8777885255126631,0.266,288.7229202428294,0
Shale,23.53609556054686,823.9867113584706,None,0.500169229,4.4897378372458165,2772.5,0.1857900889323353,7.893836445997948e-05,19393.429979153705,1.0757445111603952,2.2456287124673677,0.5545,297.1998958912428,0
Limestone,20.84482737984377,202.81581948507,None,0.4785086131694892,0.1125838803516188,3218.0,0.0979448058935012,4.698758311052768e-05,4227.660747067839,1.088439593310411,0.05387235645229282,0.6436,63.025425570251706,1
Sandstone,10.76065032658721,345.9292199241532,Dome,0.4814464104827508,3.888077046792694,2492.0,0.17803443569510521,0.0001654495130793546,3722.423373352898,1.0678273856282026,1.871900737858717,0.4984,138.81589884596838,1
Shale,19.20581605611096,684.3868155289772,None,0.6348213175298393,4.232551351923034,2772.5,0.18744077996130604,9.75958425373264e-05,13144.207290277081,1.0757445111603952,2.6869138257404828,0.5545,246.8482652944913,0
Sandstone,11.326181673757315,383.99770546491317,Dome,0.6736333548384608,2.638647166213336,4437.0,0.18283199618414214,0.0001614242128993592,4349.227774401558,1.1239475866951742,1.7774807428112873,0.8874,86.54444567611294,1
Limestone,4.111584084844663,734.9732975681239,Fault,0.4785086131694892,2.737721604471486,2954.0,0.4198177922175247,0.001021060942824876,3021.904513066899,1.0808986091673298,1.3100233681997997,0.5908,248.80612646178872,1
Limestone,11.039649947851116,895.5008713757999,Fault,0.7425931846422301,1.894049773856001,3464.0,0.2828036452618234,0.0002561708447258072,9886.016147984477,1.0955137639718415,1.4065084534386234,0.6928,258.51641783366046,1
Shale,12.78893152210278,20.07855794760122,None,0.1746383806863545,1.5239151420590635,2772.5,0.039344023995268866,3.076412124599432e-05,256.7833026544445,1.0757445111603952,0.26613407271261075,0.5545,7.242040738539664,0
Limestone,6.112664575498313,595.6049807245323,None,0.4785086131694892,3.972005049459725,4254.0,0.3099513454935154,0.0005070642134297836,3640.733466665204,1.1185440306145529,1.9006386277191816,0.8508,140.01057374812703,1
Limestone,20.47797839343916,766.3556295937851,None,0.4785086131694892,0.6874977707871205,2772.5,0.19208846403434662,9.380245468756277e-05,15693.414024511994,1.0757445111603952,0.32897360485646043,0.5545,276.41321175609926,0
Sandstone,12.212303381369408,836.1484646443813,None,0.383360519,3.5952886050683035,4514.0,0.25981998542989054,0.00021275264568538425,10211.298722103416,1.12622900943153,1.378291705593771,0.9028,185.23448485697415,0
Shale,19.43466914473307,797.2797297561937,None,0.2049610188775588,0.5694053461519683,1700.0,0.2011159124025811,0.00010348306467418556,15494.867763613818,1.0457862671315978,0.11670589990163646,0.34,468.98807632717273,0
Sandstone,10.248965504181264,297.61559540751614,Anticline,0.4814464104827508,2.5658539647403695,642.0,0.16920666855073682,0.00016509633921755877,3050.2519708380005,1.0170506156754275,1.2353211811471856,0.1284,463.5756937811778,0
Limestone,25.37895768,324.9333294293467,None,0.1499166281434496,1.449749884430349,3245.0,0.11235434897004326,4.427067115470412e-05,8246.469216408888,1.0892137896003875,0.21734161432515367,0.649,100.13353757452903,0
Limestone,24.11265708035288,383.9628134314833,Dome,0.4785086131694892,3.108313506018077,2800.0,0.12530018025745548,5.196448480974365e-05,9258.363651880867,1.07652385244407,1.487354785060703,0.56,137.12957622552977,0
Sandstone,14.082955585116128,785.9669711628461,None,0.4814464104827508,2.4443392314482524,2772.5,0.23457671019690252,0.00016656781226010535,11068.73794625461,1.0757445111603952,1.176818348982927,0.5545,283.4867344140112,0
Shale,15.746999601775148,383.9824883357664,Dome,0.8515308052874937,2.638647166213336,2800.0,0.155055240572481,9.846652981117859e-05,6046.572090911944,1.07652385244407,2.2468893463152053,0.56,137.13660297705943,0
Sandstone,15.377517093975314,794.9346113955422,None,0.4814464104827508,4.406085769231054,2257.0,0.2257627268983421,0.00014681351060685384,12224.120575327574,1.061239374237278,2.121294177875421,0.4514,352.20851191650075,0
Sandstone,0.4055181509916017,384.1514981081489,None,0.4814464104827508,2.4443392314482524,1572.0,0.9664419315561991,1.4167853769945693,155.78040521347035,1.0422670203522075,1.176818348982927,0.3144,244.37118200263924,0
Shale,29.86857179,48.56761234298115,Fault,0.500169229,2.480208479564591,2837.0,0.04004015928150449,1.3405448229335805e-05,1450.6452159352225,1.0775733116567499,1.2405239629830838,0.5674,17.119355778280276,0
Shale,25.0924679,453.3153613818894,None,0.1506582319889182,4.619056349789275,2772.5,0.13346216865619173,5.3188139639382285e-05,11374.801154051958,1.0757445111603952,0.6958988631164383,0.5545,163.50418805478427,0
Sandstone,17.824255882693727,383.97676657289503,Dome,0.6533947321528386,4.476597776786127,2800.0,0.14573921218032831,8.176454217190198e-05,6844.10014040464,1.07652385244407,2.9249854053191644,0.56,137.13455949031967,0
Limestone,21.79490239012268,383.9674799014851,Anticline,0.3963434458310367,0.9234902720568576,2741.0,0.13179514298276487,6.047062777509554e-05,8368.533745434259,1.0748525043845978,0.3660193166184565,0.5482,140.08299157296062,0
Shale,14.082955585116128,383.98764562686114,Fault,0.500169229,0.576129107,2837.0,0.1639613060583296,0.00011642535195638591,5407.6809585963965,1.0775733116567499,0.28816205125264854,0.5674,135.34989271302823,0
Shale,10.43140566682799,795.0029570659558,Fault,0.500169229,2.480208479564591,1312.0,0.27412118628162374,0.00026278451345568206,8292.99835148282,1.035154967735943,1.2405239629830838,0.2624,605.9473758124662,0
Sandstone,1.1425890179795783,513.8672656340136,Anticline,0.4814464104827508,2.642464448,2741.0,0.6659016666843679,0.005828006887917328,587.1390944126188,1.0748525043845978,1.2722050233178834,0.5482,187.47437637140226,0
Shale,10.357770321950206,778.9594188,Dome,0.8068680434228418,2.638647166213336,1043.0,0.2723039406502227,0.0002628982224805233,8068.282750050221,1.0278478036311494,2.1290400762857806,0.2086,746.8450803451582,0
Shale,10.802672201930758,383.9998908125254,Fault,0.500169229,4.560373805125683,2640.0,0.18721023977902881,0.0001732999356821813,4148.224946024914,1.0719974039751816,2.280958650061509,0.528,145.45450409565356,0
Shale,10.986575081807722,383.9991112853225,None,0.667292182,3.662251654544681,3281.0,0.18563659492660217,0.00016896675583093334,4218.835067483635,1.0902469079984944,2.44379189759423,0.6562,117.03721770354235,0
Limestone,3.4546736220861107,902.2739838175064,Fault,0.152732394,3.177446516366349,2970.0,0.5074524499920021,0.0014688868052478315,3117.06213178889,1.081354147598078,0.48529901325159264,0.594,303.7959541473085,0
Sandstone,11.362629344618496,779.7968724124082,Fault,0.4814464104827508,4.997590657077265,4559.0,0.2601243287849305,0.0002289296965478586,8860.542825314955,1.1275644518387027,2.4060720829119813,0.9118,171.04559605448742,0
Limestone,25.82396810746485,607.2529479931276,Dome,0.1692159001394912,2.638647166213336,2576.0,0.15226601282907173,5.896305796050635e-05,15681.680762138538,1.0701921581233929,0.44650105538130735,0.5152,235.73484005944394,0
Limestone,19.97573298648832,887.0198176677837,None,0.8994998836588509,3.505414745706967,2772.5,0.2092401137287557,0.00010474715189189136,17718.871031455205,1.0757445111603952,3.1531201559394373,0.5545,319.9350108810762,1
Sandstone,20.90085334310245,383.96941400478374,Dome,0.3732549590164754,3.7970572344344062,2948.0,0.1345847817623793,6.439200330870416e-05,8025.288410350973,1.0807278317351716,1.4172704424220257,0.5896,130.24742673160915,0
Shale,19.974924829555874,20.299085130806105,Dome,0.4691259078935094,3.3535575311137222,2989.0,0.03165375989220661,1.5846747941384073e-05,405.4726995966073,1.0818953488454055,1.5732407214568407,0.5978,6.791263007964572,0
Limestone,17.252112572562446,973.9614705822066,Fault,0.2209132027965997,2.480208479564591,3248.0,0.23592795037812211,0.00013675307843361695,16802.892931822695,1.0892998453957012,0.5479107988238987,0.6496,299.8649847851621,0
Limestone,10.96778482931867,938.8213670365952,Fault,0.7154771286876792,2.480208479564591,3216.0,0.29051039033688025,0.00026487608469515084,10296.790746824185,1.0883822673325765,1.774532441505708,0.6432,291.92206686461293,0
Limestone,25.90670408994929,324.5270356704462,None,0.7070517267140926,1.5314349676316756,1596.0,0.11113452744948117,4.2897980022320436e-05,8407.425882302668,1.0429259758268257,1.0828037382143167,0.3192,203.33774164814923,1
Shale,23.237162495230947,950.7620372473652,Dome,0.500169229,3.55141142245284,2981.0,0.20085100856459484,8.643525585613833e-05,22093.011953813846,1.08166744163006,1.7763067130300305,0.5962,318.940636446617,0
Sandstone,14.082955585116128,65.02050301646214,None,0.4814464104827508,2.4443392314482524,2772.5,0.06746956432444892,4.790866797574478e-05,915.6808561027456,1.0757445111603952,1.176818348982927,0.5545,23.451939771492206,0
Sandstone,0.4054092691854771,384.15151051380883,Fault,0.4814464104827508,2.480208479564591,2837.0,0.9665717183434508,1.4176157973624088,155.73858313390036,1.0775733116567499,1.1940874697352533,0.5674,135.4076526308808,1
Sandstone,4.267657193304463,32.588418199226496,None,0.4814464104827508,2.4443392314482524,2772.5,0.08676938616993739,0.00020331854748331256,139.07619734634304,1.0757445111603952,1.176818348982927,0.5545,11.754163462299909,0
Shale,8.976960129031816,83.65234797917884,None,0.500169229,4.848130095830979,2772.5,0.09585263752467858,0.00010677627631951673,750.9437925089837,1.0757445111603952,2.4248854921234773,0.5545,30.172172400064508,0
Limestone,9.397994297418313,384.0063234820597,Anticline,0.4747550617686376,4.389618061166637,2741.0,0.20071565522895674,0.00021357286339713418,3608.8892382569693,1.0748525043845978,2.0839933937698936,0.5482,140.09716289020784,1
Sandstone,16.68984021771238,225.0341247680805,Fault,0.3784750507273715,2.083934958,2837.0,0.11529958627696106,6.9083696891596e-05,3755.7835859120155,1.0775733116567499,0.7887173889415927,0.5674,79.32115783154053,0
Shale,10.37332982454604,561.9630742,None,0.7228458753432891,3.1685376260298677,1100.0,0.23111303698921876,0.000222795419501985,5829.42831789244,1.0293918425576383,2.2903643538457072,0.22,510.875522,1
Shale,16.120214905295434,894.2132104869287,Fault,0.045962297,3.587733841441669,2837.0,0.23386475477727242,0.00014507545721394115,14414.909124203472,1.0775733116567499,0.16490048837729288,0.5674,315.1967608343069,0
Sandstone,7.672311046449012,384.0156924881114,None,0.6108386565849336,1.874705731763235,842.0,0.22214729698859276,0.0002895441746869863,2946.287839486304,1.0224214944250842,1.1451427306823294,0.1684,456.075644285168,0
Limestone,14.082955585116128,383.98764562686114,Dome,0.1757725100474607,3.886708945221773,2800.0,0.1639613060583296,0.00011642535195638591,5407.6809585963965,1.07652385244407,0.6831765871255494,0.56,137.13844486673614,1
Limestone,9.876918460241836,456.4106336802527,Anticline,0.3504225718160924,2.5658539647403695,1509.0,0.2134503105486571,0.00021611022851699313,4507.930613247162,1.0405392424690805,0.8991331452288375,0.3018,302.45900177617807,0
Limestone,10.819754810339512,447.1527020472782,Anticline,0.4785086131694892,2.5658539647403695,2700.0,0.20185934894421037,0.00018656554837204878,4838.082598932348,1.0736925874932037,1.2277832222633498,0.54,165.61211186936228,0
Limestone,1.9673721793990893,384.07854618681733,Fault,0.052111329,4.004823823839091,2837.0,0.43872906819738083,0.0022300257815548933,755.6254464719926,1.0775733116567499,0.20869669187111692,0.5674,135.38193379866667,0
Shale,12.4843610292182,383.9932095355848,None,0.500169229,2.5005076870000003,4696.0,0.1741438976984875,0.00013948963610626442,4793.9098606104735,1.1316398889472166,1.2506770019153635,0.9392,81.77027460297803,0
Shale,0.154188827566809,913.4995252,None,0.500169229,2.5005076870000003,2204.0,2.416892633358392,13.257995563785261,140.85142077342468,1.0597591934594122,1.2506770019153635,0.4408,414.473468784029,0
Shale,19.003923577073177,383.9738073661525,Anticline,0.500169229,3.030968123671645,2801.0,0.14114282657249985,7.427036106521613e-05,7297.00889078418,1.0765522027635126,1.5159969895404235,0.5602,137.08454386510263,0
Sandstone,11.084220759286055,383.99870267263145,Anticline,0.237657811527138,3.5446139869493343,3617.0,0.18481701141993795,0.00016673884022483346,4256.326391702895,1.0999367246299259,0.842405202846862,0.7234,106.16497170932581,0
Sandstone,22.91889588976854,878.8713887,None,0.4249723732990934,0.4895416014974912,2772.5,0.1944444113729555,8.484021756901452e-05,20142.761858111597,1.0757445111603952,0.20804165621702783,0.5545,316.9959923174031,0
Limestone,13.85775612617205,251.40532406152795,Anticline,0.8564264888586445,4.967170246847806,2741.0,0.13374280463499455,9.65111547766417e-05,3483.9136696659084,1.0748525043845978,4.254016174070992,0.5482,91.72029334605179,1
Shale,10.408903909573095,384.00160553471846,Fault,0.500169229,0.6739654319126015,1230.0,0.19071887158157197,0.00018322666174885847,3997.035813132676,1.0329220178776835,0.3370967704523779,0.246,312.19642726399877,0
Shale,11.218720341798981,383.99814569531827,None,0.9198480247021956,2.593831144422252,4075.0,0.18370566566970314,0.0001637492156616545,4307.967808325156,1.1132837188360292,2.385930454607844,0.815,94.23267379026215,0
Sandstone,21.02597097376286,324.3054954558985,Dome,0.4814464104827508,1.7001206764798988,1312.0,0.12331865285322775,5.8650634021663135e-05,6818.837934087504,1.035154967735943,0.8185169970787534,0.2624,247.18406665845922,0
Limestone,20.00315729351692,383.9714411036861,None,0.4785086131694892,2.435525839508468,500.0,0.1375719315519555,6.877510861574985e-05,7680.641132615402,1.0132544276285351,1.1654200918016528,0.1,767.9428822073722,0
Shale,17.13999014915786,416.6348542316326,None,0.7165485499146202,1.2551892523820551,4789.0,0.15481112385902462,9.032159441855396e-05,7141.117297326004,1.1344148168715893,0.899404038662778,0.9578,86.99829906695189,0
Sandstone,11.09648733201536,383.9986515960756,Anticline,0.5570068206893427,1.3600152796559457,3659.0,0.1847148182323181,0.00016646242428392872,4261.036172946833,1.1011539914205575,0.7575377870100857,0.7318,104.94633823341778,0
Sandstone,25.51130757899117,758.3183208947813,Dome,0.4814464104827508,2.7384269643865435,2923.0,0.17119420634465943,6.710522610986811e-05,19345.69192713089,1.080016549485243,1.318405832373077,0.5846,259.43151587231654,0
Limestone,10.244082198253272,93.46289041516724,None,0.2851957483051497,0.2888959603155466,3635.0,0.09484462520569645,9.258479517263976e-05,957.441531899311,1.1004582455403487,0.08239189958452714,0.727,25.711936840486175,0
Limestone,9.341458197,384.00660212805315,Anticline,0.4785086131694892,3.411228155247091,2587.0,0.20132219475864913,0.00021551474139583856,3587.1816211512196,1.070502218261377,1.6323020537720008,0.5174,148.4370321329931,1
Sandstone,22.440142091142103,383.9661327293267,Fault,0.4814464104827508,4.094535567687299,2837.0,0.12988628838062818,5.7881223680797805e-05,8616.25457663242,1.0775733116567499,1.9712994516570026,0.5674,135.34230973892375,0
Shale,9.17440533850992,384.00743543477785,None,0.500169229,4.708765689557922,3712.0,0.2031470419415745,0.00022142802115888313,3523.0398656803295,1.1026919889030333,2.3551797044878398,0.7424,103.45027894255868,0
Sandstone,14.082955585116128,15.262704704146524,Anticline,0.4814464104827508,2.5658539647403695,2741.0,0.03268876358159236,2.3211578978591807e-05,214.9439924572385,1.0748525043845978,1.2353211811471856,0.5482,5.568297958462796,1
Shale,2.0798499116329427,384.07597825221336,Anticline,0.2883414277946858,4.569990880198577,2254.0,0.42669958722072815,0.0020515883614203464,798.820389428202,1.061155535247716,1.3177176954051506,0.4508,170.3975058794203,0
Sandstone,8.003161908717718,384.01374278722744,None,0.9348617942523624,1.5147904059781814,2772.5,0.21750649497793575,0.00027177570247705394,3073.324158698862,1.0757445111603952,1.4161196768490272,0.5545,138.50811281775563,0
Sandstone,10.846241962621155,185.74109275404464,None,0.7953253540081879,4.413620721372294,2792.8449368095544,0.12994034092421433,0.00011980217790827554,2014.5928344120273,1.0763210258975036,3.5102644626832937,0.5585689873619109,66.50605277292215,0
Limestone,2.1716819479293106,751.6203987649673,Anticline,0.4785086131694892,2.5658539647403695,2741.0,0.5841586561713942,0.0026898904636030473,1632.2804516933093,1.0748525043845978,1.2277832222633498,0.5482,274.213936068941,0
Limestone,9.382233485652003,384.006400992508,Fault,0.2507319775120247,2.480208479564591,4772.0,0.20088419157357107,0.00021411126879412865,3602.8377140966195,1.1339070642411397,0.6218675767233219,0.9544,80.47074622642666,0
Sandstone,12.744855995307017,383.99225590976425,Dome,0.2253287263287753,2.638647166213336,2800.0,0.17235481264258776,0.00013523480587466287,4893.926004883025,1.07652385244407,0.5945630051938833,0.56,137.1400913963444,0
Limestone,25.13619810358088,96.55295095645069,Anticline,0.4878248502545447,2.5658539647403695,3673.0,0.061540727890810575,2.4482910119189238e-05,2426.9741027266737,1.1015600463021675,1.2516873261245005,0.7346,26.28721779375189,0
Shale,27.38793014,674.3843943009421,Fault,0.500169229,3.7976316799421497,4612.0,0.15581303903849897,5.689113351831376e-05,18469.992678620416,1.1291393371878624,1.89945850938264,0.9224,146.22384958823548,0
Limestone,14.082955585116128,212.58748929296613,Dome,0.1577436728855272,3.364001390922396,2800.0,0.12199768640774003,8.662789971210012e-05,2993.860169664192,1.07652385244407,0.5306499349961209,0.56,75.92410331891648,0
Shale,8.140978906170316,816.0394004899447,Fault,0.2594880232378819,0.7253166804632694,2837.0,0.3143742001218911,0.00038616265162364757,6643.35954599251,1.0775733116567499,0.1882109916348762,0.5674,287.64166390198966,0
Shale,10.406437162483076,540.7539484,Anticline,0.2708391648379551,4.602586339236048,1221.0,0.22634893977666565,0.000217508582661404,5627.321984389216,1.032677231548215,1.2465606402132723,0.2442,442.8779266175266,1
Sandstone,25.117890214155263,360.52271515680025,Anticline,0.4814464104827508,0.9399665981484224,3952.0,0.11896093958699337,4.736103971023512e-05,9055.569979017679,1.1096834381249436,0.4525435446522402,0.7904,91.2253833898786,1
Sandstone,11.204843168265272,989.9906343741916,Dome,0.0293176087787859,1.9930047772045216,4028.0,0.2951496686560687,0.00026341258349068316,11092.689796214263,1.111906624935134,0.05843013435233352,0.8056,245.77721806707837,0
Sandstone,1.656675622290854,794.0494495749934,Anticline,0.4814464104827508,2.5658539647403695,807.0,0.6874398147187472,0.004149513673462245,1315.4823660043623,1.0214795474315064,1.2353211811471856,0.1614,983.9522299566213,0
Limestone,1.6131693498595012,427.7053985173428,Anticline,0.4785086131694892,0.9356860429891072,790.0,0.5112838009355489,0.0031694366185427408,689.9612396576208,1.0210223434886057,0.44773383079276474,0.158,541.3992386295479,0
Sandstone,26.474105848294062,383.9584993521874,None,0.4814464104827508,2.4443392314482524,2772.5,0.11958071351116817,4.5168933824019486e-05,10164.957953201956,1.0757445111603952,1.176818348982927,0.5545,138.4881873227006,0
Limestone,8.631553034700879,384.0102521060592,Dome,0.372157428,2.638647166213336,2800.0,0.20943853239136265,0.00024264293059356797,3314.604856922305,1.07652385244407,0.9819921427774437,0.56,137.14651860930687,0
Limestone,11.360235744150856,383.99756682892325,Anticline,0.4785086131694892,2.5658539647403695,4551.0,0.18255772390922334,0.00016069888690753488,4362.302884356891,1.1273269241752228,1.2277832222633498,0.9102,84.37652534144655,1
Limestone,13.363587892028637,980.0061211798222,Anticline,0.8659659535008205,2.5658539647403695,2741.0,0.2688948627386494,0.00020121457269648733,13096.397935112622,1.0748525043845978,2.2219421751202546,0.5482,357.53597999993514,1
Sandstone,14.082955585116128,216.0174993736269,Fault,0.4814464104827508,2.480208479564591,2837.0,0.12297793901895493,8.732395573904016e-05,3042.1648492866384,1.0775733116567499,1.1940874697352533,0.5674,76.14293245457415,0
Sandstone,9.530840926414864,817.5950428138415,Dome,0.4289951106401645,4.347284703290246,2389.0,0.2908259546445734,0.0003051419668945948,7792.368295284074,1.0649348548601352,1.8649638822722936,0.4778,342.23316986766076,0
Sandstone,15.440085721554826,383.9833972265395,Dome,0.084694212,0.4226438782175323,3366.0,0.15658891604722336,0.00010141712868123556,5928.736568831608,1.0926901052702749,0.035795490222257864,0.6732,114.07706394133675,0
Sandstone,7.890775072283521,384.0143958912133,Fault,0.4814464104827508,1.389636560214571,2837.0,0.21905015702573705,0.00027760284004945773,3030.1712224964017,1.0775733116567499,0.6690355337909022,0.5674,135.35932178047702,0
Sandstone,19.74247754247571,383.9720468173254,Dome,0.1440203580516995,4.696180049532559,2800.0,0.1384773124351044,7.014181079207109e-05,7580.5595112294795,1.07652385244407,0.676345532208927,0.56,137.1328738633305,0
Limestone,14.082955585116128,357.0092277277172,Fault,0.4785086131694892,2.0383622907405794,2837.0,0.15809657593915333,0.00011226093484683078,5027.74509756605,1.0775733116567499,0.9753739128792578,0.5674,125.84040455682664,1
Limestone,20.07797387530973,892.1380852943712,Anticline,0.4785086131694892,4.875713496930505,2741.0,0.2093079603072388,0.0001042475508769482,17912.325169709227,1.0748525043845978,2.3330709036279766,0.5482,325.4790533726272,0
Limestone,9.729866374,423.3360183111499,Dome,0.4785086131694892,2.638647166213336,3602.0,0.20711846581314047,0.000212868767002391,4119.002889468706,1.0995023126753796,1.2626153961483462,0.7204,117.52804506139643,0
Limestone,10.794993829860537,383.9999236475593,None,0.4785086131694892,2.435525839508468,2613.0,0.18727681634417773,0.00017348487576356234,4145.27680644232,1.0712354448254298,1.1654200918016528,0.5226,146.95749087162622,0
Shale,27.082913638935263,580.4584494130215,Dome,0.500169229,0.1688278861023262,1972.0,0.14536756785496965,5.367501067019045e-05,15720.506056443135,1.053304171260851,0.08444251362550033,0.3944,294.35012647719145,0
Limestone,14.082955585116128,383.98764562686114,None,0.3281085611065191,0.4162239068430029,2772.5,0.1639613060583296,0.00011642535195638591,5407.6809585963965,1.0757445111603952,0.13656662717239154,0.5545,138.49869995558564,0
Sandstone,13.472501780283402,155.26052939565238,None,0.08051501,1.24154503,2772.5,0.10659480871202569,7.912027806745142e-05,2091.7477586906703,1.0757445111603952,0.0999630105059003,0.5545,56.0001909452308,0
Limestone,14.082955585116128,383.98764562686114,None,0.4785086131694892,2.435525839508468,2772.5,0.1639613060583296,0.00011642535195638591,5407.6809585963965,1.0757445111603952,1.1654200918016528,0.5545,138.49869995558564,0
Limestone,18.669089372220785,383.97462820322403,Fault,0.800509646,4.4508165306938015,3825.0,0.14240306764568272,7.627745778408213e-05,7168.456650591237,1.1059782918490388,3.562921565396643,0.765,100.38552371326118,1
Sandstone,14.082955585116128,383.98764562686114,Anticline,0.612402908,2.5658539647403695,2741.0,0.1639613060583296,0.00011642535195638591,5407.6809585963965,1.0748525043845978,1.5713364295103316,0.5482,140.09034864168592,1
Sandstone,15.590550934511306,383.98294940496237,None,0.031379688,0.1468314973402384,4680.0,0.1558313693240204,9.995244554127428e-05,5986.5057306819435,1.1311631668110618,0.004607526575109511,0.936,82.0476387617441,0
Sandstone,7.3955971691394895,914.5431932300604,Dome,0.4594415118736513,2.638647166213336,2800.0,0.3491766026624757,0.0004721411870829411,6763.5930509080235,1.07652385244407,1.212304043346181,0.56,326.6225690107359,0
Shale,14.082955585116128,383.98764562686114,Anticline,0.500169229,3.5458662657979474,2741.0,0.1639613060583296,0.00011642535195638591,5407.6809585963965,1.0748525043845978,1.7735331963012686,0.5482,140.09034864168592,0
Sandstone,24.44381002570976,383.9621836047596,Fault,0.7370186364578603,4.1159799847010605,2837.0,0.12444843073010664,5.0912043007703386e-05,9385.498673091433,1.0775733116567499,3.03355395601222,0.5674,135.34091773167415,1
Sandstone,14.506495523711072,256.1550104309914,Anticline,0.7167099074051587,2.5658539647403695,597.0,0.13194709148372374,9.095724826720165e-05,3715.91151219334,1.0158460614522082,1.8389729574842297,0.1194,429.0703692311414,1
Limestone,17.848604663424318,685.1696246997369,Fault,0.6070867812025507,0.9840117294700824,2837.0,0.19454790731666102,0.00010899894472722123,12229.321758652413,1.0775733116567499,0.5973805135095474,0.5674,241.51202844544832,0
Shale,14.082955585116128,383.98764562686114,Fault,0.500169229,4.730449253970458,2837.0,0.1639613060583296,0.00011642535195638591,5407.6809585963965,1.0775733116567499,2.3660251561820296,0.5674,135.34989271302823,1
Shale,15.656529844738294,438.5259999986058,Anticline,0.7145834712104601,3.344087969800829,2741.0,0.16618031075776246,0.00010614121545816928,6865.795406671878,1.0748525043845978,2.3896299894934163,0.5482,159.98759576745925,0
Sandstone,6.516926593590324,384.02322998764,Anticline,0.3816110738671604,2.150753764868787,2337.0,0.2410388138751513,0.00036986578015505545,2502.651200062904,1.0634775257570297,0.820751453835416,0.4674,164.32316216843816,0
Sandstone,10.418502374631665,384.0015629705997,Dome,0.222446167759865,1.3996888581513345,1265.0,0.19063098705032555,0.00018297350252038035,4000.7211956714636,1.033874516429208,0.31135542255194565,0.253,303.5585478028456,0
Shale,9.711924768,384.00480609906367,Dome,0.500169229,1.5788377961258526,2800.0,0.19744462852100245,0.0002033012335222843,3729.4257873845336,1.07652385244407,0.789686083204327,0.56,137.14457360680845,0
Shale,25.332070295715965,473.4411304896044,Fault,0.9168305757134468,1.470095355968717,2837.0,0.13574608034608637,5.358665074012647e-05,11993.243998445894,1.0775733116567499,1.3478283715664634,0.5674,166.88090605907803,1
Limestone,26.13794055810472,383.95908942037977,Dome,0.4785086131694892,2.638647166213336,3785.0,0.12034732502824698,4.604315506828647e-05,10035.8998560139,1.104813880431948,1.2626153961483462,0.757,101.44229575175159,0
Shale,14.481851624303502,479.7968042135943,Fault,0.9088182628016864,4.826207544557667,2837.0,0.1807366701864129,0.00012480218336383166,6948.34612843627,1.0775733116567499,4.386145556565292,0.5674,169.121185834894,0
Sandstone,25.73292437358088,265.2076853794598,Fault,0.5981178785355357,1.7196384827603894,4730.0,0.10080408429655177,3.9173194166786544e-05,6824.56931116207,1.1326535906818396,1.0285465211567115,0.946,56.069278092909045,1
Limestone,24.1724067653436,777.5561115855855,None,0.8246156607450085,3.4738469822350253,2772.5,0.17808837486764076,7.367424212096627e-05,18795.40261212567,1.0757445111603952,2.864588624582789,0.5545,280.4530609866855,1
Sandstone,27.528020887857007,366.6304118816459,None,0.4814464104827508,2.8614384697212865,2772.5,0.11459255344969564,4.162760334879142e-05,10092.609636401567,1.0757445111603952,1.3776292800645686,0.5545,132.23820085902466,1
Shale,24.170261371281125,326.5182467341028,Dome,0.500169229,0.8310774726170594,2800.0,0.11540980377157313,4.7748678427078144e-05,7892.031366055724,1.07652385244407,0.41567937871814326,0.56,116.61365954789386,0
Sandstone,5.170476424348899,207.69599195605485,None,0.565449235,4.984532073523976,1421.0,0.1990116153535091,0.00038489995702585566,1073.8872298405402,1.0381306319126535,2.8184998478070957,0.2842,146.16185218582325,0
Limestone,16.534240085842015,696.9873494815862,Fault,0.4785086131694892,2.480208479564591,2837.0,0.2038684289217362,0.00012330075519848368,11524.15617312322,1.0775733116567499,1.1868011199276598,0.5674,245.67759939428487,0
Limestone,10.999312905241304,220.77947276438857,Dome,0.3556333218073557,2.638647166213336,3325.0,0.14067800977598463,0.00012789708865264656,2428.42250398971,1.0915109391009705,0.9383908567980145,0.665,66.39984143289881,0
Shale,11.433166806166223,383.9972713155328,Anticline,0.71380865,0.3074583560145477,4794.0,0.1819744633650466,0.0001591636564481004,4390.304856063155,1.1345641991464706,0.21946643403796368,0.9588,80.09955596903063,1
Shale,11.459391593744817,383.9971655144977,Fault,0.4695770484256961,4.628367469645987,4881.0,0.1817660950170513,0.0001586175788915962,4400.373890518672,1.1371666019296476,2.17337513542587,0.9762,78.67182247787291,0
Sandstone,10.762672860638212,82.40848733196727,None,0.4814464104827508,2.4443392314482524,4468.0,0.08688714946089382,8.073008497606749e-05,886.9355900940119,1.1248655252688702,1.176818348982927,0.8936,18.444155624880768,0
Shale,9.225893865,384.0071769885492,Anticline,0.8731025656089301,2.5658539647403695,2775.0,0.20257931190083145,0.00021957689397376508,3542.809458294625,1.0758153370478865,2.2402536795926618,0.555,138.38096468055826,0
Limestone,15.433573032046183,527.2211045776162,None,0.4785086131694892,4.4463257741247375,3697.0,0.18352397227470257,0.00011891217405952235,8136.905421534698,1.1022564887770394,2.1276051798761837,0.7394,142.60781838723727,1
Sandstone,12.825226727779487,454.9553415301824,Fault,0.15124025,4.564205794779278,4029.0,0.18701718106735504,0.00014581978551870368,5834.905406138941,1.111935907061987,0.6902916254538667,0.8058,112.9201641921525,0
Sandstone,20.00806252671651,592.5311131146675,Fault,0.5523233686554994,2.480208479564591,2837.0,0.1708766455598474,8.540389422098118e-05,11855.3995602232,1.0775733116567499,1.369877102401049,0.5674,208.8583408934323,0
Limestone,14.082955585116128,434.1724273761256,Anticline,0.4785086131694892,4.863735152107712,2741.0,0.1743467528023263,0.00012379983146903366,6114.431011020035,1.0748525043845978,2.327339162458756,0.5482,158.39928032693382,0
Sandstone,18.301300363732544,180.5134015566517,None,0.958577682,3.5098430162173906,4061.0,0.09861509528852466,5.388420130186429e-05,3303.6299815673488,1.1128733423974793,3.364457182669555,0.8122,44.45048056061357,1
Sandstone,14.082955585116128,383.98764562686114,Fault,0.4814464104827508,2.480208479564591,2837.0,0.1639613060583296,0.00011642535195638591,5407.6809585963965,1.0775733116567499,1.1940874697352533,0.5674,135.34989271302823,0
Limestone,1.2320451837121629,470.8136523269735,None,0.4193366573987367,2.25800997219621,526.0,0.6138197447409222,0.00498212040317773,580.0636927753804,1.013948443063354,0.9468663541137732,0.1052,895.0829892147785,0
Shale,10.791595857308089,510.4225629122408,Dome,0.9033968005033816,0.342728995504159,2800.0,0.21594927166192998,0.00020010874621077357,5508.274015400315,1.07652385244407,0.3096202779781951,0.56,182.29377246865744,0
Limestone,10.07530461117948,384.0031097923749,Dome,0.055151124,2.078136192687966,1897.0,0.1938509466524229,0.00019240207034269455,3868.9483027983747,1.0512258397075709,0.1146115468518219,0.3794,202.4265207129019,0
Shale,5.387993443202878,523.6069827933181,Fault,0.4482771458307305,4.740262714604359,2837.0,0.30954146494892143,0.0005745023044514237,2821.19099010564,1.0775733116567499,2.1249514401906726,0.5674,184.56361748090168,0
Limestone,10.250237214553623,801.5708776255838,None,0.4785086131694892,2.435525839508468,646.711429079637,0.2776730017031388,0.0002708942201931577,8216.291639940167,1.01717681317474,1.1654200918016528,0.1293422858159274,1239.4567987863365,0
Shale,25.680032246794585,383.9599055118285,Fault,0.770525279,4.3644392498015785,4181.0,0.1214156876202473,4.728019281806103e-05,9860.102755019958,1.1163957691333057,3.362910770631912,0.8362,91.8344667571941,1
Sandstone,9.497602797259535,384.00583660209566,Fault,0.3537959854689051,2.480208479564591,4632.0,0.1996602264480262,0.00021022170616109227,3647.134907876052,1.1297342050270267,0.8774878031958893,0.9264,82.90281446504656,0
Limestone,16.614703219011766,383.980011494544,Anticline,0.077320245,0.069077382,4273.0,0.15095157984652816,9.085421379889486e-05,6379.713933014575,1.1191038448307409,0.0053410801001985905,0.8546,89.86192639703815,0
Sandstone,14.082955585116128,112.48233084190052,Anticline,0.4814464104827508,2.5658539647403695,2741.0,0.08874111820365407,6.301313503923992e-05,1584.083669356823,1.0748525043845978,1.2353211811471856,0.5482,41.036968566910076,0
Sandstone,10.438000744421249,520.4781259128849,None,0.4814464104827508,2.7939755771530104,1336.0,0.22172886168407277,0.0002124246463601559,5432.75106573367,1.0358094267370896,1.3451495125967887,0.2672,389.5794355635366,1
Shale,22.45082500285859,383.96611075236797,Anticline,0.1903609380056821,2.5658539647403695,4816.0,0.12985537869869182,5.7839913981850456e-05,8620.355959529634,1.135221714882204,0.4884383675135751,0.9632,79.72718246519268,0
Sandstone,17.62043373729084,754.7170035272349,Dome,0.1400680054965923,2.024646099702137,2106.0,0.20550075323871786,0.0001166263874673007,13298.440951058337,1.0570276912486798,0.2835881410217331,0.4212,358.3651488733309,0
Sandstone,1.9275816886383312,889.3488993892987,Anticline,0.5247980137199302,2.5658539647403695,3599.0,0.6744648762038238,0.0034990209762797374,1714.2926532734657,1.0994154508747775,1.3465550641911537,0.7198,247.1100026088632,0
Limestone,14.082955585116128,383.98764562686114,None,0.043167514,1.4499770158665086,2772.5,0.1639613060583296,0.00011642535195638591,5407.6809585963965,1.0757445111603952,0.06259190313209573,0.5545,138.49869995558564,0
Sandstone,3.9740686205356415,384.0460727951405,Dome,0.7826827605564662,2.702765591409129,2488.0,0.30867654556989493,0.0007767267630328192,1526.2254467351145,1.0677149078436774,2.115408034221127,0.4976,154.35935401733943,1
Limestone,14.082955585116128,537.4720765968727,None,0.4785086131694892,2.435525839508468,2772.5,0.19398167110763356,0.00013774215926140335,7569.1953829538925,1.0757445111603952,1.1654200918016528,0.5545,193.85827830365113,0
Sandstone,14.082955585116128,383.98764562686114,Anticline,0.4814464104827508,1.9740160000233309,2741.0,0.1639613060583296,0.00011642535195638591,5407.6809585963965,1.0748525043845978,0.9503829174467503,0.5482,140.09034864168592,0
Shale,4.264225607937532,525.5388063205048,Fault,0.500169229,2.259395283518348,2837.0,0.3485876176559863,0.000817469922339749,2241.0160358768194,1.0775733116567499,1.1300799969636086,0.5674,185.24455633433374,0
Sandstone,5.849902125630592,384.0282166436441,Fault,0.4393163078576527,4.787793142528651,2837.0,0.2544116038537749,0.0004348989066656402,2246.5274808457793,1.0775733116567499,2.103355606161875,0.5674,135.3641933886655,0
Shale,11.102040954571285,383.99862849001687,Fault,0.9004116380886182,2.480208479564591,3678.0,0.1846686065460193,0.00016633752956025772,4263.168499995371,1.1017051021875346,2.2332085798860346,0.7356,104.40419480424602,0
Limestone,6.297541372441545,705.5783404152731,Anticline,0.4785086131694892,4.611088012,2289.0,0.33236612493302725,0.0005277712448027468,4443.408790263827,1.062134069050628,2.206445329824577,0.4578,308.24741826792183,1
Sandstone,8.374323996669133,29.455326738722245,None,0.048744855,3.628479932329536,2907.0,0.058889340494582346,7.032130655322799e-05,246.66844953781165,1.0795615745399605,0.176869728171813,0.5814,10.132551337709751,0
Shale,25.90439684738439,451.4564308507653,None,0.2511002237065345,1.7533006711196035,2772.5,0.13108434478111514,5.060312562125952e-05,11694.706544061974,1.0757445111603952,0.4402541907429495,0.5545,162.8336991346313,0
Shale,1.098890927964582,194.1852312691761,Dome,0.500169229,2.638647166213336,2966.0,0.41740769620777624,0.0037984451921986343,213.3883889864019,1.0812402449950487,1.3197701187279594,0.5932,65.47040838475256,0
Shale,10.57078143361628,331.050553395308,Fault,0.500169229,2.480208479564591,1816.0,0.17572083590934295,0.00016623258839742048,3499.463043419517,1.0489858474832148,1.2405239629830838,0.3632,182.29656023970705,0
Shale,1.2086683720362634,384.1010489463654,Dome,0.83673757,3.596612769023601,1768.0,0.5597560751464048,0.004631179967118479,464.25078952742456,1.0476606976445113,3.0094210285837795,0.3536,217.25172451717498,0
Sandstone,17.940273519862487,383.9764669866963,Dome,0.4814464104827508,3.790915551350835,2800.0,0.14526715200929444,8.097265175386686e-05,6888.64284293178,1.07652385244407,1.8251226846410975,0.56,137.1344524952487,0
Shale,11.353954941658172,219.75115697869552,None,0.7487236352966626,1.402790585864198,4530.0,0.13814069925221412,0.00012166747178586175,2495.0447347133604,1.1267036520957614,1.0503024670081775,0.906,48.51018917851998,0
Shale,20.44380346275816,225.6137361432565,None,0.7721756842822425,2.914901011482576,2772.5,0.10431135050857343,5.102345593303818e-05,4612.4028802113135,1.0757445111603952,2.250815683156559,0.5545,81.37555857286077,0
Shale,10.772842509654692,174.21589156048844,None,0.2228005374084801,1.822777444105292,2535.0,0.12627238300990512,0.00011721361645892342,1876.800362460222,1.0690372704004902,0.40611579412271487,0.507,68.72421757810194,0
Shale,18.78967054968585,383.97433091754755,Anticline,0.500169229,1.9125711223614883,2863.0,0.1419453472237103,7.554435126915171e-05,7214.751177476773,1.0783113814742082,0.9566092236792103,0.5726,134.11607786152553,0
Limestone,26.83213165945521,318.93674228214144,Anticline,0.4785086131694892,1.5995149675286369,2741.0,0.10825658847149652,4.034587704229181e-05,8557.752659952155,1.0748525043845978,0.7653816888559686,0.5482,116.35780455386407,0
Sandstone,27.841552506865444,55.21691420398422,None,0.080063663,1.2094815202972398,3596.0,0.044220025621329394,1.5882744186203405e-05,1537.324616077311,1.099328595936346,0.09683552084580585,0.7192,15.355092937704176,0
Shale,7.526204151483316,47.49497969784901,None,0.1400004827007425,1.4200014481022274,611.0,0.07887974609196954,0.000104806811646776,357.456913376567,1.016220658697853,0.1988008881700652,0.1222,77.7331909948429,0
Shale,3.349077881881848,384.0539753118304,Dome,0.0282310529490681,2.1923456764746407,2800.0,0.3362506689040895,0.001004009702859314,1286.2266741656485,1.07652385244407,0.06189222687521611,0.56,137.16213403993945,0
Shale,4.148495202142431,220.04643589098748,None,0.500169229,2.694752554206594,2772.5,0.22868702318566722,0.0005512529532818673,912.8615835423036,1.0757445111603952,1.347832307383293,0.5545,79.3675151996348,0
Limestone,11.409105028608133,505.7212513238723,None,0.4785086131694892,2.435525839508468,4714.0,0.20905447138327726,0.00018323476807258484,5769.826871553189,1.1321764415069588,1.1654200918016528,0.9428,107.28070668728729,0
Sandstone,21.687920167158108,447.8442483327554,Dome,0.4814464104827508,2.897432407281828,2800.0,0.14268693053695622,6.57909700133562e-05,9712.810305161729,1.07652385244407,1.3949584321022317,0.56,159.9443744045555,0
Limestone,11.178317745851658,370.7191907899009,Fault,0.614332477,0.072443403,3938.0,0.18082728309161422,0.0001617660968339537,4144.016909134515,1.109274388814736,0.04450433520729924,0.7876,94.13895144487071,1
Sandstone,26.50694185110571,564.5628168182344,Fault,0.8103325075758355,3.188376787384076,2999.0,0.1449125407629524,5.46696565665524e-05,14964.833756697386,1.0821803003939345,2.583645357217525,0.5998,188.25035572465302,1
Sandstone,25.32557687472245,383.9605472839608,Fault,0.8599387467334852,2.480208479564591,1396.0,0.12226250108310231,4.827629462811288e-05,9724.022357100454,1.0374473850581691,2.132827371554537,0.2792,275.04337197991464,1
Sandstone,11.459089817935464,383.99716673060135,Dome,0.6342974105203304,2.550524703,4880.0,0.18176848869956194,0.00015862384498903457,4400.258023398701,1.1371366553684483,1.6177912145810347,0.976,78.68794400217242,1
Sandstone,20.85359447837302,321.5605176376067,None,0.4814464104827508,2.4443392314482524,2772.5,0.12330212054925167,5.912751428878442e-05,6705.692635070365,1.0757445111603952,1.176818348982927,0.5545,115.98215243917285,1
Sandstone,22.94636490265406,219.2047055343965,Dome,0.6076463832614718,2.638647166213336,4821.0,0.09705046857676851,4.2294484982038834e-05,5029.951161571094,1.135371203411216,1.6033644072526654,0.9642,45.46872133051162,1
Limestone,21.330028858494337,768.4385610396832,None,0.4785086131694892,3.979679190271773,3998.0,0.18846838175836508,8.835824039839993e-05,16390.816682956305,1.111028519611984,1.904310770196422,0.7996,192.20574313148654,0
Limestone,1.7753121559062546,447.1552992055492,Dome,0.448554856,2.638647166213336,3433.0,0.498335097774912,0.0028070280266882064,793.8402382575099,1.094619777695816,1.183577999675631,0.6866,130.25205336602076,0
Shale,17.493834703586078,383.97763061074494,None,0.500169229,2.5005076870000003,2720.0,0.14710929051762836,8.409207758632375e-05,6717.241199779006,1.0742582441561268,1.2506770019153635,0.544,141.16824654806797,0
Limestone,10.872023787059293,329.7483395,Anticline,0.5798955982277842,1.6354888804889596,2883.0,0.17292817562740337,0.00015905794451373038,3585.031790787303,1.0788794714701173,0.9484128027460343,0.5766,114.3768087062088,0
Sandstone,6.483779950462867,384.0234654791028,Dome,0.1740673836633701,0.0598113147937173,2800.0,0.24165422673721543,0.00037270578055315426,2489.9236459806757,1.07652385244407,0.010411199079608593,0.56,137.15123767110816,0
Limestone,24.984957056072272,383.9611725265867,Fault,0.1730845728204018,2.480208479564591,3112.0,0.12309318215403427,4.926691764079621e-05,9593.253406775926,1.0854054732845362,0.42928582519097547,0.6224,123.3808395008312,0
Limestone,5.769296881008824,627.8786480475645,Dome,0.4785086131694892,0.5951328897153568,2800.0,0.3275714637922381,0.0005677840307898296,3622.418325832851,1.07652385244407,0.284776213709246,0.56,224.24237430270162,0
Limestone,6.124996775,384.0260944127175,Anticline,0.4785086131694892,2.5658539647403695,2741.0,0.24863203445395118,0.00040593006590432235,2352.1585897937402,1.0748525043845978,1.2277832222633498,0.5482,140.10437592583637,0
Sandstone,4.0060269948224825,384.04570287666314,None,0.5725531936410988,2.7176595809232964,2772.5,0.3074426871772636,0.0007674503631019271,1538.4974529694869,1.0757445111603952,1.5560046722869636,0.5545,138.51964035226806,0
Shale,0.1413727656672347,262.02607297650104,Fault,0.500169229,4.517717962676069,2837.0,1.3518204903698972,8.210279281744855,37.04335061361262,1.0775733116567499,2.2596235102311404,0.5674,92.36026541293656,0
Sandstone,26.35247589134885,383.95871197860237,Dome,0.4814464104827508,1.417730122629074,2572.0,0.1198563916325758,4.548202306559096e-05,10118.262700689475,1.070079431249572,0.6825610785730377,0.5144,149.28410263553747,1
Sandstone,12.04492831694629,383.9948642473845,None,0.264067136,1.3485038262284188,2772.5,0.17729245188196538,0.00014719261685644777,4625.190613935268,1.0757445111603952,0.3560955432771802,0.5545,138.50130360590964,0
Shale,23.22753443102013,383.9645402957381,None,0.3166730049572162,1.8588056061141465,3840.0,0.12766552956238067,5.496301380652985e-05,8918.549580010073,1.1064152624546566,0.5886335569194863,0.768,99.99076570201514,0
Shale,0.475555267,384.1441381426934,None,0.5247539386260373,2.1782889870325257,3752.0,0.8924343032367101,0.9841810244970275,182.68176818093346,1.1038541639663222,1.1430657254110388,0.7504,102.38383212758353,0
Sandstone,17.988827053797642,383.9763421841915,None,0.1765012225180556,0.8524243194803555,783.0,0.14507095112443602,8.064503076859028e-05,6907.284012301245,1.0208341425268517,0.15045393449240435,0.1566,490.3912416145485,0
Sandstone,18.555811761545566,383.97490923702355,Anticline,0.4814464104827508,2.821892304443816,2934.0,0.14283712236053553,7.697702703394864e-05,7124.966136958753,1.080329455983218,1.358589920743373,0.5868,130.87079387764948,1
Limestone,23.30409996419664,859.4734869040279,Anticline,0.15766059505334,2.5658539647403695,2741.0,0.190690792141858,8.182714304986105e-05,20029.25605538812,1.0748525043845978,0.40453406290093835,0.5482,313.5620163823524,0
Shale,25.542172436744217,933.4421236428268,Anticline,0.5938762253652211,2.5658539647403695,853.0,0.1898210754296807,7.431673084964758e-05,23842.1396818058,1.022717714264889,1.5237996674183978,0.1706,1094.3049515156235,0
Limestone,11.378200045484906,535.3691822962617,Anticline,0.3945716984632386,4.642249184721258,4611.0,0.21538703090995379,0.00018929798214913933,6091.537654354542,1.1291096020195888,1.8317001455050514,0.9222,116.10695777407541,0
Sandstone,10.75668375698524,384.000087822771,Fault,0.9882360298548316,4.246881376942287,2478.0,0.1876100544823219,0.00017441254081722963,4130.567507364106,1.0674337652131316,4.196921191213867,0.4956,154.96371582839828,1
Sandstone,20.72854098803868,383.9697962654859,Dome,0.5556965087937408,1.6939325269177397,2800.0,0.13514307995761704,6.51966194994625e-05,7959.133660057986,1.07652385244407,0.9413123913403473,0.56,137.1320700948164,1
Sandstone,14.082955585116128,572.3107056778439,Dome,0.4382092811112116,2.638647166213336,2800.0,0.20016985668388643,0.0001421362550453828,8059.826248947544,1.07652385244407,1.1562796778124818,0.56,204.39668059922997,0
Shale,13.908662230303497,321.7005047481922,None,0.3491192701442519,3.2376833413559654,2398.0,0.1510124797120757,0.00010857441011333016,4474.423659860751,1.06518728755283,1.1303376450923974,0.4796,134.1536717048341,0
Shale,12.308784088318395,423.6131429031028,Anticline,0.2349282632907515,2.0481408311994205,2741.0,0.18420727761880756,0.00014965513758067198,5214.162712968258,1.0748525043845978,0.4811661684485561,0.5482,154.54693283586386,0
Limestone,11.116083542799808,959.6665276359414,Anticline,0.7970839554491036,2.5658539647403695,3726.0,0.2917520529306057,0.0002624593921116952,10667.733294429725,1.103098610927287,2.0452010273200187,0.7452,257.5594545453412,1
Limestone,4.483087755548826,384.04050659038705,Dome,0.8545050923182005,4.493685309489611,2637.0,0.2906227078375512,0.0006482645972696841,1721.6872927301326,1.071912715090332,3.8398769802343615,0.5274,145.63538361410204,1
Shale,0.1465339806075583,849.8137142582692,None,0.051515593,1.154546779,2772.5,2.3912354588173406,13.927405779909778,124.5265863251583,1.0757445111603952,0.05947716196642494,0.5545,306.5153162338212,0
Sandstone,19.90087602044044,604.0284677931735,Anticline,0.4814464104827508,4.555664053952283,2741.0,0.17299050030107807,8.692607306502356e-05,12020.695650368547,1.0748525043845978,2.1933081061406234,0.5482,220.36791966186556,1
Limestone,5.502160458,63.95376209649545,Anticline,0.89249246,3.412683876846352,2741.0,0.10705231686086261,0.00019456414926106216,351.88386094767645,1.0748525043845978,3.0457946284489377,0.5482,23.332273657969882,1
Sandstone,24.171143774436107,383.96270156784556,Dome,0.589431483,1.3094986780003697,4654.0,0.12514847636705645,5.177598442793428e-05,9280.8176636173,1.1303889216288376,0.7718597477602974,0.9308,82.50165482764193,0
Shale,14.082955585116128,383.98764562686114,Dome,0.500169229,2.638647166213336,2800.0,0.1639613060583296,0.00011642535195638591,5407.6809585963965,1.07652385244407,1.3197701187279594,0.56,137.13844486673614,0
Shale,10.54270256486373,299.6487803517005,Fault,0.500169229,2.480208479564591,1715.0,0.1674017247140346,0.000158784451789377,3159.107965172161,1.0461994559453955,1.2405239629830838,0.343,174.72232090478164,1
Shale,28.639204821486945,163.29775362299625,Anticline,0.6059057453155382,4.892096995533231,1199.0,0.07497893641116748,2.618052312503926e-05,4676.717812897702,1.0320791091543469,2.964149676234468,0.2398,136.19495715012198,0
Limestone,14.082955585116128,588.9975113,Fault,0.1579414856036813,0.2547554289683174,2837.0,0.20306705625566313,0.00014419349335325523,8294.825791381836,1.0775733116567499,0.04023645091685915,0.5674,207.61279918928446,1
Shale,10.73883583598294,579.9146886074709,Fault,0.6162935561852966,2.3522315693681555,2837.0,0.23074542601856085,0.0002148700562545106,6227.608639830796,1.0775733116567499,1.4496651588572216,0.5674,204.4112402564226,0
Shale,10.228434049278292,636.8937791045696,Dome,0.042753537749293,2.638647166213336,4242.0,0.2477756230592217,0.0002422419911645268,6514.4260159667065,1.118190608035706,0.11281150122776686,0.8484,150.1399762151272,0
Limestone,10.817475569383188,383.9998275746902,Fault,0.6570008866315482,1.4223057932790897,2692.0,0.18708208492437106,0.0001729443100882718,4153.908753436567,1.0734664082347258,0.9344561672455495,0.5384,142.64480964884478,1
Limestone,11.46161647533171,620.3463251713711,Anticline,0.4785086131694892,4.107255515,2741.0,0.23100629724100083,0.0002015477465488264,7110.171660995668,1.0748525043845978,1.9653571404153864,0.5482,226.32116934380556,1
Sandstone,7.983238685078975,436.8136617981066,Anticline,0.1006443943119624,1.87579332292182,2672.0,0.23226736737591755,0.0002909437842689528,3487.1877230376485,1.0729011685174183,0.18878808283988988,0.5344,163.47816684060874,0
Shale,10.898970418333464,99.33627433594476,Anticline,0.945117528887336,2.5658539647403695,2977.0,0.09479618174023234,8.697718968093814e-05,1082.6631154549198,1.081553506026736,2.425033558641192,0.5954,33.36791210478494,0
Sandstone,10.47186601757152,643.8806362,Dome,0.4814464104827508,0.4706575011835529,1459.0,0.24621827925114625,0.00023512359577366476,6742.631753595111,1.0391700290235788,0.22659636451160256,0.2918,441.3164058944482,1
Limestone,3.3446306351634583,384.0540366824898,Fault,0.4983579342944377,0.6410447599415542,3351.0,0.3364741723214978,0.0010060129473909865,1284.5188966464461,1.0922585553149777,0.3194697423547466,0.6702,114.60878444717692,0
Limestone,8.168569821244025,846.2203536553466,Anticline,0.3091925993094502,4.844764943266464,4820.0,0.319593817074967,0.0003912481916281089,6912.410042991511,1.135341304130698,1.4979654658518589,0.964,175.56438872517563,1
Limestone,8.864037738802779,795.4213699438524,Fault,0.5141705467076019,4.035395781,4839.0,0.29744897533939585,0.0003355682637014255,7050.645041432514,1.1359095251259221,2.07488165489832,0.9678,164.37722048850017,0
Limestone,21.20513567341624,367.6262738148654,None,0.4785086131694892,2.745640904846676,3751.0,0.13074117733372304,6.16554307160724e-05,7795.565013356689,1.1038250946670478,1.3138128216396046,0.7502,98.00753767391772,0
Sandstone,24.3918839164236,383.96228179788693,Fault,0.6989423919685712,3.4585170893767296,2837.0,0.12458084084710623,5.107471045449801e-05,9365.563405899184,1.0775733116567499,2.417304207113152,0.5674,135.34095234328055,1
Shale,27.276971293845044,383.95711987220926,Dome,0.500169229,0.041466547,2800.0,0.11780749932118006,4.318936221037228e-05,10473.187336821673,1.07652385244407,0.020740290842282266,0.56,137.1275428115033,0
Limestone,14.082955585116128,383.98764562686114,Fault,0.2086055520348674,0.3810948419429033,2837.0,0.1639613060583296,0.00011642535195638591,5407.6809585963965,1.0775733116567499,0.07949849988113987,0.5674,135.34989271302823,0
Limestone,10.696796960392328,384.0003456388007,Fault,0.1194814283730788,3.2449109911892204,2266.0,0.18813455890726752,0.00017587933995932113,4107.573730018727,1.0614909309513907,0.387706600170791,0.4532,169.46175888737895,0
Shale,5.415546851772708,225.68106458127056,Anticline,0.091349227,1.0823543164481015,3280.0,0.2027010742250072,0.0003742947476461323,1222.1863787978132,1.0902181970376754,0.09887223014764747,0.656,68.80520261624103,0
Limestone,7.642461220101565,991.44025986653,Dome,0.8244615590929387,2.1150847621940656,4716.0,0.3576401772881818,0.0004679646608444667,7577.043738077374,1.13223607415951,1.7438060806522369,0.9432,210.2290627367536,1
Limestone,10.756400486541063,384.00008903888397,None,0.4785086131694892,3.109197932470096,2477.0,0.18761252512408927,0.00017441943088567527,4130.458744569663,1.0674056550219582,1.4877779907357087,0.4954,155.02627736733305,0
Limestone,6.196032119160192,466.83668699191566,None,0.4785086131694892,2.435525839508468,3820.0,0.2725557239186795,0.0004398875258826476,2892.535107004242,1.1058326733346087,1.1654200918016528,0.764,122.2085568041664,0
Shale,10.392469966977496,710.7142916703932,Fault,0.1038913544143139,2.480208479564591,1170.0,0.25966761160514434,0.00024986130576296967,7386.076931286246,1.0312912043650406,0.2576722181718315,0.234,607.4481125387977,0
Sandstone,0.5559370078299986,255.35471996601052,None,0.4169886032835049,3.694217546272632,2772.5,0.672959301616715,0.5375362979539849,141.9611389531711,1.0757445111603952,1.5404466148456415,0.5545,92.10269430694699,0
Sandstone,10.633882563828067,384.0006180483786,Anticline,0.5910475548566881,0.094994728,2042.0,0.18869034556313888,0.00017744257041636227,4083.4174767638547,1.0552476544241718,0.05614640170867617,0.4084,188.05123312849102,0
Limestone,10.792719804941159,425.2065286305006,Anticline,0.0311623532005033,4.101806741979125,2605.0,0.19708980461834344,0.0001826136582625921,4589.134922740684,1.071009783177591,0.1278219504537592,0.521,163.22707433032653,0
Limestone,25.888921394264266,383.95953143604186,Fault,0.4271956027974696,2.480208479564591,2837.0,0.12092480511488883,4.670909354364988e-05,9940.298127926228,1.0775733116567499,1.059534156490991,0.5674,135.33998288193226,1
Shale,11.134541398600295,383.99849350201737,Anticline,0.03976637,1.353240066090104,3789.0,0.18439886398032443,0.00016560975201323057,4275.647122898358,1.1049302663854181,0.053813445166963535,0.7578,101.3456039857528,0
Limestone,1.873425935925224,876.9561959174257,Fault,0.3861958209102295,2.480208479564591,4916.0,0.6793605660010207,0.00362630063443371,1642.9124821020275,1.13821522856596,0.9578461497939594,0.9832,178.388160276124,0
Sandstone,15.681920341705638,383.9826795716105,Dome,0.036296278,0.6609196516904825,3907.0,0.15537668227439055,9.908013743774129e-05,6021.5857936366765,1.1083691732779164,0.023988923413420925,0.7814,98.28069607668556,0
Sandstone,19.545470499866774,987.22724037631,Anticline,0.035071279,2.593987437480739,3911.0,0.22315938124702633,0.00011417447395218624,19295.82090344005,1.108485933761572,0.09097445714238205,0.7822,252.42322689243414,0
Shale,16.63070043649107,383.9799670554226,Anticline,0.6053856080126564,2.5658539647403695,2741.0,0.1508789528202161,9.072314987356612e-05,6385.855805712444,1.0748525043845978,1.5533310625160337,0.5482,140.08754726575066,0
Shale,18.11390975787288,739.868361,Anticline,0.3190440313536626,3.757536802854549,3544.0,0.20067846765237415,0.0001107869423745765,13401.908723859315,1.0978242001045986,1.1988196895424679,0.7088,208.76646755079008,0
Shale,18.41938368820181,179.48414253376384,Fault,0.3539108246830671,3.4651483444918463,2491.0,0.09801784343826014,5.321450766077675e-05,3305.987287277298,1.0677992650712853,1.2263535082482742,0.4982,72.05304798625606,0
Shale,12.34123714237768,873.9479993410911,Fault,0.500169229,2.480208479564591,2837.0,0.26423667484135993,0.00021410874111965384,10785.599509974938,1.0775733116567499,1.2405239629830838,0.5674,308.0535774906912,0
Limestone,28.20662416713855,383.95557240050573,Dome,0.32464739,0.8630161462056485,2455.0,0.11584961092936916,4.107177457426365e-05,10830.09052757962,1.0667874180684302,0.28017593939352214,0.491,156.3973818331999,0
Limestone,17.284779894778985,50.00930904123458,Dome,0.2347375812130953,1.762016491004735,2800.0,0.05341007014451992,3.090005801037298e-05,864.3998994677204,1.07652385244407,0.4136114891560371,0.56,17.860467514726636,0
Limestone,22.057536489203805,383.9669268052742,Dome,0.4359491504351223,2.638647166213336,2800.0,0.13100807153882046,5.9393791143876457e-05,8469.364498654782,1.07652385244407,1.1503159904087468,0.56,137.13104528759794,0
Limestone,23.195505037762747,383.96460401201097,Fault,0.7327402143357924,2.480208479564591,2705.0,0.12775365289864948,5.50769007575666e-05,8906.252906683178,1.0738339737294,1.8173484929136081,0.541,141.9462491726473,1
Sandstone,4.215219093257798,445.6659237,Fault,0.4814464104827508,4.945927642637952,2837.0,0.3228674665770551,0.0007659565480083312,1878.579510794613,1.0775733116567499,2.3811991100554555,0.5674,157.09056175537538,0
Sandstone,11.482047443925689,735.2881749799924,Dome,0.4814464104827508,2.638647166213336,4956.0,0.2512747041763695,0.0002188413742440165,8442.613710077807,1.139414843117083,1.270367206703893,0.9912,148.3632314326054,0
Limestone,14.082955585116128,659.7195496728634,Anticline,0.4785086131694892,4.5535707132902905,2741.0,0.2149128681772393,0.00015260494636820025,9290.80111667575,1.0748525043845978,2.1789228069857387,0.5482,240.68571677229602,1
Sandstone,0.4722873898703095,746.1463728004168,Anticline,0.6191600246627044,2.5658539647403695,4299.0,1.2480686924081796,1.3945356183927087,352.39552287110774,1.1198703604464637,1.588674204089545,0.8598,173.56277571537956,1
Shale,5.103462519278445,817.1407297,Fault,0.150019361789862,2.480208479564591,2680.0,0.39732474407318874,0.0007785395553945691,4170.247086999789,1.0731272286799476,0.37207929321008393,0.536,304.90325735074623,0
Sandstone,10.667259624101497,384.0004733307662,Fault,0.9566118541638586,2.480208479564591,2161.0,0.18839487977365824,0.000176610382059138,4096.232744797147,1.058559809166685,2.372596832349208,0.4322,177.69573037055355,1
Shale,1.244975015492383,913.5974559,Anticline,0.1486888723949803,2.5658539647403695,3800.0,0.8506027272625738,0.006832287529289602,1137.4060068129043,1.1052503909801072,0.38151393274743506,0.76,240.42038313157897,1
Limestone,17.306498249308373,287.6166453631901,Anticline,0.9511270322673776,3.3285812466998363,2741.0,0.1280065093893611,7.396441934432153e-05,4977.636969449997,1.0748525043845978,3.1659036028344634,0.5482,104.93128251119668,0
Sandstone,20.66431510769961,288.83700372583706,Anticline,0.4814464104827508,1.5501266547954566,2741.0,0.11739390676378465,5.680996740126324e-05,5968.618859754503,1.0748525043845978,0.7463029137449068,0.5482,105.37650628450822,1
